  0
SECTION
  2
HEADER
  9
$ANGBASE
  50
0.0
  9
$ANGDIR
  70
1
  9
$MEASUREMENT
  70
1
  0
ENDSEC
  0
SECTION
  2
TABLES
  0
TABLE
  2
LTYPE
  70
4
  0
LTYPE
  5
40F
  2
CONTINUOUS
  70
0
  3
Solid line
  72
65
  73
0
  40
0.0
  0
LTYPE
  5
410
  2
DASHDOT
 70
0
  3
Dash Dot ____ _ ____ _
 72
65
 73
4
 40
2.0
 49
1.25
 49
-0.25
 49
0.25
 49
-0.25
  0
LTYPE
  5
411
  2
DASHED
 70
0
  3
Dashed __ __ __ __ __
 72
65
 73
2
 40
0.75
 49
0.5
 49
-0.25
  0
LTYPE
  5
43B
  2
DOTTED
 70
0
  3
Dotted .  .  .  .
 72
65
 73
2
 40
0.2
 49
0.0
 49
-0.2
  0
ENDTAB
  0
TABLE
  2
STYLE
  70
4
  0
STYLE
  2
KICAD
  70
0
  40
0
  41
1
  42
1
  50
0
  71
0
  3
isocp.shx
  0
STYLE
  2
KICADB
  70
0
  40
0
  41
1
  42
1
  50
0
  71
0
  3
isocp.shx
  0
STYLE
  2
KICADI
  70
0
  40
0
  41
1
  42
1
  50
15
  71
0
  3
isocp.shx
  0
STYLE
  2
KICADBI
  70
0
  40
0
  41
1
  42
1
  50
15
  71
0
  3
isocp.shx
  0
ENDTAB
  0
TABLE
  2
LAYER
  70
1
  0
LAYER
  2
BLACK
  70
0
  62
7
  6
CONTINUOUS
  0
ENDTAB
  0
ENDSEC
  0
SECTION
  2
ENTITIES
0
LINE
8
BLACK
6
CONTINUOUS
10
199.9829609999999889
20
-98.1745669999999961
11
200.0154330000000016
21
-98.2070389999999946
0
LINE
8
BLACK
6
CONTINUOUS
10
200.0154330000000016
20
-98.2070389999999946
11
200.0154330000000016
21
-98.2529609999999991
0
LINE
8
BLACK
6
CONTINUOUS
10
200.0154330000000016
20
-98.2529609999999991
11
199.9829609999999889
21
-98.2854329999999976
0
LINE
8
BLACK
6
CONTINUOUS
10
199.9829609999999889
20
-98.2854329999999976
11
199.9599999999999795
21
-98.289999999999992
0
LINE
8
BLACK
6
CONTINUOUS
10
199.9599999999999795
20
-98.289999999999992
11
196.9099999999999966
21
-98.289999999999992
0
LINE
8
BLACK
6
CONTINUOUS
10
196.9099999999999966
20
-98.289999999999992
11
196.9099999999999966
21
-100.8299999999999983
0
LINE
8
BLACK
6
CONTINUOUS
10
196.9099999999999966
20
-100.8299999999999983
11
197.4199999999999875
21
-100.8299999999999983
0
LINE
8
BLACK
6
CONTINUOUS
10
197.4199999999999875
20
-100.8299999999999983
11
197.4429609999999968
21
-100.8345669999999927
0
LINE
8
BLACK
6
CONTINUOUS
10
197.4429609999999968
20
-100.8345669999999927
11
197.4754329999999811
21
-100.8670389999999912
0
LINE
8
BLACK
6
CONTINUOUS
10
197.4754329999999811
20
-100.8670389999999912
11
197.4754329999999811
21
-100.9129609999999957
0
LINE
8
BLACK
6
CONTINUOUS
10
197.4754329999999811
20
-100.9129609999999957
11
197.4429609999999968
21
-100.9454329999999942
0
LINE
8
BLACK
6
CONTINUOUS
10
197.4429609999999968
20
-100.9454329999999942
11
197.4199999999999875
21
-100.9499999999999886
0
LINE
8
BLACK
6
CONTINUOUS
10
197.4199999999999875
20
-100.9499999999999886
11
196.8499999999999943
21
-100.9499999999999886
0
LINE
8
BLACK
6
CONTINUOUS
10
196.8499999999999943
20
-100.9499999999999886
11
196.827038999999985
21
-100.9454329999999942
0
LINE
8
BLACK
6
CONTINUOUS
10
196.827038999999985
20
-100.9454329999999942
11
196.7945670000000007
21
-100.9129609999999957
0
LINE
8
BLACK
6
CONTINUOUS
10
196.7945670000000007
20
-100.9129609999999957
11
196.789999999999992
21
-100.8900000000000006
0
LINE
8
BLACK
6
CONTINUOUS
10
196.789999999999992
20
-100.8900000000000006
11
196.789999999999992
21
-98.2299999999999898
0
LINE
8
BLACK
6
CONTINUOUS
10
196.789999999999992
20
-98.2299999999999898
11
196.7945670000000007
21
-98.2070389999999946
0
LINE
8
BLACK
6
CONTINUOUS
10
196.7945670000000007
20
-98.2070389999999946
11
196.827038999999985
21
-98.1745669999999961
0
LINE
8
BLACK
6
CONTINUOUS
10
196.827038999999985
20
-98.1745669999999961
11
196.8499999999999943
21
-98.1700000000000017
0
LINE
8
BLACK
6
CONTINUOUS
10
196.8499999999999943
20
-98.1700000000000017
11
199.9599999999999795
21
-98.1700000000000017
0
LINE
8
BLACK
6
CONTINUOUS
10
199.9599999999999795
20
-98.1700000000000017
11
199.9829609999999889
21
-98.1745669999999961
0
LINE
8
BLACK
6
CONTINUOUS
10
202.5229609999999809
20
-100.8345669999999927
11
202.5554329999999936
21
-100.8670389999999912
0
LINE
8
BLACK
6
CONTINUOUS
10
202.5554329999999936
20
-100.8670389999999912
11
202.5554329999999936
21
-100.9129609999999957
0
LINE
8
BLACK
6
CONTINUOUS
10
202.5554329999999936
20
-100.9129609999999957
11
202.5229609999999809
21
-100.9454329999999942
0
LINE
8
BLACK
6
CONTINUOUS
10
202.5229609999999809
20
-100.9454329999999942
11
202.5
21
-100.9499999999999886
0
LINE
8
BLACK
6
CONTINUOUS
10
202.5
20
-100.9499999999999886
11
198.9399999999999977
21
-100.9499999999999886
0
LINE
8
BLACK
6
CONTINUOUS
10
198.9399999999999977
20
-100.9499999999999886
11
198.9170389999999884
21
-100.9454329999999942
0
LINE
8
BLACK
6
CONTINUOUS
10
198.9170389999999884
20
-100.9454329999999942
11
198.8845670000000041
21
-100.9129609999999957
0
LINE
8
BLACK
6
CONTINUOUS
10
198.8845670000000041
20
-100.9129609999999957
11
198.8845670000000041
21
-100.8670389999999912
0
LINE
8
BLACK
6
CONTINUOUS
10
198.8845670000000041
20
-100.8670389999999912
11
198.9170389999999884
21
-100.8345669999999927
0
LINE
8
BLACK
6
CONTINUOUS
10
198.9170389999999884
20
-100.8345669999999927
11
198.9399999999999977
21
-100.8299999999999983
0
LINE
8
BLACK
6
CONTINUOUS
10
198.9399999999999977
20
-100.8299999999999983
11
202.5
21
-100.8299999999999983
0
LINE
8
BLACK
6
CONTINUOUS
10
202.5
20
-100.8299999999999983
11
202.5229609999999809
21
-100.8345669999999927
0
LINE
8
BLACK
6
CONTINUOUS
10
206.6154329999999959
20
-96.6870389999999986
11
206.6200000000000045
21
-96.7099999999999937
0
LINE
8
BLACK
6
CONTINUOUS
10
206.6200000000000045
20
-96.7099999999999937
11
206.6200000000000045
21
-98.1700000000000017
0
LINE
8
BLACK
6
CONTINUOUS
10
206.6200000000000045
20
-98.1700000000000017
11
207.1299999999999955
21
-98.1700000000000017
0
LINE
8
BLACK
6
CONTINUOUS
10
207.1299999999999955
20
-98.1700000000000017
11
207.1529610000000048
21
-98.1745669999999961
0
LINE
8
BLACK
6
CONTINUOUS
10
207.1529610000000048
20
-98.1745669999999961
11
207.1854329999999891
21
-98.2070389999999946
0
LINE
8
BLACK
6
CONTINUOUS
10
207.1854329999999891
20
-98.2070389999999946
11
207.1899999999999977
21
-98.2299999999999898
0
LINE
8
BLACK
6
CONTINUOUS
10
207.1899999999999977
20
-98.2299999999999898
11
207.1899999999999977
21
-100.8900000000000006
0
LINE
8
BLACK
6
CONTINUOUS
10
207.1899999999999977
20
-100.8900000000000006
11
207.1854329999999891
21
-100.9129609999999957
0
LINE
8
BLACK
6
CONTINUOUS
10
207.1854329999999891
20
-100.9129609999999957
11
207.1529610000000048
21
-100.9454329999999942
0
LINE
8
BLACK
6
CONTINUOUS
10
207.1529610000000048
20
-100.9454329999999942
11
207.1299999999999955
21
-100.9499999999999886
0
LINE
8
BLACK
6
CONTINUOUS
10
207.1299999999999955
20
-100.9499999999999886
11
204.0199999999999818
21
-100.9499999999999886
0
LINE
8
BLACK
6
CONTINUOUS
10
204.0199999999999818
20
-100.9499999999999886
11
203.9970390000000009
21
-100.9454329999999942
0
LINE
8
BLACK
6
CONTINUOUS
10
203.9970390000000009
20
-100.9454329999999942
11
203.9645669999999882
21
-100.9129609999999957
0
LINE
8
BLACK
6
CONTINUOUS
10
203.9645669999999882
20
-100.9129609999999957
11
203.9645669999999882
21
-100.8670389999999912
0
LINE
8
BLACK
6
CONTINUOUS
10
203.9645669999999882
20
-100.8670389999999912
11
203.9970390000000009
21
-100.8345669999999927
0
LINE
8
BLACK
6
CONTINUOUS
10
203.9970390000000009
20
-100.8345669999999927
11
204.0199999999999818
21
-100.8299999999999983
0
LINE
8
BLACK
6
CONTINUOUS
10
204.0199999999999818
20
-100.8299999999999983
11
207.0699999999999932
21
-100.8299999999999983
0
LINE
8
BLACK
6
CONTINUOUS
10
207.0699999999999932
20
-100.8299999999999983
11
207.0699999999999932
21
-98.289999999999992
0
LINE
8
BLACK
6
CONTINUOUS
10
207.0699999999999932
20
-98.289999999999992
11
206.5600000000000023
21
-98.289999999999992
0
LINE
8
BLACK
6
CONTINUOUS
10
206.5600000000000023
20
-98.289999999999992
11
206.5370389999999929
21
-98.2854329999999976
0
LINE
8
BLACK
6
CONTINUOUS
10
206.5370389999999929
20
-98.2854329999999976
11
206.5045669999999802
21
-98.2529609999999991
0
LINE
8
BLACK
6
CONTINUOUS
10
206.5045669999999802
20
-98.2529609999999991
11
206.5
21
-98.2299999999999898
0
LINE
8
BLACK
6
CONTINUOUS
10
206.5
20
-98.2299999999999898
11
206.5
21
-96.7099999999999937
0
LINE
8
BLACK
6
CONTINUOUS
10
206.5
20
-96.7099999999999937
11
206.5045669999999802
21
-96.6870389999999986
0
LINE
8
BLACK
6
CONTINUOUS
10
206.5045669999999802
20
-96.6870389999999986
11
206.5370389999999929
21
-96.6545670000000001
0
LINE
8
BLACK
6
CONTINUOUS
10
206.5370389999999929
20
-96.6545670000000001
11
206.5829609999999832
21
-96.6545670000000001
0
LINE
8
BLACK
6
CONTINUOUS
10
206.5829609999999832
20
-96.6545670000000001
11
206.6154329999999959
21
-96.6870389999999986
0
LINE
8
BLACK
6
CONTINUOUS
10
205.0629610000000014
20
-98.1745669999999961
11
205.0954329999999857
21
-98.2070389999999946
0
LINE
8
BLACK
6
CONTINUOUS
10
205.0954329999999857
20
-98.2070389999999946
11
205.0954329999999857
21
-98.2529609999999991
0
LINE
8
BLACK
6
CONTINUOUS
10
205.0954329999999857
20
-98.2529609999999991
11
205.0629610000000014
21
-98.2854329999999976
0
LINE
8
BLACK
6
CONTINUOUS
10
205.0629610000000014
20
-98.2854329999999976
11
205.039999999999992
21
-98.289999999999992
0
LINE
8
BLACK
6
CONTINUOUS
10
205.039999999999992
20
-98.289999999999992
11
201.4799999999999898
21
-98.289999999999992
0
LINE
8
BLACK
6
CONTINUOUS
10
201.4799999999999898
20
-98.289999999999992
11
201.4570389999999804
21
-98.2854329999999976
0
LINE
8
BLACK
6
CONTINUOUS
10
201.4570389999999804
20
-98.2854329999999976
11
201.4245669999999961
21
-98.2529609999999991
0
LINE
8
BLACK
6
CONTINUOUS
10
201.4245669999999961
20
-98.2529609999999991
11
201.4245669999999961
21
-98.2070389999999946
0
LINE
8
BLACK
6
CONTINUOUS
10
201.4245669999999961
20
-98.2070389999999946
11
201.4570389999999804
21
-98.1745669999999961
0
LINE
8
BLACK
6
CONTINUOUS
10
201.4570389999999804
20
-98.1745669999999961
11
201.4799999999999898
21
-98.1700000000000017
0
LINE
8
BLACK
6
CONTINUOUS
10
201.4799999999999898
20
-98.1700000000000017
11
205.039999999999992
21
-98.1700000000000017
0
LINE
8
BLACK
6
CONTINUOUS
10
205.039999999999992
20
-98.1700000000000017
11
205.0629610000000014
21
-98.1745669999999961
0
LINE
8
BLACK
6
CONTINUOUS
10
214.0268159999999966
20
-98.025517999999991
11
214.0592879999999809
21
-98.0579899999999895
0
LINE
8
BLACK
6
CONTINUOUS
10
214.0592879999999809
20
-98.0579899999999895
11
214.0592879999999809
21
-98.103911999999994
0
LINE
8
BLACK
6
CONTINUOUS
10
214.0592879999999809
20
-98.103911999999994
11
214.0268159999999966
21
-98.1363839999999925
0
LINE
8
BLACK
6
CONTINUOUS
10
214.0268159999999966
20
-98.1363839999999925
11
214.0038549999999873
21
-98.1409510000000012
0
LINE
8
BLACK
6
CONTINUOUS
10
214.0038549999999873
20
-98.1409510000000012
11
213.2038550000000043
21
-98.1409510000000012
0
LINE
8
BLACK
6
CONTINUOUS
10
213.2038550000000043
20
-98.1409510000000012
11
213.180893999999995
21
-98.1363839999999925
0
LINE
8
BLACK
6
CONTINUOUS
10
213.180893999999995
20
-98.1363839999999925
11
213.1484219999999823
21
-98.103911999999994
0
LINE
8
BLACK
6
CONTINUOUS
10
213.1484219999999823
20
-98.103911999999994
11
213.1484219999999823
21
-98.0579899999999895
0
LINE
8
BLACK
6
CONTINUOUS
10
213.1484219999999823
20
-98.0579899999999895
11
213.180893999999995
21
-98.025517999999991
0
LINE
8
BLACK
6
CONTINUOUS
10
213.180893999999995
20
-98.025517999999991
11
213.2038550000000043
21
-98.0209509999999966
0
LINE
8
BLACK
6
CONTINUOUS
10
213.2038550000000043
20
-98.0209509999999966
11
214.0038549999999873
21
-98.0209509999999966
0
LINE
8
BLACK
6
CONTINUOUS
10
214.0038549999999873
20
-98.0209509999999966
11
214.0268159999999966
21
-98.025517999999991
0
LINE
8
BLACK
6
CONTINUOUS
10
216.5668159999999887
20
-98.025517999999991
11
216.5992880000000014
21
-98.0579899999999895
0
LINE
8
BLACK
6
CONTINUOUS
10
216.5992880000000014
20
-98.0579899999999895
11
216.5992880000000014
21
-98.103911999999994
0
LINE
8
BLACK
6
CONTINUOUS
10
216.5992880000000014
20
-98.103911999999994
11
216.5668159999999887
21
-98.1363839999999925
0
LINE
8
BLACK
6
CONTINUOUS
10
216.5668159999999887
20
-98.1363839999999925
11
216.5438549999999793
21
-98.1409510000000012
0
LINE
8
BLACK
6
CONTINUOUS
10
216.5438549999999793
20
-98.1409510000000012
11
215.7438549999999964
21
-98.1409510000000012
0
LINE
8
BLACK
6
CONTINUOUS
10
215.7438549999999964
20
-98.1409510000000012
11
215.720893999999987
21
-98.1363839999999925
0
LINE
8
BLACK
6
CONTINUOUS
10
215.720893999999987
20
-98.1363839999999925
11
215.6884220000000028
21
-98.103911999999994
0
LINE
8
BLACK
6
CONTINUOUS
10
215.6884220000000028
20
-98.103911999999994
11
215.6884220000000028
21
-98.0579899999999895
0
LINE
8
BLACK
6
CONTINUOUS
10
215.6884220000000028
20
-98.0579899999999895
11
215.720893999999987
21
-98.025517999999991
0
LINE
8
BLACK
6
CONTINUOUS
10
215.720893999999987
20
-98.025517999999991
11
215.7438549999999964
21
-98.0209509999999966
0
LINE
8
BLACK
6
CONTINUOUS
10
215.7438549999999964
20
-98.0209509999999966
11
216.5438549999999793
21
-98.0209509999999966
0
LINE
8
BLACK
6
CONTINUOUS
10
216.5438549999999793
20
-98.0209509999999966
11
216.5668159999999887
21
-98.025517999999991
0
LINE
8
BLACK
6
CONTINUOUS
10
219.1068159999999807
20
-98.025517999999991
11
219.1392879999999934
21
-98.0579899999999895
0
LINE
8
BLACK
6
CONTINUOUS
10
219.1392879999999934
20
-98.0579899999999895
11
219.1392879999999934
21
-98.103911999999994
0
LINE
8
BLACK
6
CONTINUOUS
10
219.1392879999999934
20
-98.103911999999994
11
219.1068159999999807
21
-98.1363839999999925
0
LINE
8
BLACK
6
CONTINUOUS
10
219.1068159999999807
20
-98.1363839999999925
11
219.0838549999999998
21
-98.1409510000000012
0
LINE
8
BLACK
6
CONTINUOUS
10
219.0838549999999998
20
-98.1409510000000012
11
218.2838549999999884
21
-98.1409510000000012
0
LINE
8
BLACK
6
CONTINUOUS
10
218.2838549999999884
20
-98.1409510000000012
11
218.2608939999999791
21
-98.1363839999999925
0
LINE
8
BLACK
6
CONTINUOUS
10
218.2608939999999791
20
-98.1363839999999925
11
218.2284219999999948
21
-98.103911999999994
0
LINE
8
BLACK
6
CONTINUOUS
10
218.2284219999999948
20
-98.103911999999994
11
218.2284219999999948
21
-98.0579899999999895
0
LINE
8
BLACK
6
CONTINUOUS
10
218.2284219999999948
20
-98.0579899999999895
11
218.2608939999999791
21
-98.025517999999991
0
LINE
8
BLACK
6
CONTINUOUS
10
218.2608939999999791
20
-98.025517999999991
11
218.2838549999999884
21
-98.0209509999999966
0
LINE
8
BLACK
6
CONTINUOUS
10
218.2838549999999884
20
-98.0209509999999966
11
219.0838549999999998
21
-98.0209509999999966
0
LINE
8
BLACK
6
CONTINUOUS
10
219.0838549999999998
20
-98.0209509999999966
11
219.1068159999999807
21
-98.025517999999991
0
LINE
8
BLACK
6
CONTINUOUS
10
213.7443949999999973
20
-97.1461939999999942
11
213.7517399999999839
21
-97.1465519999999998
0
LINE
8
BLACK
6
CONTINUOUS
10
213.7517399999999839
20
-97.1465519999999998
11
213.9041210000000035
21
-97.1846479999999957
0
LINE
8
BLACK
6
CONTINUOUS
10
213.9041210000000035
20
-97.1846479999999957
11
213.9099959999999783
21
-97.1874229999999955
0
LINE
8
BLACK
6
CONTINUOUS
10
213.9099959999999783
20
-97.1874229999999955
11
213.9125300000000038
21
-97.1874229999999955
0
LINE
8
BLACK
6
CONTINUOUS
10
213.9125300000000038
20
-97.1874229999999955
11
213.9186419999999771
21
-97.1915070000000014
0
LINE
8
BLACK
6
CONTINUOUS
10
213.9186419999999771
20
-97.1915070000000014
11
213.9252889999999923
21
-97.1946469999999891
0
LINE
8
BLACK
6
CONTINUOUS
10
213.9252889999999923
20
-97.1946469999999891
11
213.9265919999999994
21
-97.1968200000000024
0
LINE
8
BLACK
6
CONTINUOUS
10
213.9265919999999994
20
-97.1968200000000024
11
213.9319950000000006
21
-97.2004299999999972
0
LINE
8
BLACK
6
CONTINUOUS
10
213.9319950000000006
20
-97.2004299999999972
11
214.0081859999999949
21
-97.2766199999999941
0
LINE
8
BLACK
6
CONTINUOUS
10
214.0081859999999949
20
-97.2766199999999941
11
214.0135279999999796
21
-97.2846150000000023
0
LINE
8
BLACK
6
CONTINUOUS
10
214.0135279999999796
20
-97.2846150000000023
11
214.0194259999999815
21
-97.2922140000000013
0
LINE
8
BLACK
6
CONTINUOUS
10
214.0194259999999815
20
-97.2922140000000013
11
214.0575209999999799
21
-97.3684039999999982
0
LINE
8
BLACK
6
CONTINUOUS
10
214.0575209999999799
20
-97.3684039999999982
11
214.0583139999999958
21
-97.371302
0
LINE
8
BLACK
6
CONTINUOUS
10
214.0583139999999958
20
-97.371302
11
214.0592879999999809
21
-97.3722759999999994
0
LINE
8
BLACK
6
CONTINUOUS
10
214.0592879999999809
20
-97.3722759999999994
11
214.0611639999999909
21
-97.3817079999999891
0
LINE
8
BLACK
6
CONTINUOUS
10
214.0611639999999909
20
-97.3817079999999891
11
214.0637040000000013
21
-97.3909839999999889
0
LINE
8
BLACK
6
CONTINUOUS
10
214.0637040000000013
20
-97.3909839999999889
11
214.0632679999999937
21
-97.392288999999991
0
LINE
8
BLACK
6
CONTINUOUS
10
214.0632679999999937
20
-97.392288999999991
11
214.0638549999999896
21
-97.3952369999999945
0
LINE
8
BLACK
6
CONTINUOUS
10
214.0638549999999896
20
-97.3952369999999945
11
214.0638549999999896
21
-97.5476179999999999
0
LINE
8
BLACK
6
CONTINUOUS
10
214.0638549999999896
20
-97.5476179999999999
11
214.0632679999999937
21
-97.5505649999999918
0
LINE
8
BLACK
6
CONTINUOUS
10
214.0632679999999937
20
-97.5505649999999918
11
214.0637040000000013
21
-97.5518709999999913
0
LINE
8
BLACK
6
CONTINUOUS
10
214.0637040000000013
20
-97.5518709999999913
11
214.0611639999999909
21
-97.5611439999999988
0
LINE
8
BLACK
6
CONTINUOUS
10
214.0611639999999909
20
-97.5611439999999988
11
214.0592879999999809
21
-97.5705789999999951
0
LINE
8
BLACK
6
CONTINUOUS
10
214.0592879999999809
20
-97.5705789999999951
11
214.0583139999999958
21
-97.571551999999997
0
LINE
8
BLACK
6
CONTINUOUS
10
214.0583139999999958
20
-97.571551999999997
11
214.0575209999999799
21
-97.5744499999999988
0
LINE
8
BLACK
6
CONTINUOUS
10
214.0575209999999799
20
-97.5744499999999988
11
214.0194259999999815
21
-97.6506419999999906
0
LINE
8
BLACK
6
CONTINUOUS
10
214.0194259999999815
20
-97.6506419999999906
11
214.0135229999999922
21
-97.6582469999999887
0
LINE
8
BLACK
6
CONTINUOUS
10
214.0135229999999922
20
-97.6582469999999887
11
214.0081859999999949
21
-97.6662350000000004
0
LINE
8
BLACK
6
CONTINUOUS
10
214.0081859999999949
20
-97.6662350000000004
11
213.9319950000000006
21
-97.7424259999999947
0
LINE
8
BLACK
6
CONTINUOUS
10
213.9319950000000006
20
-97.7424259999999947
11
213.9265919999999994
21
-97.7460359999999895
0
LINE
8
BLACK
6
CONTINUOUS
10
213.9265919999999994
20
-97.7460359999999895
11
213.9252889999999923
21
-97.7482079999999911
0
LINE
8
BLACK
6
CONTINUOUS
10
213.9252889999999923
20
-97.7482079999999911
11
213.918643000000003
21
-97.7513469999999955
0
LINE
8
BLACK
6
CONTINUOUS
10
213.918643000000003
20
-97.7513469999999955
11
213.9125300000000038
21
-97.755431999999999
0
LINE
8
BLACK
6
CONTINUOUS
10
213.9125300000000038
20
-97.755431999999999
11
213.9099959999999783
21
-97.755431999999999
0
LINE
8
BLACK
6
CONTINUOUS
10
213.9099959999999783
20
-97.755431999999999
11
213.9041210000000035
21
-97.7582069999999987
0
LINE
8
BLACK
6
CONTINUOUS
10
213.9041210000000035
20
-97.7582069999999987
11
213.7517399999999839
21
-97.7963029999999947
0
LINE
8
BLACK
6
CONTINUOUS
10
213.7517399999999839
20
-97.7963029999999947
11
213.7443989999999872
21
-97.7966599999999886
0
LINE
8
BLACK
6
CONTINUOUS
10
213.7443989999999872
20
-97.7966599999999886
11
213.7371880000000033
21
-97.7980949999999893
0
LINE
8
BLACK
6
CONTINUOUS
10
213.7371880000000033
20
-97.7980949999999893
11
213.4705209999999909
21
-97.7980949999999893
0
LINE
8
BLACK
6
CONTINUOUS
10
213.4705209999999909
20
-97.7980949999999893
11
213.4633129999999994
21
-97.7966610000000003
0
LINE
8
BLACK
6
CONTINUOUS
10
213.4633129999999994
20
-97.7966610000000003
11
213.4559689999999819
21
-97.7963039999999921
0
LINE
8
BLACK
6
CONTINUOUS
10
213.4559689999999819
20
-97.7963039999999921
11
213.3035879999999906
21
-97.7582069999999987
0
LINE
8
BLACK
6
CONTINUOUS
10
213.3035879999999906
20
-97.7582069999999987
11
213.2977129999999875
21
-97.755431999999999
0
LINE
8
BLACK
6
CONTINUOUS
10
213.2977129999999875
20
-97.755431999999999
11
213.2951789999999903
21
-97.755431999999999
0
LINE
8
BLACK
6
CONTINUOUS
10
213.2951789999999903
20
-97.755431999999999
11
213.2890659999999912
21
-97.7513469999999955
0
LINE
8
BLACK
6
CONTINUOUS
10
213.2890659999999912
20
-97.7513469999999955
11
213.2824200000000019
21
-97.7482079999999911
0
LINE
8
BLACK
6
CONTINUOUS
10
213.2824200000000019
20
-97.7482079999999911
11
213.2811159999999973
21
-97.7460339999999945
0
LINE
8
BLACK
6
CONTINUOUS
10
213.2811159999999973
20
-97.7460339999999945
11
213.2757139999999936
21
-97.7424249999999972
0
LINE
8
BLACK
6
CONTINUOUS
10
213.2757139999999936
20
-97.7424249999999972
11
213.1995239999999967
21
-97.6662350000000004
0
LINE
8
BLACK
6
CONTINUOUS
10
213.1995239999999967
20
-97.6662350000000004
11
213.194186000000002
21
-97.6582469999999887
0
LINE
8
BLACK
6
CONTINUOUS
10
213.194186000000002
20
-97.6582469999999887
11
213.1882839999999817
21
-97.6506419999999906
0
LINE
8
BLACK
6
CONTINUOUS
10
213.1882839999999817
20
-97.6506419999999906
11
213.1501889999999833
21
-97.5744509999999963
0
LINE
8
BLACK
6
CONTINUOUS
10
213.1501889999999833
20
-97.5744509999999963
11
213.1493949999999984
21
-97.571551999999997
0
LINE
8
BLACK
6
CONTINUOUS
10
213.1493949999999984
20
-97.571551999999997
11
213.1484219999999823
21
-97.5705789999999951
0
LINE
8
BLACK
6
CONTINUOUS
10
213.1484219999999823
20
-97.5705789999999951
11
213.1465450000000033
21
-97.5611459999999937
0
LINE
8
BLACK
6
CONTINUOUS
10
213.1465450000000033
20
-97.5611459999999937
11
213.1440059999999903
21
-97.5518709999999913
0
LINE
8
BLACK
6
CONTINUOUS
10
213.1440059999999903
20
-97.5518709999999913
11
213.1444410000000005
21
-97.5505649999999918
0
LINE
8
BLACK
6
CONTINUOUS
10
213.1444410000000005
20
-97.5505649999999918
11
213.1438550000000021
21
-97.5476179999999999
0
LINE
8
BLACK
6
CONTINUOUS
10
213.1438550000000021
20
-97.5476179999999999
11
213.1438550000000021
21
-97.3952369999999945
0
LINE
8
BLACK
6
CONTINUOUS
10
213.1438550000000021
20
-97.3952369999999945
11
213.1444410000000005
21
-97.392288999999991
0
LINE
8
BLACK
6
CONTINUOUS
10
213.1444410000000005
20
-97.392288999999991
11
213.1440059999999903
21
-97.3909839999999889
0
LINE
8
BLACK
6
CONTINUOUS
10
213.1440059999999903
20
-97.3909839999999889
11
213.1465450000000033
21
-97.3817079999999891
0
LINE
8
BLACK
6
CONTINUOUS
10
213.1465450000000033
20
-97.3817079999999891
11
213.1484219999999823
21
-97.3722759999999994
0
LINE
8
BLACK
6
CONTINUOUS
10
213.1484219999999823
20
-97.3722759999999994
11
213.1493949999999984
21
-97.371302
0
LINE
8
BLACK
6
CONTINUOUS
10
213.1493949999999984
20
-97.371302
11
213.1501889999999833
21
-97.3684039999999982
0
LINE
8
BLACK
6
CONTINUOUS
10
213.1501889999999833
20
-97.3684039999999982
11
213.1882839999999817
21
-97.2922140000000013
0
LINE
8
BLACK
6
CONTINUOUS
10
213.1882839999999817
20
-97.2922140000000013
11
213.1941789999999912
21
-97.2846169999999972
0
LINE
8
BLACK
6
CONTINUOUS
10
213.1941789999999912
20
-97.2846169999999972
11
213.1995229999999992
21
-97.2766209999999916
0
LINE
8
BLACK
6
CONTINUOUS
10
213.1995229999999992
20
-97.2766209999999916
11
213.2757139999999936
21
-97.2004299999999972
0
LINE
8
BLACK
6
CONTINUOUS
10
213.2757139999999936
20
-97.2004299999999972
11
213.2811159999999973
21
-97.1968200000000024
0
LINE
8
BLACK
6
CONTINUOUS
10
213.2811159999999973
20
-97.1968200000000024
11
213.2824200000000019
21
-97.1946469999999891
0
LINE
8
BLACK
6
CONTINUOUS
10
213.2824200000000019
20
-97.1946469999999891
11
213.2890679999999861
21
-97.1915059999999897
0
LINE
8
BLACK
6
CONTINUOUS
10
213.2890679999999861
20
-97.1915059999999897
11
213.2951789999999903
21
-97.1874229999999955
0
LINE
8
BLACK
6
CONTINUOUS
10
213.2951789999999903
20
-97.1874229999999955
11
213.29771199999999
21
-97.1874229999999955
0
LINE
8
BLACK
6
CONTINUOUS
10
213.29771199999999
20
-97.1874229999999955
11
213.3035879999999906
21
-97.1846469999999982
0
LINE
8
BLACK
6
CONTINUOUS
10
213.3035879999999906
20
-97.1846469999999982
11
213.4559689999999819
21
-97.1465519999999998
0
LINE
8
BLACK
6
CONTINUOUS
10
213.4559689999999819
20
-97.1465519999999998
11
213.4633129999999994
21
-97.1461939999999942
0
LINE
8
BLACK
6
CONTINUOUS
10
213.4633129999999994
20
-97.1461939999999942
11
213.4705209999999909
21
-97.1447610000000026
0
LINE
8
BLACK
6
CONTINUOUS
10
213.4705209999999909
20
-97.1447610000000026
11
213.7371880000000033
21
-97.1447610000000026
0
LINE
8
BLACK
6
CONTINUOUS
10
213.7371880000000033
20
-97.1447610000000026
11
213.7443949999999973
21
-97.1461939999999942
0
LINE
8
BLACK
6
CONTINUOUS
10
213.3488140000000044
20
-97.2970339999999965
11
213.291261999999989
21
-97.3545869999999951
0
LINE
8
BLACK
6
CONTINUOUS
10
213.291261999999989
20
-97.3545869999999951
11
213.2638549999999782
21
-97.409402
0
LINE
8
BLACK
6
CONTINUOUS
10
213.2638549999999782
20
-97.409402
11
213.2638549999999782
21
-97.5334529999999944
0
LINE
8
BLACK
6
CONTINUOUS
10
213.2638549999999782
20
-97.5334529999999944
11
213.291261999999989
21
-97.5882689999999968
0
LINE
8
BLACK
6
CONTINUOUS
10
213.291261999999989
20
-97.5882689999999968
11
213.3488140000000044
21
-97.645820999999998
0
LINE
8
BLACK
6
CONTINUOUS
10
213.3488140000000044
20
-97.645820999999998
11
213.4779049999999927
21
-97.678094999999999
0
LINE
8
BLACK
6
CONTINUOUS
10
213.4779049999999927
20
-97.678094999999999
11
213.7298040000000015
21
-97.678094999999999
0
LINE
8
BLACK
6
CONTINUOUS
10
213.7298040000000015
20
-97.678094999999999
11
213.8588939999999923
21
-97.6458200000000005
0
LINE
8
BLACK
6
CONTINUOUS
10
213.8588939999999923
20
-97.6458200000000005
11
213.9164469999999767
21
-97.5882670000000019
0
LINE
8
BLACK
6
CONTINUOUS
10
213.9164469999999767
20
-97.5882670000000019
11
213.943854999999985
21
-97.5334529999999944
0
LINE
8
BLACK
6
CONTINUOUS
10
213.943854999999985
20
-97.5334529999999944
11
213.943854999999985
21
-97.409402
0
LINE
8
BLACK
6
CONTINUOUS
10
213.943854999999985
20
-97.409402
11
213.9164469999999767
21
-97.3545869999999951
0
LINE
8
BLACK
6
CONTINUOUS
10
213.9164469999999767
20
-97.3545869999999951
11
213.8588949999999897
21
-97.2970339999999965
0
LINE
8
BLACK
6
CONTINUOUS
10
213.8588949999999897
20
-97.2970339999999965
11
213.7297999999999831
21
-97.2647609999999929
0
LINE
8
BLACK
6
CONTINUOUS
10
213.7297999999999831
20
-97.2647609999999929
11
213.4779049999999927
21
-97.2647609999999929
0
LINE
8
BLACK
6
CONTINUOUS
10
213.4779049999999927
20
-97.2647609999999929
11
213.3488140000000044
21
-97.2970339999999965
0
LINE
8
BLACK
6
CONTINUOUS
10
216.2843949999999893
20
-97.1461939999999942
11
216.2917400000000043
21
-97.1465519999999998
0
LINE
8
BLACK
6
CONTINUOUS
10
216.2917400000000043
20
-97.1465519999999998
11
216.4441209999999955
21
-97.1846479999999957
0
LINE
8
BLACK
6
CONTINUOUS
10
216.4441209999999955
20
-97.1846479999999957
11
216.4499959999999987
21
-97.1874229999999955
0
LINE
8
BLACK
6
CONTINUOUS
10
216.4499959999999987
20
-97.1874229999999955
11
216.4525299999999959
21
-97.1874229999999955
0
LINE
8
BLACK
6
CONTINUOUS
10
216.4525299999999959
20
-97.1874229999999955
11
216.4586419999999976
21
-97.1915070000000014
0
LINE
8
BLACK
6
CONTINUOUS
10
216.4586419999999976
20
-97.1915070000000014
11
216.4652889999999843
21
-97.1946469999999891
0
LINE
8
BLACK
6
CONTINUOUS
10
216.4652889999999843
20
-97.1946469999999891
11
216.4665919999999915
21
-97.1968200000000024
0
LINE
8
BLACK
6
CONTINUOUS
10
216.4665919999999915
20
-97.1968200000000024
11
216.4719949999999926
21
-97.2004299999999972
0
LINE
8
BLACK
6
CONTINUOUS
10
216.4719949999999926
20
-97.2004299999999972
11
216.548185999999987
21
-97.2766199999999941
0
LINE
8
BLACK
6
CONTINUOUS
10
216.548185999999987
20
-97.2766199999999941
11
216.553528
21
-97.2846150000000023
0
LINE
8
BLACK
6
CONTINUOUS
10
216.553528
20
-97.2846150000000023
11
216.559426000000002
21
-97.2922140000000013
0
LINE
8
BLACK
6
CONTINUOUS
10
216.559426000000002
20
-97.2922140000000013
11
216.5975210000000004
21
-97.3684039999999982
0
LINE
8
BLACK
6
CONTINUOUS
10
216.5975210000000004
20
-97.3684039999999982
11
216.5983139999999878
21
-97.371302
0
LINE
8
BLACK
6
CONTINUOUS
10
216.5983139999999878
20
-97.371302
11
216.5992880000000014
21
-97.3722759999999994
0
LINE
8
BLACK
6
CONTINUOUS
10
216.5992880000000014
20
-97.3722759999999994
11
216.6011639999999829
21
-97.3817079999999891
0
LINE
8
BLACK
6
CONTINUOUS
10
216.6011639999999829
20
-97.3817079999999891
11
216.6037039999999934
21
-97.3909839999999889
0
LINE
8
BLACK
6
CONTINUOUS
10
216.6037039999999934
20
-97.3909839999999889
11
216.6032679999999857
21
-97.392288999999991
0
LINE
8
BLACK
6
CONTINUOUS
10
216.6032679999999857
20
-97.392288999999991
11
216.6038549999999816
21
-97.3952369999999945
0
LINE
8
BLACK
6
CONTINUOUS
10
216.6038549999999816
20
-97.3952369999999945
11
216.6038549999999816
21
-97.5476179999999999
0
LINE
8
BLACK
6
CONTINUOUS
10
216.6038549999999816
20
-97.5476179999999999
11
216.6032679999999857
21
-97.5505649999999918
0
LINE
8
BLACK
6
CONTINUOUS
10
216.6032679999999857
20
-97.5505649999999918
11
216.6037039999999934
21
-97.5518709999999913
0
LINE
8
BLACK
6
CONTINUOUS
10
216.6037039999999934
20
-97.5518709999999913
11
216.6011639999999829
21
-97.5611439999999988
0
LINE
8
BLACK
6
CONTINUOUS
10
216.6011639999999829
20
-97.5611439999999988
11
216.5992880000000014
21
-97.5705789999999951
0
LINE
8
BLACK
6
CONTINUOUS
10
216.5992880000000014
20
-97.5705789999999951
11
216.5983139999999878
21
-97.571551999999997
0
LINE
8
BLACK
6
CONTINUOUS
10
216.5983139999999878
20
-97.571551999999997
11
216.5975210000000004
21
-97.5744499999999988
0
LINE
8
BLACK
6
CONTINUOUS
10
216.5975210000000004
20
-97.5744499999999988
11
216.559426000000002
21
-97.6506419999999906
0
LINE
8
BLACK
6
CONTINUOUS
10
216.559426000000002
20
-97.6506419999999906
11
216.5535229999999842
21
-97.6582469999999887
0
LINE
8
BLACK
6
CONTINUOUS
10
216.5535229999999842
20
-97.6582469999999887
11
216.548185999999987
21
-97.6662350000000004
0
LINE
8
BLACK
6
CONTINUOUS
10
216.548185999999987
20
-97.6662350000000004
11
216.4719949999999926
21
-97.7424259999999947
0
LINE
8
BLACK
6
CONTINUOUS
10
216.4719949999999926
20
-97.7424259999999947
11
216.4665919999999915
21
-97.7460359999999895
0
LINE
8
BLACK
6
CONTINUOUS
10
216.4665919999999915
20
-97.7460359999999895
11
216.4652889999999843
21
-97.7482079999999911
0
LINE
8
BLACK
6
CONTINUOUS
10
216.4652889999999843
20
-97.7482079999999911
11
216.458642999999995
21
-97.7513469999999955
0
LINE
8
BLACK
6
CONTINUOUS
10
216.458642999999995
20
-97.7513469999999955
11
216.4525299999999959
21
-97.755431999999999
0
LINE
8
BLACK
6
CONTINUOUS
10
216.4525299999999959
20
-97.755431999999999
11
216.4499959999999987
21
-97.755431999999999
0
LINE
8
BLACK
6
CONTINUOUS
10
216.4499959999999987
20
-97.755431999999999
11
216.4441209999999955
21
-97.7582069999999987
0
LINE
8
BLACK
6
CONTINUOUS
10
216.4441209999999955
20
-97.7582069999999987
11
216.2917400000000043
21
-97.7963029999999947
0
LINE
8
BLACK
6
CONTINUOUS
10
216.2917400000000043
20
-97.7963029999999947
11
216.2843989999999792
21
-97.7966599999999886
0
LINE
8
BLACK
6
CONTINUOUS
10
216.2843989999999792
20
-97.7966599999999886
11
216.2771879999999953
21
-97.7980949999999893
0
LINE
8
BLACK
6
CONTINUOUS
10
216.2771879999999953
20
-97.7980949999999893
11
216.0105209999999829
21
-97.7980949999999893
0
LINE
8
BLACK
6
CONTINUOUS
10
216.0105209999999829
20
-97.7980949999999893
11
216.0033129999999915
21
-97.7966610000000003
0
LINE
8
BLACK
6
CONTINUOUS
10
216.0033129999999915
20
-97.7966610000000003
11
215.9959690000000023
21
-97.7963039999999921
0
LINE
8
BLACK
6
CONTINUOUS
10
215.9959690000000023
20
-97.7963039999999921
11
215.8435879999999827
21
-97.7582069999999987
0
LINE
8
BLACK
6
CONTINUOUS
10
215.8435879999999827
20
-97.7582069999999987
11
215.8377129999999795
21
-97.755431999999999
0
LINE
8
BLACK
6
CONTINUOUS
10
215.8377129999999795
20
-97.755431999999999
11
215.8351789999999824
21
-97.755431999999999
0
LINE
8
BLACK
6
CONTINUOUS
10
215.8351789999999824
20
-97.755431999999999
11
215.8290659999999832
21
-97.7513469999999955
0
LINE
8
BLACK
6
CONTINUOUS
10
215.8290659999999832
20
-97.7513469999999955
11
215.8224199999999939
21
-97.7482079999999911
0
LINE
8
BLACK
6
CONTINUOUS
10
215.8224199999999939
20
-97.7482079999999911
11
215.8211159999999893
21
-97.7460339999999945
0
LINE
8
BLACK
6
CONTINUOUS
10
215.8211159999999893
20
-97.7460339999999945
11
215.8157139999999856
21
-97.7424249999999972
0
LINE
8
BLACK
6
CONTINUOUS
10
215.8157139999999856
20
-97.7424249999999972
11
215.7395239999999887
21
-97.6662350000000004
0
LINE
8
BLACK
6
CONTINUOUS
10
215.7395239999999887
20
-97.6662350000000004
11
215.734185999999994
21
-97.6582469999999887
0
LINE
8
BLACK
6
CONTINUOUS
10
215.734185999999994
20
-97.6582469999999887
11
215.7282840000000022
21
-97.6506419999999906
0
LINE
8
BLACK
6
CONTINUOUS
10
215.7282840000000022
20
-97.6506419999999906
11
215.6901890000000037
21
-97.5744509999999963
0
LINE
8
BLACK
6
CONTINUOUS
10
215.6901890000000037
20
-97.5744509999999963
11
215.6893949999999904
21
-97.571551999999997
0
LINE
8
BLACK
6
CONTINUOUS
10
215.6893949999999904
20
-97.571551999999997
11
215.6884220000000028
21
-97.5705789999999951
0
LINE
8
BLACK
6
CONTINUOUS
10
215.6884220000000028
20
-97.5705789999999951
11
215.6865449999999953
21
-97.5611459999999937
0
LINE
8
BLACK
6
CONTINUOUS
10
215.6865449999999953
20
-97.5611459999999937
11
215.6840059999999824
21
-97.5518709999999913
0
LINE
8
BLACK
6
CONTINUOUS
10
215.6840059999999824
20
-97.5518709999999913
11
215.6844409999999925
21
-97.5505649999999918
0
LINE
8
BLACK
6
CONTINUOUS
10
215.6844409999999925
20
-97.5505649999999918
11
215.6838549999999941
21
-97.5476179999999999
0
LINE
8
BLACK
6
CONTINUOUS
10
215.6838549999999941
20
-97.5476179999999999
11
215.6838549999999941
21
-97.3952369999999945
0
LINE
8
BLACK
6
CONTINUOUS
10
215.6838549999999941
20
-97.3952369999999945
11
215.6844409999999925
21
-97.392288999999991
0
LINE
8
BLACK
6
CONTINUOUS
10
215.6844409999999925
20
-97.392288999999991
11
215.6840059999999824
21
-97.3909839999999889
0
LINE
8
BLACK
6
CONTINUOUS
10
215.6840059999999824
20
-97.3909839999999889
11
215.6865449999999953
21
-97.3817079999999891
0
LINE
8
BLACK
6
CONTINUOUS
10
215.6865449999999953
20
-97.3817079999999891
11
215.6884220000000028
21
-97.3722759999999994
0
LINE
8
BLACK
6
CONTINUOUS
10
215.6884220000000028
20
-97.3722759999999994
11
215.6893949999999904
21
-97.371302
0
LINE
8
BLACK
6
CONTINUOUS
10
215.6893949999999904
20
-97.371302
11
215.6901890000000037
21
-97.3684039999999982
0
LINE
8
BLACK
6
CONTINUOUS
10
215.6901890000000037
20
-97.3684039999999982
11
215.7282840000000022
21
-97.2922140000000013
0
LINE
8
BLACK
6
CONTINUOUS
10
215.7282840000000022
20
-97.2922140000000013
11
215.7341789999999833
21
-97.2846169999999972
0
LINE
8
BLACK
6
CONTINUOUS
10
215.7341789999999833
20
-97.2846169999999972
11
215.7395229999999913
21
-97.2766209999999916
0
LINE
8
BLACK
6
CONTINUOUS
10
215.7395229999999913
20
-97.2766209999999916
11
215.8157139999999856
21
-97.2004299999999972
0
LINE
8
BLACK
6
CONTINUOUS
10
215.8157139999999856
20
-97.2004299999999972
11
215.8211159999999893
21
-97.1968200000000024
0
LINE
8
BLACK
6
CONTINUOUS
10
215.8211159999999893
20
-97.1968200000000024
11
215.8224199999999939
21
-97.1946469999999891
0
LINE
8
BLACK
6
CONTINUOUS
10
215.8224199999999939
20
-97.1946469999999891
11
215.8290679999999782
21
-97.1915059999999897
0
LINE
8
BLACK
6
CONTINUOUS
10
215.8290679999999782
20
-97.1915059999999897
11
215.8351789999999824
21
-97.1874229999999955
0
LINE
8
BLACK
6
CONTINUOUS
10
215.8351789999999824
20
-97.1874229999999955
11
215.837711999999982
21
-97.1874229999999955
0
LINE
8
BLACK
6
CONTINUOUS
10
215.837711999999982
20
-97.1874229999999955
11
215.8435879999999827
21
-97.1846469999999982
0
LINE
8
BLACK
6
CONTINUOUS
10
215.8435879999999827
20
-97.1846469999999982
11
215.9959690000000023
21
-97.1465519999999998
0
LINE
8
BLACK
6
CONTINUOUS
10
215.9959690000000023
20
-97.1465519999999998
11
216.0033129999999915
21
-97.1461939999999942
0
LINE
8
BLACK
6
CONTINUOUS
10
216.0033129999999915
20
-97.1461939999999942
11
216.0105209999999829
21
-97.1447610000000026
0
LINE
8
BLACK
6
CONTINUOUS
10
216.0105209999999829
20
-97.1447610000000026
11
216.2771879999999953
21
-97.1447610000000026
0
LINE
8
BLACK
6
CONTINUOUS
10
216.2771879999999953
20
-97.1447610000000026
11
216.2843949999999893
21
-97.1461939999999942
0
LINE
8
BLACK
6
CONTINUOUS
10
215.8888139999999964
20
-97.2970339999999965
11
215.8312619999999811
21
-97.3545869999999951
0
LINE
8
BLACK
6
CONTINUOUS
10
215.8312619999999811
20
-97.3545869999999951
11
215.8038549999999987
21
-97.409402
0
LINE
8
BLACK
6
CONTINUOUS
10
215.8038549999999987
20
-97.409402
11
215.8038549999999987
21
-97.5334529999999944
0
LINE
8
BLACK
6
CONTINUOUS
10
215.8038549999999987
20
-97.5334529999999944
11
215.8312619999999811
21
-97.5882689999999968
0
LINE
8
BLACK
6
CONTINUOUS
10
215.8312619999999811
20
-97.5882689999999968
11
215.8888139999999964
21
-97.645820999999998
0
LINE
8
BLACK
6
CONTINUOUS
10
215.8888139999999964
20
-97.645820999999998
11
216.0179049999999847
21
-97.678094999999999
0
LINE
8
BLACK
6
CONTINUOUS
10
216.0179049999999847
20
-97.678094999999999
11
216.2698039999999935
21
-97.678094999999999
0
LINE
8
BLACK
6
CONTINUOUS
10
216.2698039999999935
20
-97.678094999999999
11
216.3988939999999843
21
-97.6458200000000005
0
LINE
8
BLACK
6
CONTINUOUS
10
216.3988939999999843
20
-97.6458200000000005
11
216.4564469999999972
21
-97.5882670000000019
0
LINE
8
BLACK
6
CONTINUOUS
10
216.4564469999999972
20
-97.5882670000000019
11
216.4838549999999771
21
-97.5334529999999944
0
LINE
8
BLACK
6
CONTINUOUS
10
216.4838549999999771
20
-97.5334529999999944
11
216.4838549999999771
21
-97.409402
0
LINE
8
BLACK
6
CONTINUOUS
10
216.4838549999999771
20
-97.409402
11
216.4564469999999972
21
-97.3545869999999951
0
LINE
8
BLACK
6
CONTINUOUS
10
216.4564469999999972
20
-97.3545869999999951
11
216.3988949999999818
21
-97.2970339999999965
0
LINE
8
BLACK
6
CONTINUOUS
10
216.3988949999999818
20
-97.2970339999999965
11
216.2698000000000036
21
-97.2647609999999929
0
LINE
8
BLACK
6
CONTINUOUS
10
216.2698000000000036
20
-97.2647609999999929
11
216.0179049999999847
21
-97.2647609999999929
0
LINE
8
BLACK
6
CONTINUOUS
10
216.0179049999999847
20
-97.2647609999999929
11
215.8888139999999964
21
-97.2970339999999965
0
LINE
8
BLACK
6
CONTINUOUS
10
218.8243949999999813
20
-97.1461939999999942
11
218.8317399999999964
21
-97.1465519999999998
0
LINE
8
BLACK
6
CONTINUOUS
10
218.8317399999999964
20
-97.1465519999999998
11
218.9841209999999876
21
-97.1846479999999957
0
LINE
8
BLACK
6
CONTINUOUS
10
218.9841209999999876
20
-97.1846479999999957
11
218.9899959999999908
21
-97.1874229999999955
0
LINE
8
BLACK
6
CONTINUOUS
10
218.9899959999999908
20
-97.1874229999999955
11
218.9925299999999879
21
-97.1874229999999955
0
LINE
8
BLACK
6
CONTINUOUS
10
218.9925299999999879
20
-97.1874229999999955
11
218.9986419999999896
21
-97.1915070000000014
0
LINE
8
BLACK
6
CONTINUOUS
10
218.9986419999999896
20
-97.1915070000000014
11
219.0052889999999763
21
-97.1946469999999891
0
LINE
8
BLACK
6
CONTINUOUS
10
219.0052889999999763
20
-97.1946469999999891
11
219.0065919999999835
21
-97.1968200000000024
0
LINE
8
BLACK
6
CONTINUOUS
10
219.0065919999999835
20
-97.1968200000000024
11
219.0119949999999847
21
-97.2004299999999972
0
LINE
8
BLACK
6
CONTINUOUS
10
219.0119949999999847
20
-97.2004299999999972
11
219.088185999999979
21
-97.2766199999999941
0
LINE
8
BLACK
6
CONTINUOUS
10
219.088185999999979
20
-97.2766199999999941
11
219.0935279999999921
21
-97.2846150000000023
0
LINE
8
BLACK
6
CONTINUOUS
10
219.0935279999999921
20
-97.2846150000000023
11
219.099425999999994
21
-97.2922140000000013
0
LINE
8
BLACK
6
CONTINUOUS
10
219.099425999999994
20
-97.2922140000000013
11
219.1375209999999925
21
-97.3684039999999982
0
LINE
8
BLACK
6
CONTINUOUS
10
219.1375209999999925
20
-97.3684039999999982
11
219.1383139999999798
21
-97.371302
0
LINE
8
BLACK
6
CONTINUOUS
10
219.1383139999999798
20
-97.371302
11
219.1392879999999934
21
-97.3722759999999994
0
LINE
8
BLACK
6
CONTINUOUS
10
219.1392879999999934
20
-97.3722759999999994
11
219.1411640000000034
21
-97.3817079999999891
0
LINE
8
BLACK
6
CONTINUOUS
10
219.1411640000000034
20
-97.3817079999999891
11
219.1437039999999854
21
-97.3909839999999889
0
LINE
8
BLACK
6
CONTINUOUS
10
219.1437039999999854
20
-97.3909839999999889
11
219.1432679999999777
21
-97.392288999999991
0
LINE
8
BLACK
6
CONTINUOUS
10
219.1432679999999777
20
-97.392288999999991
11
219.1438550000000021
21
-97.3952369999999945
0
LINE
8
BLACK
6
CONTINUOUS
10
219.1438550000000021
20
-97.3952369999999945
11
219.1438550000000021
21
-97.5476179999999999
0
LINE
8
BLACK
6
CONTINUOUS
10
219.1438550000000021
20
-97.5476179999999999
11
219.1432679999999777
21
-97.5505649999999918
0
LINE
8
BLACK
6
CONTINUOUS
10
219.1432679999999777
20
-97.5505649999999918
11
219.1437039999999854
21
-97.5518709999999913
0
LINE
8
BLACK
6
CONTINUOUS
10
219.1437039999999854
20
-97.5518709999999913
11
219.1411640000000034
21
-97.5611439999999988
0
LINE
8
BLACK
6
CONTINUOUS
10
219.1411640000000034
20
-97.5611439999999988
11
219.1392879999999934
21
-97.5705789999999951
0
LINE
8
BLACK
6
CONTINUOUS
10
219.1392879999999934
20
-97.5705789999999951
11
219.1383139999999798
21
-97.571551999999997
0
LINE
8
BLACK
6
CONTINUOUS
10
219.1383139999999798
20
-97.571551999999997
11
219.1375209999999925
21
-97.5744499999999988
0
LINE
8
BLACK
6
CONTINUOUS
10
219.1375209999999925
20
-97.5744499999999988
11
219.099425999999994
21
-97.6506419999999906
0
LINE
8
BLACK
6
CONTINUOUS
10
219.099425999999994
20
-97.6506419999999906
11
219.0935229999999763
21
-97.6582469999999887
0
LINE
8
BLACK
6
CONTINUOUS
10
219.0935229999999763
20
-97.6582469999999887
11
219.088185999999979
21
-97.6662350000000004
0
LINE
8
BLACK
6
CONTINUOUS
10
219.088185999999979
20
-97.6662350000000004
11
219.0119949999999847
21
-97.7424259999999947
0
LINE
8
BLACK
6
CONTINUOUS
10
219.0119949999999847
20
-97.7424259999999947
11
219.0065919999999835
21
-97.7460359999999895
0
LINE
8
BLACK
6
CONTINUOUS
10
219.0065919999999835
20
-97.7460359999999895
11
219.0052889999999763
21
-97.7482079999999911
0
LINE
8
BLACK
6
CONTINUOUS
10
219.0052889999999763
20
-97.7482079999999911
11
218.9986429999999871
21
-97.7513469999999955
0
LINE
8
BLACK
6
CONTINUOUS
10
218.9986429999999871
20
-97.7513469999999955
11
218.9925299999999879
21
-97.755431999999999
0
LINE
8
BLACK
6
CONTINUOUS
10
218.9925299999999879
20
-97.755431999999999
11
218.9899959999999908
21
-97.755431999999999
0
LINE
8
BLACK
6
CONTINUOUS
10
218.9899959999999908
20
-97.755431999999999
11
218.9841209999999876
21
-97.7582069999999987
0
LINE
8
BLACK
6
CONTINUOUS
10
218.9841209999999876
20
-97.7582069999999987
11
218.8317399999999964
21
-97.7963029999999947
0
LINE
8
BLACK
6
CONTINUOUS
10
218.8317399999999964
20
-97.7963029999999947
11
218.8243989999999997
21
-97.7966599999999886
0
LINE
8
BLACK
6
CONTINUOUS
10
218.8243989999999997
20
-97.7966599999999886
11
218.8171879999999874
21
-97.7980949999999893
0
LINE
8
BLACK
6
CONTINUOUS
10
218.8171879999999874
20
-97.7980949999999893
11
218.5505210000000034
21
-97.7980949999999893
0
LINE
8
BLACK
6
CONTINUOUS
10
218.5505210000000034
20
-97.7980949999999893
11
218.5433129999999835
21
-97.7966610000000003
0
LINE
8
BLACK
6
CONTINUOUS
10
218.5433129999999835
20
-97.7966610000000003
11
218.5359689999999944
21
-97.7963039999999921
0
LINE
8
BLACK
6
CONTINUOUS
10
218.5359689999999944
20
-97.7963039999999921
11
218.3835880000000031
21
-97.7582069999999987
0
LINE
8
BLACK
6
CONTINUOUS
10
218.3835880000000031
20
-97.7582069999999987
11
218.377713
21
-97.755431999999999
0
LINE
8
BLACK
6
CONTINUOUS
10
218.377713
20
-97.755431999999999
11
218.3751790000000028
21
-97.755431999999999
0
LINE
8
BLACK
6
CONTINUOUS
10
218.3751790000000028
20
-97.755431999999999
11
218.3690660000000037
21
-97.7513469999999955
0
LINE
8
BLACK
6
CONTINUOUS
10
218.3690660000000037
20
-97.7513469999999955
11
218.362419999999986
21
-97.7482079999999911
0
LINE
8
BLACK
6
CONTINUOUS
10
218.362419999999986
20
-97.7482079999999911
11
218.3611159999999813
21
-97.7460339999999945
0
LINE
8
BLACK
6
CONTINUOUS
10
218.3611159999999813
20
-97.7460339999999945
11
218.3557139999999777
21
-97.7424249999999972
0
LINE
8
BLACK
6
CONTINUOUS
10
218.3557139999999777
20
-97.7424249999999972
11
218.2795239999999808
21
-97.6662350000000004
0
LINE
8
BLACK
6
CONTINUOUS
10
218.2795239999999808
20
-97.6662350000000004
11
218.2741859999999861
21
-97.6582469999999887
0
LINE
8
BLACK
6
CONTINUOUS
10
218.2741859999999861
20
-97.6582469999999887
11
218.2682839999999942
21
-97.6506419999999906
0
LINE
8
BLACK
6
CONTINUOUS
10
218.2682839999999942
20
-97.6506419999999906
11
218.2301889999999958
21
-97.5744509999999963
0
LINE
8
BLACK
6
CONTINUOUS
10
218.2301889999999958
20
-97.5744509999999963
11
218.2293949999999825
21
-97.571551999999997
0
LINE
8
BLACK
6
CONTINUOUS
10
218.2293949999999825
20
-97.571551999999997
11
218.2284219999999948
21
-97.5705789999999951
0
LINE
8
BLACK
6
CONTINUOUS
10
218.2284219999999948
20
-97.5705789999999951
11
218.2265449999999873
21
-97.5611459999999937
0
LINE
8
BLACK
6
CONTINUOUS
10
218.2265449999999873
20
-97.5611459999999937
11
218.2240060000000028
21
-97.5518709999999913
0
LINE
8
BLACK
6
CONTINUOUS
10
218.2240060000000028
20
-97.5518709999999913
11
218.2244409999999846
21
-97.5505649999999918
0
LINE
8
BLACK
6
CONTINUOUS
10
218.2244409999999846
20
-97.5505649999999918
11
218.2238549999999861
21
-97.5476179999999999
0
LINE
8
BLACK
6
CONTINUOUS
10
218.2238549999999861
20
-97.5476179999999999
11
218.2238549999999861
21
-97.3952369999999945
0
LINE
8
BLACK
6
CONTINUOUS
10
218.2238549999999861
20
-97.3952369999999945
11
218.2244409999999846
21
-97.392288999999991
0
LINE
8
BLACK
6
CONTINUOUS
10
218.2244409999999846
20
-97.392288999999991
11
218.2240060000000028
21
-97.3909839999999889
0
LINE
8
BLACK
6
CONTINUOUS
10
218.2240060000000028
20
-97.3909839999999889
11
218.2265449999999873
21
-97.3817079999999891
0
LINE
8
BLACK
6
CONTINUOUS
10
218.2265449999999873
20
-97.3817079999999891
11
218.2284219999999948
21
-97.3722759999999994
0
LINE
8
BLACK
6
CONTINUOUS
10
218.2284219999999948
20
-97.3722759999999994
11
218.2293949999999825
21
-97.371302
0
LINE
8
BLACK
6
CONTINUOUS
10
218.2293949999999825
20
-97.371302
11
218.2301889999999958
21
-97.3684039999999982
0
LINE
8
BLACK
6
CONTINUOUS
10
218.2301889999999958
20
-97.3684039999999982
11
218.2682839999999942
21
-97.2922140000000013
0
LINE
8
BLACK
6
CONTINUOUS
10
218.2682839999999942
20
-97.2922140000000013
11
218.2741790000000037
21
-97.2846169999999972
0
LINE
8
BLACK
6
CONTINUOUS
10
218.2741790000000037
20
-97.2846169999999972
11
218.2795229999999833
21
-97.2766209999999916
0
LINE
8
BLACK
6
CONTINUOUS
10
218.2795229999999833
20
-97.2766209999999916
11
218.3557139999999777
21
-97.2004299999999972
0
LINE
8
BLACK
6
CONTINUOUS
10
218.3557139999999777
20
-97.2004299999999972
11
218.3611159999999813
21
-97.1968200000000024
0
LINE
8
BLACK
6
CONTINUOUS
10
218.3611159999999813
20
-97.1968200000000024
11
218.362419999999986
21
-97.1946469999999891
0
LINE
8
BLACK
6
CONTINUOUS
10
218.362419999999986
20
-97.1946469999999891
11
218.3690679999999986
21
-97.1915059999999897
0
LINE
8
BLACK
6
CONTINUOUS
10
218.3690679999999986
20
-97.1915059999999897
11
218.3751790000000028
21
-97.1874229999999955
0
LINE
8
BLACK
6
CONTINUOUS
10
218.3751790000000028
20
-97.1874229999999955
11
218.3777120000000025
21
-97.1874229999999955
0
LINE
8
BLACK
6
CONTINUOUS
10
218.3777120000000025
20
-97.1874229999999955
11
218.3835880000000031
21
-97.1846469999999982
0
LINE
8
BLACK
6
CONTINUOUS
10
218.3835880000000031
20
-97.1846469999999982
11
218.5359689999999944
21
-97.1465519999999998
0
LINE
8
BLACK
6
CONTINUOUS
10
218.5359689999999944
20
-97.1465519999999998
11
218.5433129999999835
21
-97.1461939999999942
0
LINE
8
BLACK
6
CONTINUOUS
10
218.5433129999999835
20
-97.1461939999999942
11
218.5505210000000034
21
-97.1447610000000026
0
LINE
8
BLACK
6
CONTINUOUS
10
218.5505210000000034
20
-97.1447610000000026
11
218.8171879999999874
21
-97.1447610000000026
0
LINE
8
BLACK
6
CONTINUOUS
10
218.8171879999999874
20
-97.1447610000000026
11
218.8243949999999813
21
-97.1461939999999942
0
LINE
8
BLACK
6
CONTINUOUS
10
218.4288139999999885
20
-97.2970339999999965
11
218.3712620000000015
21
-97.3545869999999951
0
LINE
8
BLACK
6
CONTINUOUS
10
218.3712620000000015
20
-97.3545869999999951
11
218.3438549999999907
21
-97.409402
0
LINE
8
BLACK
6
CONTINUOUS
10
218.3438549999999907
20
-97.409402
11
218.3438549999999907
21
-97.5334529999999944
0
LINE
8
BLACK
6
CONTINUOUS
10
218.3438549999999907
20
-97.5334529999999944
11
218.3712620000000015
21
-97.5882689999999968
0
LINE
8
BLACK
6
CONTINUOUS
10
218.3712620000000015
20
-97.5882689999999968
11
218.4288139999999885
21
-97.645820999999998
0
LINE
8
BLACK
6
CONTINUOUS
10
218.4288139999999885
20
-97.645820999999998
11
218.5579049999999768
21
-97.678094999999999
0
LINE
8
BLACK
6
CONTINUOUS
10
218.5579049999999768
20
-97.678094999999999
11
218.8098039999999855
21
-97.678094999999999
0
LINE
8
BLACK
6
CONTINUOUS
10
218.8098039999999855
20
-97.678094999999999
11
218.9388939999999764
21
-97.6458200000000005
0
LINE
8
BLACK
6
CONTINUOUS
10
218.9388939999999764
20
-97.6458200000000005
11
218.9964469999999892
21
-97.5882670000000019
0
LINE
8
BLACK
6
CONTINUOUS
10
218.9964469999999892
20
-97.5882670000000019
11
219.0238549999999975
21
-97.5334529999999944
0
LINE
8
BLACK
6
CONTINUOUS
10
219.0238549999999975
20
-97.5334529999999944
11
219.0238549999999975
21
-97.409402
0
LINE
8
BLACK
6
CONTINUOUS
10
219.0238549999999975
20
-97.409402
11
218.9964469999999892
21
-97.3545869999999951
0
LINE
8
BLACK
6
CONTINUOUS
10
218.9964469999999892
20
-97.3545869999999951
11
218.9388950000000023
21
-97.2970339999999965
0
LINE
8
BLACK
6
CONTINUOUS
10
218.9388950000000023
20
-97.2970339999999965
11
218.8097999999999956
21
-97.2647609999999929
0
LINE
8
BLACK
6
CONTINUOUS
10
218.8097999999999956
20
-97.2647609999999929
11
218.5579049999999768
21
-97.2647609999999929
0
LINE
8
BLACK
6
CONTINUOUS
10
218.5579049999999768
20
-97.2647609999999929
11
218.4288139999999885
21
-97.2970339999999965
0
LINE
8
BLACK
6
CONTINUOUS
10
208.9468159999999841
20
-97.6445659999999975
11
208.9792879999999968
21
-97.677037999999996
0
LINE
8
BLACK
6
CONTINUOUS
10
208.9792879999999968
20
-97.677037999999996
11
208.9792879999999968
21
-97.7229600000000005
0
LINE
8
BLACK
6
CONTINUOUS
10
208.9792879999999968
20
-97.7229600000000005
11
208.9468159999999841
21
-97.755431999999999
0
LINE
8
BLACK
6
CONTINUOUS
10
208.9468159999999841
20
-97.755431999999999
11
208.9238550000000032
21
-97.7599989999999934
0
LINE
8
BLACK
6
CONTINUOUS
10
208.9238550000000032
20
-97.7599989999999934
11
208.1238549999999918
21
-97.7599989999999934
0
LINE
8
BLACK
6
CONTINUOUS
10
208.1238549999999918
20
-97.7599989999999934
11
208.1008939999999825
21
-97.755431999999999
0
LINE
8
BLACK
6
CONTINUOUS
10
208.1008939999999825
20
-97.755431999999999
11
208.0684219999999982
21
-97.7229600000000005
0
LINE
8
BLACK
6
CONTINUOUS
10
208.0684219999999982
20
-97.7229600000000005
11
208.0684219999999982
21
-97.677037999999996
0
LINE
8
BLACK
6
CONTINUOUS
10
208.0684219999999982
20
-97.677037999999996
11
208.1008939999999825
21
-97.6445659999999975
0
LINE
8
BLACK
6
CONTINUOUS
10
208.1008939999999825
20
-97.6445659999999975
11
208.1238549999999918
21
-97.6399989999999889
0
LINE
8
BLACK
6
CONTINUOUS
10
208.1238549999999918
20
-97.6399989999999889
11
208.9238550000000032
21
-97.6399989999999889
0
LINE
8
BLACK
6
CONTINUOUS
10
208.9238550000000032
20
-97.6399989999999889
11
208.9468159999999841
21
-97.6445659999999975
0
LINE
8
BLACK
6
CONTINUOUS
10
211.4868160000000046
20
-97.6445659999999975
11
211.5192879999999889
21
-97.677037999999996
0
LINE
8
BLACK
6
CONTINUOUS
10
211.5192879999999889
20
-97.677037999999996
11
211.5192879999999889
21
-97.7229600000000005
0
LINE
8
BLACK
6
CONTINUOUS
10
211.5192879999999889
20
-97.7229600000000005
11
211.4868160000000046
21
-97.755431999999999
0
LINE
8
BLACK
6
CONTINUOUS
10
211.4868160000000046
20
-97.755431999999999
11
211.4638549999999952
21
-97.7599989999999934
0
LINE
8
BLACK
6
CONTINUOUS
10
211.4638549999999952
20
-97.7599989999999934
11
210.6638549999999839
21
-97.7599989999999934
0
LINE
8
BLACK
6
CONTINUOUS
10
210.6638549999999839
20
-97.7599989999999934
11
210.640894000000003
21
-97.755431999999999
0
LINE
8
BLACK
6
CONTINUOUS
10
210.640894000000003
20
-97.755431999999999
11
210.6084219999999902
21
-97.7229600000000005
0
LINE
8
BLACK
6
CONTINUOUS
10
210.6084219999999902
20
-97.7229600000000005
11
210.6084219999999902
21
-97.677037999999996
0
LINE
8
BLACK
6
CONTINUOUS
10
210.6084219999999902
20
-97.677037999999996
11
210.640894000000003
21
-97.6445659999999975
0
LINE
8
BLACK
6
CONTINUOUS
10
210.640894000000003
20
-97.6445659999999975
11
210.6638549999999839
21
-97.6399989999999889
0
LINE
8
BLACK
6
CONTINUOUS
10
210.6638549999999839
20
-97.6399989999999889
11
211.4638549999999952
21
-97.6399989999999889
0
LINE
8
BLACK
6
CONTINUOUS
10
211.4638549999999952
20
-97.6399989999999889
11
211.4868160000000046
21
-97.6445659999999975
0
LINE
8
BLACK
6
CONTINUOUS
10
208.6643949999999847
20
-96.7652420000000006
11
208.6717399999999998
21
-96.7655999999999921
0
LINE
8
BLACK
6
CONTINUOUS
10
208.6717399999999998
20
-96.7655999999999921
11
208.824120999999991
21
-96.8036960000000022
0
LINE
8
BLACK
6
CONTINUOUS
10
208.824120999999991
20
-96.8036960000000022
11
208.8299959999999942
21
-96.8064710000000019
0
LINE
8
BLACK
6
CONTINUOUS
10
208.8299959999999942
20
-96.8064710000000019
11
208.8325299999999913
21
-96.8064710000000019
0
LINE
8
BLACK
6
CONTINUOUS
10
208.8325299999999913
20
-96.8064710000000019
11
208.838641999999993
21
-96.8105549999999937
0
LINE
8
BLACK
6
CONTINUOUS
10
208.838641999999993
20
-96.8105549999999937
11
208.8452889999999798
21
-96.8136949999999956
0
LINE
8
BLACK
6
CONTINUOUS
10
208.8452889999999798
20
-96.8136949999999956
11
208.8465919999999869
21
-96.8158679999999947
0
LINE
8
BLACK
6
CONTINUOUS
10
208.8465919999999869
20
-96.8158679999999947
11
208.8519949999999881
21
-96.8194779999999895
0
LINE
8
BLACK
6
CONTINUOUS
10
208.8519949999999881
20
-96.8194779999999895
11
208.9281859999999824
21
-96.8956680000000006
0
LINE
8
BLACK
6
CONTINUOUS
10
208.9281859999999824
20
-96.8956680000000006
11
208.9335279999999955
21
-96.9036629999999946
0
LINE
8
BLACK
6
CONTINUOUS
10
208.9335279999999955
20
-96.9036629999999946
11
208.9394259999999974
21
-96.9112619999999936
0
LINE
8
BLACK
6
CONTINUOUS
10
208.9394259999999974
20
-96.9112619999999936
11
208.9775209999999959
21
-96.9874519999999904
0
LINE
8
BLACK
6
CONTINUOUS
10
208.9775209999999959
20
-96.9874519999999904
11
208.9783139999999833
21
-96.9903499999999923
0
LINE
8
BLACK
6
CONTINUOUS
10
208.9783139999999833
20
-96.9903499999999923
11
208.9792879999999968
21
-96.9913239999999917
0
LINE
8
BLACK
6
CONTINUOUS
10
208.9792879999999968
20
-96.9913239999999917
11
208.9811639999999784
21
-97.0007559999999955
0
LINE
8
BLACK
6
CONTINUOUS
10
208.9811639999999784
20
-97.0007559999999955
11
208.9837039999999888
21
-97.0100319999999954
0
LINE
8
BLACK
6
CONTINUOUS
10
208.9837039999999888
20
-97.0100319999999954
11
208.9832679999999812
21
-97.0113369999999975
0
LINE
8
BLACK
6
CONTINUOUS
10
208.9832679999999812
20
-97.0113369999999975
11
208.9838549999999771
21
-97.014285000000001
0
LINE
8
BLACK
6
CONTINUOUS
10
208.9838549999999771
20
-97.014285000000001
11
208.9838549999999771
21
-97.1666659999999922
0
LINE
8
BLACK
6
CONTINUOUS
10
208.9838549999999771
20
-97.1666659999999922
11
208.9832679999999812
21
-97.1696129999999982
0
LINE
8
BLACK
6
CONTINUOUS
10
208.9832679999999812
20
-97.1696129999999982
11
208.9837039999999888
21
-97.1709189999999978
0
LINE
8
BLACK
6
CONTINUOUS
10
208.9837039999999888
20
-97.1709189999999978
11
208.9811639999999784
21
-97.180191999999991
0
LINE
8
BLACK
6
CONTINUOUS
10
208.9811639999999784
20
-97.180191999999991
11
208.9792879999999968
21
-97.1896270000000015
0
LINE
8
BLACK
6
CONTINUOUS
10
208.9792879999999968
20
-97.1896270000000015
11
208.9783139999999833
21
-97.1905999999999892
0
LINE
8
BLACK
6
CONTINUOUS
10
208.9783139999999833
20
-97.1905999999999892
11
208.9775209999999959
21
-97.1934979999999911
0
LINE
8
BLACK
6
CONTINUOUS
10
208.9775209999999959
20
-97.1934979999999911
11
208.9394259999999974
21
-97.2696899999999971
0
LINE
8
BLACK
6
CONTINUOUS
10
208.9394259999999974
20
-97.2696899999999971
11
208.9335229999999797
21
-97.2772949999999952
0
LINE
8
BLACK
6
CONTINUOUS
10
208.9335229999999797
20
-97.2772949999999952
11
208.9281859999999824
21
-97.2852829999999926
0
LINE
8
BLACK
6
CONTINUOUS
10
208.9281859999999824
20
-97.2852829999999926
11
208.8519949999999881
21
-97.3614740000000012
0
LINE
8
BLACK
6
CONTINUOUS
10
208.8519949999999881
20
-97.3614740000000012
11
208.8465919999999869
21
-97.365083999999996
0
LINE
8
BLACK
6
CONTINUOUS
10
208.8465919999999869
20
-97.365083999999996
11
208.8452889999999798
21
-97.3672559999999976
0
LINE
8
BLACK
6
CONTINUOUS
10
208.8452889999999798
20
-97.3672559999999976
11
208.8386429999999905
21
-97.370395000000002
0
LINE
8
BLACK
6
CONTINUOUS
10
208.8386429999999905
20
-97.370395000000002
11
208.8325299999999913
21
-97.3744799999999913
0
LINE
8
BLACK
6
CONTINUOUS
10
208.8325299999999913
20
-97.3744799999999913
11
208.8299959999999942
21
-97.3744799999999913
0
LINE
8
BLACK
6
CONTINUOUS
10
208.8299959999999942
20
-97.3744799999999913
11
208.824120999999991
21
-97.377254999999991
0
LINE
8
BLACK
6
CONTINUOUS
10
208.824120999999991
20
-97.377254999999991
11
208.6717399999999998
21
-97.4153510000000011
0
LINE
8
BLACK
6
CONTINUOUS
10
208.6717399999999998
20
-97.4153510000000011
11
208.6643990000000031
21
-97.4157079999999951
0
LINE
8
BLACK
6
CONTINUOUS
10
208.6643990000000031
20
-97.4157079999999951
11
208.6571879999999908
21
-97.4171429999999958
0
LINE
8
BLACK
6
CONTINUOUS
10
208.6571879999999908
20
-97.4171429999999958
11
208.3905209999999784
21
-97.4171429999999958
0
LINE
8
BLACK
6
CONTINUOUS
10
208.3905209999999784
20
-97.4171429999999958
11
208.3833129999999869
21
-97.4157089999999926
0
LINE
8
BLACK
6
CONTINUOUS
10
208.3833129999999869
20
-97.4157089999999926
11
208.3759689999999978
21
-97.4153519999999986
0
LINE
8
BLACK
6
CONTINUOUS
10
208.3759689999999978
20
-97.4153519999999986
11
208.2235879999999781
21
-97.377254999999991
0
LINE
8
BLACK
6
CONTINUOUS
10
208.2235879999999781
20
-97.377254999999991
11
208.2177130000000034
21
-97.3744799999999913
0
LINE
8
BLACK
6
CONTINUOUS
10
208.2177130000000034
20
-97.3744799999999913
11
208.2151789999999778
21
-97.3744799999999913
0
LINE
8
BLACK
6
CONTINUOUS
10
208.2151789999999778
20
-97.3744799999999913
11
208.2090659999999787
21
-97.370395000000002
0
LINE
8
BLACK
6
CONTINUOUS
10
208.2090659999999787
20
-97.370395000000002
11
208.2024199999999894
21
-97.3672559999999976
0
LINE
8
BLACK
6
CONTINUOUS
10
208.2024199999999894
20
-97.3672559999999976
11
208.2011159999999848
21
-97.365082000000001
0
LINE
8
BLACK
6
CONTINUOUS
10
208.2011159999999848
20
-97.365082000000001
11
208.1957139999999811
21
-97.3614729999999895
0
LINE
8
BLACK
6
CONTINUOUS
10
208.1957139999999811
20
-97.3614729999999895
11
208.1195239999999842
21
-97.2852829999999926
0
LINE
8
BLACK
6
CONTINUOUS
10
208.1195239999999842
20
-97.2852829999999926
11
208.1141859999999895
21
-97.2772949999999952
0
LINE
8
BLACK
6
CONTINUOUS
10
208.1141859999999895
20
-97.2772949999999952
11
208.1082839999999976
21
-97.2696899999999971
0
LINE
8
BLACK
6
CONTINUOUS
10
208.1082839999999976
20
-97.2696899999999971
11
208.0701889999999992
21
-97.1934989999999885
0
LINE
8
BLACK
6
CONTINUOUS
10
208.0701889999999992
20
-97.1934989999999885
11
208.0693949999999859
21
-97.1905999999999892
0
LINE
8
BLACK
6
CONTINUOUS
10
208.0693949999999859
20
-97.1905999999999892
11
208.0684219999999982
21
-97.1896270000000015
0
LINE
8
BLACK
6
CONTINUOUS
10
208.0684219999999982
20
-97.1896270000000015
11
208.0665449999999908
21
-97.1801940000000002
0
LINE
8
BLACK
6
CONTINUOUS
10
208.0665449999999908
20
-97.1801940000000002
11
208.0640059999999778
21
-97.1709189999999978
0
LINE
8
BLACK
6
CONTINUOUS
10
208.0640059999999778
20
-97.1709189999999978
11
208.064440999999988
21
-97.1696129999999982
0
LINE
8
BLACK
6
CONTINUOUS
10
208.064440999999988
20
-97.1696129999999982
11
208.0638549999999896
21
-97.1666659999999922
0
LINE
8
BLACK
6
CONTINUOUS
10
208.0638549999999896
20
-97.1666659999999922
11
208.0638549999999896
21
-97.014285000000001
0
LINE
8
BLACK
6
CONTINUOUS
10
208.0638549999999896
20
-97.014285000000001
11
208.064440999999988
21
-97.0113369999999975
0
LINE
8
BLACK
6
CONTINUOUS
10
208.064440999999988
20
-97.0113369999999975
11
208.0640059999999778
21
-97.0100319999999954
0
LINE
8
BLACK
6
CONTINUOUS
10
208.0640059999999778
20
-97.0100319999999954
11
208.0665449999999908
21
-97.0007559999999955
0
LINE
8
BLACK
6
CONTINUOUS
10
208.0665449999999908
20
-97.0007559999999955
11
208.0684219999999982
21
-96.9913239999999917
0
LINE
8
BLACK
6
CONTINUOUS
10
208.0684219999999982
20
-96.9913239999999917
11
208.0693949999999859
21
-96.9903499999999923
0
LINE
8
BLACK
6
CONTINUOUS
10
208.0693949999999859
20
-96.9903499999999923
11
208.0701889999999992
21
-96.9874519999999904
0
LINE
8
BLACK
6
CONTINUOUS
10
208.0701889999999992
20
-96.9874519999999904
11
208.1082839999999976
21
-96.9112619999999936
0
LINE
8
BLACK
6
CONTINUOUS
10
208.1082839999999976
20
-96.9112619999999936
11
208.1141789999999787
21
-96.9036649999999895
0
LINE
8
BLACK
6
CONTINUOUS
10
208.1141789999999787
20
-96.9036649999999895
11
208.1195229999999867
21
-96.8956689999999981
0
LINE
8
BLACK
6
CONTINUOUS
10
208.1195229999999867
20
-96.8956689999999981
11
208.1957139999999811
21
-96.8194779999999895
0
LINE
8
BLACK
6
CONTINUOUS
10
208.1957139999999811
20
-96.8194779999999895
11
208.2011159999999848
21
-96.8158679999999947
0
LINE
8
BLACK
6
CONTINUOUS
10
208.2011159999999848
20
-96.8158679999999947
11
208.2024199999999894
21
-96.8136949999999956
0
LINE
8
BLACK
6
CONTINUOUS
10
208.2024199999999894
20
-96.8136949999999956
11
208.209068000000002
21
-96.8105539999999962
0
LINE
8
BLACK
6
CONTINUOUS
10
208.209068000000002
20
-96.8105539999999962
11
208.2151789999999778
21
-96.8064710000000019
0
LINE
8
BLACK
6
CONTINUOUS
10
208.2151789999999778
20
-96.8064710000000019
11
208.2177119999999775
21
-96.8064710000000019
0
LINE
8
BLACK
6
CONTINUOUS
10
208.2177119999999775
20
-96.8064710000000019
11
208.2235879999999781
21
-96.8036949999999905
0
LINE
8
BLACK
6
CONTINUOUS
10
208.2235879999999781
20
-96.8036949999999905
11
208.3759689999999978
21
-96.7655999999999921
0
LINE
8
BLACK
6
CONTINUOUS
10
208.3759689999999978
20
-96.7655999999999921
11
208.3833129999999869
21
-96.7652420000000006
0
LINE
8
BLACK
6
CONTINUOUS
10
208.3833129999999869
20
-96.7652420000000006
11
208.3905209999999784
21
-96.7638089999999949
0
LINE
8
BLACK
6
CONTINUOUS
10
208.3905209999999784
20
-96.7638089999999949
11
208.6571879999999908
21
-96.7638089999999949
0
LINE
8
BLACK
6
CONTINUOUS
10
208.6571879999999908
20
-96.7638089999999949
11
208.6643949999999847
21
-96.7652420000000006
0
LINE
8
BLACK
6
CONTINUOUS
10
208.2688139999999919
20
-96.9160819999999887
11
208.2112619999999765
21
-96.9736350000000016
0
LINE
8
BLACK
6
CONTINUOUS
10
208.2112619999999765
20
-96.9736350000000016
11
208.1838549999999941
21
-97.0284499999999923
0
LINE
8
BLACK
6
CONTINUOUS
10
208.1838549999999941
20
-97.0284499999999923
11
208.1838549999999941
21
-97.1525010000000009
0
LINE
8
BLACK
6
CONTINUOUS
10
208.1838549999999941
20
-97.1525010000000009
11
208.2112619999999765
21
-97.2073169999999891
0
LINE
8
BLACK
6
CONTINUOUS
10
208.2112619999999765
20
-97.2073169999999891
11
208.2688139999999919
21
-97.2648689999999903
0
LINE
8
BLACK
6
CONTINUOUS
10
208.2688139999999919
20
-97.2648689999999903
11
208.3979049999999802
21
-97.2971429999999913
0
LINE
8
BLACK
6
CONTINUOUS
10
208.3979049999999802
20
-97.2971429999999913
11
208.6498039999999889
21
-97.2971429999999913
0
LINE
8
BLACK
6
CONTINUOUS
10
208.6498039999999889
20
-97.2971429999999913
11
208.7788939999999798
21
-97.2648679999999928
0
LINE
8
BLACK
6
CONTINUOUS
10
208.7788939999999798
20
-97.2648679999999928
11
208.8364469999999926
21
-97.2073149999999941
0
LINE
8
BLACK
6
CONTINUOUS
10
208.8364469999999926
20
-97.2073149999999941
11
208.8638550000000009
21
-97.1525010000000009
0
LINE
8
BLACK
6
CONTINUOUS
10
208.8638550000000009
20
-97.1525010000000009
11
208.8638550000000009
21
-97.0284499999999923
0
LINE
8
BLACK
6
CONTINUOUS
10
208.8638550000000009
20
-97.0284499999999923
11
208.8364469999999926
21
-96.9736350000000016
0
LINE
8
BLACK
6
CONTINUOUS
10
208.8364469999999926
20
-96.9736350000000016
11
208.7788949999999772
21
-96.9160819999999887
0
LINE
8
BLACK
6
CONTINUOUS
10
208.7788949999999772
20
-96.9160819999999887
11
208.649799999999999
21
-96.8838089999999994
0
LINE
8
BLACK
6
CONTINUOUS
10
208.649799999999999
20
-96.8838089999999994
11
208.3979049999999802
21
-96.8838089999999994
0
LINE
8
BLACK
6
CONTINUOUS
10
208.3979049999999802
20
-96.8838089999999994
11
208.2688139999999919
21
-96.9160819999999887
0
LINE
8
BLACK
6
CONTINUOUS
10
211.2043949999999768
20
-96.7652420000000006
11
211.2117399999999918
21
-96.7655999999999921
0
LINE
8
BLACK
6
CONTINUOUS
10
211.2117399999999918
20
-96.7655999999999921
11
211.364120999999983
21
-96.8036960000000022
0
LINE
8
BLACK
6
CONTINUOUS
10
211.364120999999983
20
-96.8036960000000022
11
211.3699959999999862
21
-96.8064710000000019
0
LINE
8
BLACK
6
CONTINUOUS
10
211.3699959999999862
20
-96.8064710000000019
11
211.3725299999999834
21
-96.8064710000000019
0
LINE
8
BLACK
6
CONTINUOUS
10
211.3725299999999834
20
-96.8064710000000019
11
211.378641999999985
21
-96.8105549999999937
0
LINE
8
BLACK
6
CONTINUOUS
10
211.378641999999985
20
-96.8105549999999937
11
211.3852890000000002
21
-96.8136949999999956
0
LINE
8
BLACK
6
CONTINUOUS
10
211.3852890000000002
20
-96.8136949999999956
11
211.386591999999979
21
-96.8158679999999947
0
LINE
8
BLACK
6
CONTINUOUS
10
211.386591999999979
20
-96.8158679999999947
11
211.3919949999999801
21
-96.8194779999999895
0
LINE
8
BLACK
6
CONTINUOUS
10
211.3919949999999801
20
-96.8194779999999895
11
211.4681860000000029
21
-96.8956680000000006
0
LINE
8
BLACK
6
CONTINUOUS
10
211.4681860000000029
20
-96.8956680000000006
11
211.4735279999999875
21
-96.9036629999999946
0
LINE
8
BLACK
6
CONTINUOUS
10
211.4735279999999875
20
-96.9036629999999946
11
211.4794259999999895
21
-96.9112619999999936
0
LINE
8
BLACK
6
CONTINUOUS
10
211.4794259999999895
20
-96.9112619999999936
11
211.5175209999999879
21
-96.9874519999999904
0
LINE
8
BLACK
6
CONTINUOUS
10
211.5175209999999879
20
-96.9874519999999904
11
211.5183140000000037
21
-96.9903499999999923
0
LINE
8
BLACK
6
CONTINUOUS
10
211.5183140000000037
20
-96.9903499999999923
11
211.5192879999999889
21
-96.9913239999999917
0
LINE
8
BLACK
6
CONTINUOUS
10
211.5192879999999889
20
-96.9913239999999917
11
211.5211639999999989
21
-97.0007559999999955
0
LINE
8
BLACK
6
CONTINUOUS
10
211.5211639999999989
20
-97.0007559999999955
11
211.5237039999999809
21
-97.0100319999999954
0
LINE
8
BLACK
6
CONTINUOUS
10
211.5237039999999809
20
-97.0100319999999954
11
211.5232680000000016
21
-97.0113369999999975
0
LINE
8
BLACK
6
CONTINUOUS
10
211.5232680000000016
20
-97.0113369999999975
11
211.5238549999999975
21
-97.014285000000001
0
LINE
8
BLACK
6
CONTINUOUS
10
211.5238549999999975
20
-97.014285000000001
11
211.5238549999999975
21
-97.1666659999999922
0
LINE
8
BLACK
6
CONTINUOUS
10
211.5238549999999975
20
-97.1666659999999922
11
211.5232680000000016
21
-97.1696129999999982
0
LINE
8
BLACK
6
CONTINUOUS
10
211.5232680000000016
20
-97.1696129999999982
11
211.5237039999999809
21
-97.1709189999999978
0
LINE
8
BLACK
6
CONTINUOUS
10
211.5237039999999809
20
-97.1709189999999978
11
211.5211639999999989
21
-97.180191999999991
0
LINE
8
BLACK
6
CONTINUOUS
10
211.5211639999999989
20
-97.180191999999991
11
211.5192879999999889
21
-97.1896270000000015
0
LINE
8
BLACK
6
CONTINUOUS
10
211.5192879999999889
20
-97.1896270000000015
11
211.5183140000000037
21
-97.1905999999999892
0
LINE
8
BLACK
6
CONTINUOUS
10
211.5183140000000037
20
-97.1905999999999892
11
211.5175209999999879
21
-97.1934979999999911
0
LINE
8
BLACK
6
CONTINUOUS
10
211.5175209999999879
20
-97.1934979999999911
11
211.4794259999999895
21
-97.2696899999999971
0
LINE
8
BLACK
6
CONTINUOUS
10
211.4794259999999895
20
-97.2696899999999971
11
211.4735230000000001
21
-97.2772949999999952
0
LINE
8
BLACK
6
CONTINUOUS
10
211.4735230000000001
20
-97.2772949999999952
11
211.4681860000000029
21
-97.2852829999999926
0
LINE
8
BLACK
6
CONTINUOUS
10
211.4681860000000029
20
-97.2852829999999926
11
211.3919949999999801
21
-97.3614740000000012
0
LINE
8
BLACK
6
CONTINUOUS
10
211.3919949999999801
20
-97.3614740000000012
11
211.386591999999979
21
-97.365083999999996
0
LINE
8
BLACK
6
CONTINUOUS
10
211.386591999999979
20
-97.365083999999996
11
211.3852890000000002
21
-97.3672559999999976
0
LINE
8
BLACK
6
CONTINUOUS
10
211.3852890000000002
20
-97.3672559999999976
11
211.3786429999999825
21
-97.370395000000002
0
LINE
8
BLACK
6
CONTINUOUS
10
211.3786429999999825
20
-97.370395000000002
11
211.3725299999999834
21
-97.3744799999999913
0
LINE
8
BLACK
6
CONTINUOUS
10
211.3725299999999834
20
-97.3744799999999913
11
211.3699959999999862
21
-97.3744799999999913
0
LINE
8
BLACK
6
CONTINUOUS
10
211.3699959999999862
20
-97.3744799999999913
11
211.364120999999983
21
-97.377254999999991
0
LINE
8
BLACK
6
CONTINUOUS
10
211.364120999999983
20
-97.377254999999991
11
211.2117399999999918
21
-97.4153510000000011
0
LINE
8
BLACK
6
CONTINUOUS
10
211.2117399999999918
20
-97.4153510000000011
11
211.2043989999999951
21
-97.4157079999999951
0
LINE
8
BLACK
6
CONTINUOUS
10
211.2043989999999951
20
-97.4157079999999951
11
211.1971879999999828
21
-97.4171429999999958
0
LINE
8
BLACK
6
CONTINUOUS
10
211.1971879999999828
20
-97.4171429999999958
11
210.9305209999999988
21
-97.4171429999999958
0
LINE
8
BLACK
6
CONTINUOUS
10
210.9305209999999988
20
-97.4171429999999958
11
210.923312999999979
21
-97.4157089999999926
0
LINE
8
BLACK
6
CONTINUOUS
10
210.923312999999979
20
-97.4157089999999926
11
210.9159689999999898
21
-97.4153519999999986
0
LINE
8
BLACK
6
CONTINUOUS
10
210.9159689999999898
20
-97.4153519999999986
11
210.7635879999999986
21
-97.377254999999991
0
LINE
8
BLACK
6
CONTINUOUS
10
210.7635879999999986
20
-97.377254999999991
11
210.7577129999999954
21
-97.3744799999999913
0
LINE
8
BLACK
6
CONTINUOUS
10
210.7577129999999954
20
-97.3744799999999913
11
210.7551789999999983
21
-97.3744799999999913
0
LINE
8
BLACK
6
CONTINUOUS
10
210.7551789999999983
20
-97.3744799999999913
11
210.7490659999999991
21
-97.370395000000002
0
LINE
8
BLACK
6
CONTINUOUS
10
210.7490659999999991
20
-97.370395000000002
11
210.7424199999999814
21
-97.3672559999999976
0
LINE
8
BLACK
6
CONTINUOUS
10
210.7424199999999814
20
-97.3672559999999976
11
210.7411159999999768
21
-97.365082000000001
0
LINE
8
BLACK
6
CONTINUOUS
10
210.7411159999999768
20
-97.365082000000001
11
210.7357140000000015
21
-97.3614729999999895
0
LINE
8
BLACK
6
CONTINUOUS
10
210.7357140000000015
20
-97.3614729999999895
11
210.6595240000000047
21
-97.2852829999999926
0
LINE
8
BLACK
6
CONTINUOUS
10
210.6595240000000047
20
-97.2852829999999926
11
210.6541859999999815
21
-97.2772949999999952
0
LINE
8
BLACK
6
CONTINUOUS
10
210.6541859999999815
20
-97.2772949999999952
11
210.6482839999999896
21
-97.2696899999999971
0
LINE
8
BLACK
6
CONTINUOUS
10
210.6482839999999896
20
-97.2696899999999971
11
210.6101889999999912
21
-97.1934989999999885
0
LINE
8
BLACK
6
CONTINUOUS
10
210.6101889999999912
20
-97.1934989999999885
11
210.6093949999999779
21
-97.1905999999999892
0
LINE
8
BLACK
6
CONTINUOUS
10
210.6093949999999779
20
-97.1905999999999892
11
210.6084219999999902
21
-97.1896270000000015
0
LINE
8
BLACK
6
CONTINUOUS
10
210.6084219999999902
20
-97.1896270000000015
11
210.6065449999999828
21
-97.1801940000000002
0
LINE
8
BLACK
6
CONTINUOUS
10
210.6065449999999828
20
-97.1801940000000002
11
210.6040059999999983
21
-97.1709189999999978
0
LINE
8
BLACK
6
CONTINUOUS
10
210.6040059999999983
20
-97.1709189999999978
11
210.60444099999998
21
-97.1696129999999982
0
LINE
8
BLACK
6
CONTINUOUS
10
210.60444099999998
20
-97.1696129999999982
11
210.6038549999999816
21
-97.1666659999999922
0
LINE
8
BLACK
6
CONTINUOUS
10
210.6038549999999816
20
-97.1666659999999922
11
210.6038549999999816
21
-97.014285000000001
0
LINE
8
BLACK
6
CONTINUOUS
10
210.6038549999999816
20
-97.014285000000001
11
210.60444099999998
21
-97.0113369999999975
0
LINE
8
BLACK
6
CONTINUOUS
10
210.60444099999998
20
-97.0113369999999975
11
210.6040059999999983
21
-97.0100319999999954
0
LINE
8
BLACK
6
CONTINUOUS
10
210.6040059999999983
20
-97.0100319999999954
11
210.6065449999999828
21
-97.0007559999999955
0
LINE
8
BLACK
6
CONTINUOUS
10
210.6065449999999828
20
-97.0007559999999955
11
210.6084219999999902
21
-96.9913239999999917
0
LINE
8
BLACK
6
CONTINUOUS
10
210.6084219999999902
20
-96.9913239999999917
11
210.6093949999999779
21
-96.9903499999999923
0
LINE
8
BLACK
6
CONTINUOUS
10
210.6093949999999779
20
-96.9903499999999923
11
210.6101889999999912
21
-96.9874519999999904
0
LINE
8
BLACK
6
CONTINUOUS
10
210.6101889999999912
20
-96.9874519999999904
11
210.6482839999999896
21
-96.9112619999999936
0
LINE
8
BLACK
6
CONTINUOUS
10
210.6482839999999896
20
-96.9112619999999936
11
210.6541789999999992
21
-96.9036649999999895
0
LINE
8
BLACK
6
CONTINUOUS
10
210.6541789999999992
20
-96.9036649999999895
11
210.6595229999999788
21
-96.8956689999999981
0
LINE
8
BLACK
6
CONTINUOUS
10
210.6595229999999788
20
-96.8956689999999981
11
210.7357140000000015
21
-96.8194779999999895
0
LINE
8
BLACK
6
CONTINUOUS
10
210.7357140000000015
20
-96.8194779999999895
11
210.7411159999999768
21
-96.8158679999999947
0
LINE
8
BLACK
6
CONTINUOUS
10
210.7411159999999768
20
-96.8158679999999947
11
210.7424199999999814
21
-96.8136949999999956
0
LINE
8
BLACK
6
CONTINUOUS
10
210.7424199999999814
20
-96.8136949999999956
11
210.7490679999999941
21
-96.8105539999999962
0
LINE
8
BLACK
6
CONTINUOUS
10
210.7490679999999941
20
-96.8105539999999962
11
210.7551789999999983
21
-96.8064710000000019
0
LINE
8
BLACK
6
CONTINUOUS
10
210.7551789999999983
20
-96.8064710000000019
11
210.7577119999999979
21
-96.8064710000000019
0
LINE
8
BLACK
6
CONTINUOUS
10
210.7577119999999979
20
-96.8064710000000019
11
210.7635879999999986
21
-96.8036949999999905
0
LINE
8
BLACK
6
CONTINUOUS
10
210.7635879999999986
20
-96.8036949999999905
11
210.9159689999999898
21
-96.7655999999999921
0
LINE
8
BLACK
6
CONTINUOUS
10
210.9159689999999898
20
-96.7655999999999921
11
210.923312999999979
21
-96.7652420000000006
0
LINE
8
BLACK
6
CONTINUOUS
10
210.923312999999979
20
-96.7652420000000006
11
210.9305209999999988
21
-96.7638089999999949
0
LINE
8
BLACK
6
CONTINUOUS
10
210.9305209999999988
20
-96.7638089999999949
11
211.1971879999999828
21
-96.7638089999999949
0
LINE
8
BLACK
6
CONTINUOUS
10
211.1971879999999828
20
-96.7638089999999949
11
211.2043949999999768
21
-96.7652420000000006
0
LINE
8
BLACK
6
CONTINUOUS
10
210.8088139999999839
20
-96.9160819999999887
11
210.751261999999997
21
-96.9736350000000016
0
LINE
8
BLACK
6
CONTINUOUS
10
210.751261999999997
20
-96.9736350000000016
11
210.7238549999999861
21
-97.0284499999999923
0
LINE
8
BLACK
6
CONTINUOUS
10
210.7238549999999861
20
-97.0284499999999923
11
210.7238549999999861
21
-97.1525010000000009
0
LINE
8
BLACK
6
CONTINUOUS
10
210.7238549999999861
20
-97.1525010000000009
11
210.751261999999997
21
-97.2073169999999891
0
LINE
8
BLACK
6
CONTINUOUS
10
210.751261999999997
20
-97.2073169999999891
11
210.8088139999999839
21
-97.2648689999999903
0
LINE
8
BLACK
6
CONTINUOUS
10
210.8088139999999839
20
-97.2648689999999903
11
210.9379050000000007
21
-97.2971429999999913
0
LINE
8
BLACK
6
CONTINUOUS
10
210.9379050000000007
20
-97.2971429999999913
11
211.189803999999981
21
-97.2971429999999913
0
LINE
8
BLACK
6
CONTINUOUS
10
211.189803999999981
20
-97.2971429999999913
11
211.3188940000000002
21
-97.2648679999999928
0
LINE
8
BLACK
6
CONTINUOUS
10
211.3188940000000002
20
-97.2648679999999928
11
211.3764469999999847
21
-97.2073149999999941
0
LINE
8
BLACK
6
CONTINUOUS
10
211.3764469999999847
20
-97.2073149999999941
11
211.403854999999993
21
-97.1525010000000009
0
LINE
8
BLACK
6
CONTINUOUS
10
211.403854999999993
20
-97.1525010000000009
11
211.403854999999993
21
-97.0284499999999923
0
LINE
8
BLACK
6
CONTINUOUS
10
211.403854999999993
20
-97.0284499999999923
11
211.3764469999999847
21
-96.9736350000000016
0
LINE
8
BLACK
6
CONTINUOUS
10
211.3764469999999847
20
-96.9736350000000016
11
211.3188949999999977
21
-96.9160819999999887
0
LINE
8
BLACK
6
CONTINUOUS
10
211.3188949999999977
20
-96.9160819999999887
11
211.1897999999999911
21
-96.8838089999999994
0
LINE
8
BLACK
6
CONTINUOUS
10
211.1897999999999911
20
-96.8838089999999994
11
210.9379050000000007
21
-96.8838089999999994
0
LINE
8
BLACK
6
CONTINUOUS
10
210.9379050000000007
20
-96.8838089999999994
11
210.8088139999999839
21
-96.9160819999999887
0
LINE
8
BLACK
6
CONTINUOUS
10
214.0592879999999809
20
-96.4198959999999943
11
214.0638549999999896
21
-96.4428569999999894
0
LINE
8
BLACK
6
CONTINUOUS
10
214.0638549999999896
20
-96.4428569999999894
11
214.0638549999999896
21
-96.8999999999999915
0
LINE
8
BLACK
6
CONTINUOUS
10
214.0638549999999896
20
-96.8999999999999915
11
214.0592879999999809
21
-96.9229610000000008
0
LINE
8
BLACK
6
CONTINUOUS
10
214.0592879999999809
20
-96.9229610000000008
11
214.0268159999999966
21
-96.9554329999999993
0
LINE
8
BLACK
6
CONTINUOUS
10
214.0268159999999966
20
-96.9554329999999993
11
213.980893999999978
21
-96.9554329999999993
0
LINE
8
BLACK
6
CONTINUOUS
10
213.980893999999978
20
-96.9554329999999993
11
213.9484219999999937
21
-96.9229610000000008
0
LINE
8
BLACK
6
CONTINUOUS
10
213.9484219999999937
20
-96.9229610000000008
11
213.943854999999985
21
-96.8999999999999915
0
LINE
8
BLACK
6
CONTINUOUS
10
213.943854999999985
20
-96.8999999999999915
11
213.943854999999985
21
-96.731427999999994
0
LINE
8
BLACK
6
CONTINUOUS
10
213.943854999999985
20
-96.731427999999994
11
213.3868019999999888
21
-96.731427999999994
0
LINE
8
BLACK
6
CONTINUOUS
10
213.3868019999999888
20
-96.731427999999994
11
213.4367570000000001
21
-96.7813829999999911
0
LINE
8
BLACK
6
CONTINUOUS
10
213.4367570000000001
20
-96.7813829999999911
11
213.4420939999999973
21
-96.789369999999991
0
LINE
8
BLACK
6
CONTINUOUS
10
213.4420939999999973
20
-96.789369999999991
11
213.4479969999999867
21
-96.7969760000000008
0
LINE
8
BLACK
6
CONTINUOUS
10
213.4479969999999867
20
-96.7969760000000008
11
213.4860919999999851
21
-96.8731679999999926
0
LINE
8
BLACK
6
CONTINUOUS
10
213.4860919999999851
20
-96.8731679999999926
11
213.492274999999978
21
-96.8957470000000001
0
LINE
8
BLACK
6
CONTINUOUS
10
213.492274999999978
20
-96.8957470000000001
11
213.4777529999999786
21
-96.9393129999999985
0
LINE
8
BLACK
6
CONTINUOUS
10
213.4777529999999786
20
-96.9393129999999985
11
213.436678999999998
21
-96.9598489999999913
0
LINE
8
BLACK
6
CONTINUOUS
10
213.436678999999998
20
-96.9598489999999913
11
213.3931129999999996
21
-96.9453269999999918
0
LINE
8
BLACK
6
CONTINUOUS
10
213.3931129999999996
20
-96.9453269999999918
11
213.3787599999999998
21
-96.926833000000002
0
LINE
8
BLACK
6
CONTINUOUS
10
213.3787599999999998
20
-96.926833000000002
11
213.3450179999999818
21
-96.8593499999999921
0
LINE
8
BLACK
6
CONTINUOUS
10
213.3450179999999818
20
-96.8593499999999921
11
213.2799139999999909
21
-96.7942449999999894
0
LINE
8
BLACK
6
CONTINUOUS
10
213.2799139999999909
20
-96.7942449999999894
11
213.1705729999999903
21
-96.7213509999999985
0
LINE
8
BLACK
6
CONTINUOUS
10
213.1705729999999903
20
-96.7213509999999985
11
213.1540009999999938
21
-96.7048139999999989
0
LINE
8
BLACK
6
CONTINUOUS
10
213.1540009999999938
20
-96.7048139999999989
11
213.1527889999999843
21
-96.6987559999999888
0
LINE
8
BLACK
6
CONTINUOUS
10
213.1527889999999843
20
-96.6987559999999888
11
213.1484219999999823
21
-96.694389000000001
0
LINE
8
BLACK
6
CONTINUOUS
10
213.1484219999999823
20
-96.694389000000001
11
213.1484219999999823
21
-96.6769149999999939
0
LINE
8
BLACK
6
CONTINUOUS
10
213.1484219999999823
20
-96.6769149999999939
11
213.1449959999999919
21
-96.6597840000000019
0
LINE
8
BLACK
6
CONTINUOUS
10
213.1449959999999919
20
-96.6597840000000019
11
213.1484219999999823
21
-96.6546439999999905
0
LINE
8
BLACK
6
CONTINUOUS
10
213.1484219999999823
20
-96.6546439999999905
11
213.1484219999999823
21
-96.6484669999999966
0
LINE
8
BLACK
6
CONTINUOUS
10
213.1484219999999823
20
-96.6484669999999966
11
213.160776999999996
21
-96.6361109999999996
0
LINE
8
BLACK
6
CONTINUOUS
10
213.160776999999996
20
-96.6361109999999996
11
213.1704689999999971
21
-96.6215739999999954
0
LINE
8
BLACK
6
CONTINUOUS
10
213.1704689999999971
20
-96.6215739999999954
11
213.1765259999999955
21
-96.6203620000000001
0
LINE
8
BLACK
6
CONTINUOUS
10
213.1765259999999955
20
-96.6203620000000001
11
213.180893999999995
21
-96.6159949999999981
0
LINE
8
BLACK
6
CONTINUOUS
10
213.180893999999995
20
-96.6159949999999981
11
213.2038550000000043
21
-96.6114279999999894
0
LINE
8
BLACK
6
CONTINUOUS
10
213.2038550000000043
20
-96.6114279999999894
11
213.943854999999985
21
-96.6114279999999894
0
LINE
8
BLACK
6
CONTINUOUS
10
213.943854999999985
20
-96.6114279999999894
11
213.943854999999985
21
-96.4428569999999894
0
LINE
8
BLACK
6
CONTINUOUS
10
213.943854999999985
20
-96.4428569999999894
11
213.9484219999999937
21
-96.4198959999999943
0
LINE
8
BLACK
6
CONTINUOUS
10
213.9484219999999937
20
-96.4198959999999943
11
213.980893999999978
21
-96.3874239999999958
0
LINE
8
BLACK
6
CONTINUOUS
10
213.980893999999978
20
-96.3874239999999958
11
214.0268159999999966
21
-96.3874239999999958
0
LINE
8
BLACK
6
CONTINUOUS
10
214.0268159999999966
20
-96.3874239999999958
11
214.0592879999999809
21
-96.4198959999999943
0
LINE
8
BLACK
6
CONTINUOUS
10
216.5992880000000014
20
-96.4198959999999943
11
216.6038549999999816
21
-96.4428569999999894
0
LINE
8
BLACK
6
CONTINUOUS
10
216.6038549999999816
20
-96.4428569999999894
11
216.6038549999999816
21
-96.8999999999999915
0
LINE
8
BLACK
6
CONTINUOUS
10
216.6038549999999816
20
-96.8999999999999915
11
216.5992880000000014
21
-96.9229610000000008
0
LINE
8
BLACK
6
CONTINUOUS
10
216.5992880000000014
20
-96.9229610000000008
11
216.5668159999999887
21
-96.9554329999999993
0
LINE
8
BLACK
6
CONTINUOUS
10
216.5668159999999887
20
-96.9554329999999993
11
216.5208939999999984
21
-96.9554329999999993
0
LINE
8
BLACK
6
CONTINUOUS
10
216.5208939999999984
20
-96.9554329999999993
11
216.4884219999999857
21
-96.9229610000000008
0
LINE
8
BLACK
6
CONTINUOUS
10
216.4884219999999857
20
-96.9229610000000008
11
216.4838549999999771
21
-96.8999999999999915
0
LINE
8
BLACK
6
CONTINUOUS
10
216.4838549999999771
20
-96.8999999999999915
11
216.4838549999999771
21
-96.731427999999994
0
LINE
8
BLACK
6
CONTINUOUS
10
216.4838549999999771
20
-96.731427999999994
11
215.9268019999999808
21
-96.731427999999994
0
LINE
8
BLACK
6
CONTINUOUS
10
215.9268019999999808
20
-96.731427999999994
11
215.9767569999999921
21
-96.7813829999999911
0
LINE
8
BLACK
6
CONTINUOUS
10
215.9767569999999921
20
-96.7813829999999911
11
215.9820939999999894
21
-96.789369999999991
0
LINE
8
BLACK
6
CONTINUOUS
10
215.9820939999999894
20
-96.789369999999991
11
215.9879969999999787
21
-96.7969760000000008
0
LINE
8
BLACK
6
CONTINUOUS
10
215.9879969999999787
20
-96.7969760000000008
11
216.0260919999999771
21
-96.8731679999999926
0
LINE
8
BLACK
6
CONTINUOUS
10
216.0260919999999771
20
-96.8731679999999926
11
216.0322749999999985
21
-96.8957470000000001
0
LINE
8
BLACK
6
CONTINUOUS
10
216.0322749999999985
20
-96.8957470000000001
11
216.017752999999999
21
-96.9393129999999985
0
LINE
8
BLACK
6
CONTINUOUS
10
216.017752999999999
20
-96.9393129999999985
11
215.9766789999999901
21
-96.9598489999999913
0
LINE
8
BLACK
6
CONTINUOUS
10
215.9766789999999901
20
-96.9598489999999913
11
215.9331129999999916
21
-96.9453269999999918
0
LINE
8
BLACK
6
CONTINUOUS
10
215.9331129999999916
20
-96.9453269999999918
11
215.9187599999999918
21
-96.926833000000002
0
LINE
8
BLACK
6
CONTINUOUS
10
215.9187599999999918
20
-96.926833000000002
11
215.8850180000000023
21
-96.8593499999999921
0
LINE
8
BLACK
6
CONTINUOUS
10
215.8850180000000023
20
-96.8593499999999921
11
215.8199139999999829
21
-96.7942449999999894
0
LINE
8
BLACK
6
CONTINUOUS
10
215.8199139999999829
20
-96.7942449999999894
11
215.7105729999999824
21
-96.7213509999999985
0
LINE
8
BLACK
6
CONTINUOUS
10
215.7105729999999824
20
-96.7213509999999985
11
215.6940009999999859
21
-96.7048139999999989
0
LINE
8
BLACK
6
CONTINUOUS
10
215.6940009999999859
20
-96.7048139999999989
11
215.6927889999999763
21
-96.6987559999999888
0
LINE
8
BLACK
6
CONTINUOUS
10
215.6927889999999763
20
-96.6987559999999888
11
215.6884220000000028
21
-96.694389000000001
0
LINE
8
BLACK
6
CONTINUOUS
10
215.6884220000000028
20
-96.694389000000001
11
215.6884220000000028
21
-96.6769149999999939
0
LINE
8
BLACK
6
CONTINUOUS
10
215.6884220000000028
20
-96.6769149999999939
11
215.684995999999984
21
-96.6597840000000019
0
LINE
8
BLACK
6
CONTINUOUS
10
215.684995999999984
20
-96.6597840000000019
11
215.6884220000000028
21
-96.6546439999999905
0
LINE
8
BLACK
6
CONTINUOUS
10
215.6884220000000028
20
-96.6546439999999905
11
215.6884220000000028
21
-96.6484669999999966
0
LINE
8
BLACK
6
CONTINUOUS
10
215.6884220000000028
20
-96.6484669999999966
11
215.700776999999988
21
-96.6361109999999996
0
LINE
8
BLACK
6
CONTINUOUS
10
215.700776999999988
20
-96.6361109999999996
11
215.7104689999999891
21
-96.6215739999999954
0
LINE
8
BLACK
6
CONTINUOUS
10
215.7104689999999891
20
-96.6215739999999954
11
215.7165259999999876
21
-96.6203620000000001
0
LINE
8
BLACK
6
CONTINUOUS
10
215.7165259999999876
20
-96.6203620000000001
11
215.720893999999987
21
-96.6159949999999981
0
LINE
8
BLACK
6
CONTINUOUS
10
215.720893999999987
20
-96.6159949999999981
11
215.7438549999999964
21
-96.6114279999999894
0
LINE
8
BLACK
6
CONTINUOUS
10
215.7438549999999964
20
-96.6114279999999894
11
216.4838549999999771
21
-96.6114279999999894
0
LINE
8
BLACK
6
CONTINUOUS
10
216.4838549999999771
20
-96.6114279999999894
11
216.4838549999999771
21
-96.4428569999999894
0
LINE
8
BLACK
6
CONTINUOUS
10
216.4838549999999771
20
-96.4428569999999894
11
216.4884219999999857
21
-96.4198959999999943
0
LINE
8
BLACK
6
CONTINUOUS
10
216.4884219999999857
20
-96.4198959999999943
11
216.5208939999999984
21
-96.3874239999999958
0
LINE
8
BLACK
6
CONTINUOUS
10
216.5208939999999984
20
-96.3874239999999958
11
216.5668159999999887
21
-96.3874239999999958
0
LINE
8
BLACK
6
CONTINUOUS
10
216.5668159999999887
20
-96.3874239999999958
11
216.5992880000000014
21
-96.4198959999999943
0
LINE
8
BLACK
6
CONTINUOUS
10
219.1392879999999934
20
-96.4198959999999943
11
219.1438550000000021
21
-96.4428569999999894
0
LINE
8
BLACK
6
CONTINUOUS
10
219.1438550000000021
20
-96.4428569999999894
11
219.1438550000000021
21
-96.8999999999999915
0
LINE
8
BLACK
6
CONTINUOUS
10
219.1438550000000021
20
-96.8999999999999915
11
219.1392879999999934
21
-96.9229610000000008
0
LINE
8
BLACK
6
CONTINUOUS
10
219.1392879999999934
20
-96.9229610000000008
11
219.1068159999999807
21
-96.9554329999999993
0
LINE
8
BLACK
6
CONTINUOUS
10
219.1068159999999807
20
-96.9554329999999993
11
219.0608939999999905
21
-96.9554329999999993
0
LINE
8
BLACK
6
CONTINUOUS
10
219.0608939999999905
20
-96.9554329999999993
11
219.0284219999999777
21
-96.9229610000000008
0
LINE
8
BLACK
6
CONTINUOUS
10
219.0284219999999777
20
-96.9229610000000008
11
219.0238549999999975
21
-96.8999999999999915
0
LINE
8
BLACK
6
CONTINUOUS
10
219.0238549999999975
20
-96.8999999999999915
11
219.0238549999999975
21
-96.731427999999994
0
LINE
8
BLACK
6
CONTINUOUS
10
219.0238549999999975
20
-96.731427999999994
11
218.4668020000000013
21
-96.731427999999994
0
LINE
8
BLACK
6
CONTINUOUS
10
218.4668020000000013
20
-96.731427999999994
11
218.5167569999999841
21
-96.7813829999999911
0
LINE
8
BLACK
6
CONTINUOUS
10
218.5167569999999841
20
-96.7813829999999911
11
218.5220939999999814
21
-96.789369999999991
0
LINE
8
BLACK
6
CONTINUOUS
10
218.5220939999999814
20
-96.789369999999991
11
218.5279969999999992
21
-96.7969760000000008
0
LINE
8
BLACK
6
CONTINUOUS
10
218.5279969999999992
20
-96.7969760000000008
11
218.5660919999999976
21
-96.8731679999999926
0
LINE
8
BLACK
6
CONTINUOUS
10
218.5660919999999976
20
-96.8731679999999926
11
218.5722749999999905
21
-96.8957470000000001
0
LINE
8
BLACK
6
CONTINUOUS
10
218.5722749999999905
20
-96.8957470000000001
11
218.5577529999999911
21
-96.9393129999999985
0
LINE
8
BLACK
6
CONTINUOUS
10
218.5577529999999911
20
-96.9393129999999985
11
218.5166789999999821
21
-96.9598489999999913
0
LINE
8
BLACK
6
CONTINUOUS
10
218.5166789999999821
20
-96.9598489999999913
11
218.4731129999999837
21
-96.9453269999999918
0
LINE
8
BLACK
6
CONTINUOUS
10
218.4731129999999837
20
-96.9453269999999918
11
218.4587599999999838
21
-96.926833000000002
0
LINE
8
BLACK
6
CONTINUOUS
10
218.4587599999999838
20
-96.926833000000002
11
218.4250179999999943
21
-96.8593499999999921
0
LINE
8
BLACK
6
CONTINUOUS
10
218.4250179999999943
20
-96.8593499999999921
11
218.3599140000000034
21
-96.7942449999999894
0
LINE
8
BLACK
6
CONTINUOUS
10
218.3599140000000034
20
-96.7942449999999894
11
218.2505730000000028
21
-96.7213509999999985
0
LINE
8
BLACK
6
CONTINUOUS
10
218.2505730000000028
20
-96.7213509999999985
11
218.2340009999999779
21
-96.7048139999999989
0
LINE
8
BLACK
6
CONTINUOUS
10
218.2340009999999779
20
-96.7048139999999989
11
218.2327889999999968
21
-96.6987559999999888
0
LINE
8
BLACK
6
CONTINUOUS
10
218.2327889999999968
20
-96.6987559999999888
11
218.2284219999999948
21
-96.694389000000001
0
LINE
8
BLACK
6
CONTINUOUS
10
218.2284219999999948
20
-96.694389000000001
11
218.2284219999999948
21
-96.6769149999999939
0
LINE
8
BLACK
6
CONTINUOUS
10
218.2284219999999948
20
-96.6769149999999939
11
218.224995999999976
21
-96.6597840000000019
0
LINE
8
BLACK
6
CONTINUOUS
10
218.224995999999976
20
-96.6597840000000019
11
218.2284219999999948
21
-96.6546439999999905
0
LINE
8
BLACK
6
CONTINUOUS
10
218.2284219999999948
20
-96.6546439999999905
11
218.2284219999999948
21
-96.6484669999999966
0
LINE
8
BLACK
6
CONTINUOUS
10
218.2284219999999948
20
-96.6484669999999966
11
218.24077699999998
21
-96.6361109999999996
0
LINE
8
BLACK
6
CONTINUOUS
10
218.24077699999998
20
-96.6361109999999996
11
218.2504689999999812
21
-96.6215739999999954
0
LINE
8
BLACK
6
CONTINUOUS
10
218.2504689999999812
20
-96.6215739999999954
11
218.2565259999999796
21
-96.6203620000000001
0
LINE
8
BLACK
6
CONTINUOUS
10
218.2565259999999796
20
-96.6203620000000001
11
218.2608939999999791
21
-96.6159949999999981
0
LINE
8
BLACK
6
CONTINUOUS
10
218.2608939999999791
20
-96.6159949999999981
11
218.2838549999999884
21
-96.6114279999999894
0
LINE
8
BLACK
6
CONTINUOUS
10
218.2838549999999884
20
-96.6114279999999894
11
219.0238549999999975
21
-96.6114279999999894
0
LINE
8
BLACK
6
CONTINUOUS
10
219.0238549999999975
20
-96.6114279999999894
11
219.0238549999999975
21
-96.4428569999999894
0
LINE
8
BLACK
6
CONTINUOUS
10
219.0238549999999975
20
-96.4428569999999894
11
219.0284219999999777
21
-96.4198959999999943
0
LINE
8
BLACK
6
CONTINUOUS
10
219.0284219999999777
20
-96.4198959999999943
11
219.0608939999999905
21
-96.3874239999999958
0
LINE
8
BLACK
6
CONTINUOUS
10
219.0608939999999905
20
-96.3874239999999958
11
219.1068159999999807
21
-96.3874239999999958
0
LINE
8
BLACK
6
CONTINUOUS
10
219.1068159999999807
20
-96.3874239999999958
11
219.1392879999999934
21
-96.4198959999999943
0
LINE
8
BLACK
6
CONTINUOUS
10
208.3172779999999875
20
-96.002490999999992
11
208.3185839999999871
21
-96.0020559999999961
0
LINE
8
BLACK
6
CONTINUOUS
10
208.3185839999999871
20
-96.0020559999999961
11
208.3278589999999895
21
-96.0045949999999948
0
LINE
8
BLACK
6
CONTINUOUS
10
208.3278589999999895
20
-96.0045949999999948
11
208.3372919999999908
21
-96.0064720000000023
0
LINE
8
BLACK
6
CONTINUOUS
10
208.3372919999999908
20
-96.0064720000000023
11
208.3382649999999785
21
-96.0074449999999899
0
LINE
8
BLACK
6
CONTINUOUS
10
208.3382649999999785
20
-96.0074449999999899
11
208.341163999999992
21
-96.008238999999989
0
LINE
8
BLACK
6
CONTINUOUS
10
208.341163999999992
20
-96.008238999999989
11
208.4173539999999889
21
-96.0463340000000017
0
LINE
8
BLACK
6
CONTINUOUS
10
208.4173539999999889
20
-96.0463340000000017
11
208.4249519999999904
21
-96.0522309999999919
0
LINE
8
BLACK
6
CONTINUOUS
10
208.4249519999999904
20
-96.0522309999999919
11
208.4329469999999844
21
-96.0575729999999908
0
LINE
8
BLACK
6
CONTINUOUS
10
208.4329469999999844
20
-96.0575729999999908
11
208.4667120000000011
21
-96.0913369999999958
0
LINE
8
BLACK
6
CONTINUOUS
10
208.4667120000000011
20
-96.0913369999999958
11
208.5004749999999945
21
-96.0575740000000025
0
LINE
8
BLACK
6
CONTINUOUS
10
208.5004749999999945
20
-96.0575740000000025
11
208.508468999999991
21
-96.0522309999999919
0
LINE
8
BLACK
6
CONTINUOUS
10
208.508468999999991
20
-96.0522309999999919
11
208.5160689999999875
21
-96.0463340000000017
0
LINE
8
BLACK
6
CONTINUOUS
10
208.5160689999999875
20
-96.0463340000000017
11
208.5922609999999793
21
-96.008238999999989
0
LINE
8
BLACK
6
CONTINUOUS
10
208.5922609999999793
20
-96.008238999999989
11
208.5951579999999979
21
-96.0074449999999899
0
LINE
8
BLACK
6
CONTINUOUS
10
208.5951579999999979
20
-96.0074449999999899
11
208.596131999999983
21
-96.0064720000000023
0
LINE
8
BLACK
6
CONTINUOUS
10
208.596131999999983
20
-96.0064720000000023
11
208.6055659999999818
21
-96.0045949999999948
0
LINE
8
BLACK
6
CONTINUOUS
10
208.6055659999999818
20
-96.0045949999999948
11
208.6148399999999867
21
-96.0020559999999961
0
LINE
8
BLACK
6
CONTINUOUS
10
208.6148399999999867
20
-96.0020559999999961
11
208.6161449999999888
21
-96.002490999999992
0
LINE
8
BLACK
6
CONTINUOUS
10
208.6161449999999888
20
-96.002490999999992
11
208.6190929999999923
21
-96.0019049999999936
0
LINE
8
BLACK
6
CONTINUOUS
10
208.6190929999999923
20
-96.0019049999999936
11
208.7714739999999836
21
-96.0019049999999936
0
LINE
8
BLACK
6
CONTINUOUS
10
208.7714739999999836
20
-96.0019049999999936
11
208.7744209999999896
21
-96.002490999999992
0
LINE
8
BLACK
6
CONTINUOUS
10
208.7744209999999896
20
-96.002490999999992
11
208.7757269999999892
21
-96.0020559999999961
0
LINE
8
BLACK
6
CONTINUOUS
10
208.7757269999999892
20
-96.0020559999999961
11
208.7850019999999915
21
-96.0045949999999948
0
LINE
8
BLACK
6
CONTINUOUS
10
208.7850019999999915
20
-96.0045949999999948
11
208.7944349999999929
21
-96.0064720000000023
0
LINE
8
BLACK
6
CONTINUOUS
10
208.7944349999999929
20
-96.0064720000000023
11
208.7954079999999806
21
-96.0074449999999899
0
LINE
8
BLACK
6
CONTINUOUS
10
208.7954079999999806
20
-96.0074449999999899
11
208.7983069999999941
21
-96.008238999999989
0
LINE
8
BLACK
6
CONTINUOUS
10
208.7983069999999941
20
-96.008238999999989
11
208.874496999999991
21
-96.0463340000000017
0
LINE
8
BLACK
6
CONTINUOUS
10
208.874496999999991
20
-96.0463340000000017
11
208.8820949999999925
21
-96.0522309999999919
0
LINE
8
BLACK
6
CONTINUOUS
10
208.8820949999999925
20
-96.0522309999999919
11
208.8900899999999865
21
-96.0575729999999908
0
LINE
8
BLACK
6
CONTINUOUS
10
208.8900899999999865
20
-96.0575729999999908
11
208.9281859999999824
21
-96.0956679999999892
0
LINE
8
BLACK
6
CONTINUOUS
10
208.9281859999999824
20
-96.0956679999999892
11
208.9335279999999955
21
-96.1036619999999999
0
LINE
8
BLACK
6
CONTINUOUS
10
208.9335279999999955
20
-96.1036619999999999
11
208.9394259999999974
21
-96.1112619999999964
0
LINE
8
BLACK
6
CONTINUOUS
10
208.9394259999999974
20
-96.1112619999999964
11
208.9775209999999959
21
-96.1874540000000025
0
LINE
8
BLACK
6
CONTINUOUS
10
208.9775209999999959
20
-96.1874540000000025
11
208.9783139999999833
21
-96.1903509999999926
0
LINE
8
BLACK
6
CONTINUOUS
10
208.9783139999999833
20
-96.1903509999999926
11
208.9792879999999968
21
-96.191324999999992
0
LINE
8
BLACK
6
CONTINUOUS
10
208.9792879999999968
20
-96.191324999999992
11
208.9811639999999784
21
-96.2007589999999908
0
LINE
8
BLACK
6
CONTINUOUS
10
208.9811639999999784
20
-96.2007589999999908
11
208.9837039999999888
21
-96.2100329999999957
0
LINE
8
BLACK
6
CONTINUOUS
10
208.9837039999999888
20
-96.2100329999999957
11
208.9832679999999812
21
-96.2113379999999978
0
LINE
8
BLACK
6
CONTINUOUS
10
208.9832679999999812
20
-96.2113379999999978
11
208.9838549999999771
21
-96.2142860000000013
0
LINE
8
BLACK
6
CONTINUOUS
10
208.9838549999999771
20
-96.2142860000000013
11
208.9838549999999771
21
-96.3666669999999925
0
LINE
8
BLACK
6
CONTINUOUS
10
208.9838549999999771
20
-96.3666669999999925
11
208.9832679999999812
21
-96.3696139999999986
0
LINE
8
BLACK
6
CONTINUOUS
10
208.9832679999999812
20
-96.3696139999999986
11
208.9837039999999888
21
-96.3709199999999981
0
LINE
8
BLACK
6
CONTINUOUS
10
208.9837039999999888
20
-96.3709199999999981
11
208.9811639999999784
21
-96.3801950000000005
0
LINE
8
BLACK
6
CONTINUOUS
10
208.9811639999999784
20
-96.3801950000000005
11
208.9792879999999968
21
-96.3896280000000019
0
LINE
8
BLACK
6
CONTINUOUS
10
208.9792879999999968
20
-96.3896280000000019
11
208.9783139999999833
21
-96.3906009999999895
0
LINE
8
BLACK
6
CONTINUOUS
10
208.9783139999999833
20
-96.3906009999999895
11
208.9775209999999959
21
-96.3934999999999889
0
LINE
8
BLACK
6
CONTINUOUS
10
208.9775209999999959
20
-96.3934999999999889
11
208.9394259999999974
21
-96.4696899999999999
0
LINE
8
BLACK
6
CONTINUOUS
10
208.9394259999999974
20
-96.4696899999999999
11
208.9335299999999904
21
-96.4772849999999949
0
LINE
8
BLACK
6
CONTINUOUS
10
208.9335299999999904
20
-96.4772849999999949
11
208.9281859999999824
21
-96.4852839999999929
0
LINE
8
BLACK
6
CONTINUOUS
10
208.9281859999999824
20
-96.4852839999999929
11
208.8900899999999865
21
-96.5233789999999914
0
LINE
8
BLACK
6
CONTINUOUS
10
208.8900899999999865
20
-96.5233789999999914
11
208.8820949999999925
21
-96.5287199999999928
0
LINE
8
BLACK
6
CONTINUOUS
10
208.8820949999999925
20
-96.5287199999999928
11
208.874496999999991
21
-96.5346179999999947
0
LINE
8
BLACK
6
CONTINUOUS
10
208.874496999999991
20
-96.5346179999999947
11
208.7983069999999941
21
-96.5727129999999931
0
LINE
8
BLACK
6
CONTINUOUS
10
208.7983069999999941
20
-96.5727129999999931
11
208.7954089999999781
21
-96.5735059999999947
0
LINE
8
BLACK
6
CONTINUOUS
10
208.7954089999999781
20
-96.5735059999999947
11
208.7944349999999929
21
-96.5744809999999916
0
LINE
8
BLACK
6
CONTINUOUS
10
208.7944349999999929
20
-96.5744809999999916
11
208.7849980000000016
21
-96.5763570000000016
0
LINE
8
BLACK
6
CONTINUOUS
10
208.7849980000000016
20
-96.5763570000000016
11
208.7757279999999867
21
-96.5788969999999978
0
LINE
8
BLACK
6
CONTINUOUS
10
208.7757279999999867
20
-96.5788969999999978
11
208.7744209999999896
21
-96.5784609999999901
0
LINE
8
BLACK
6
CONTINUOUS
10
208.7744209999999896
20
-96.5784609999999901
11
208.7714739999999836
21
-96.5790480000000002
0
LINE
8
BLACK
6
CONTINUOUS
10
208.7714739999999836
20
-96.5790480000000002
11
208.6190929999999923
21
-96.5790480000000002
0
LINE
8
BLACK
6
CONTINUOUS
10
208.6190929999999923
20
-96.5790480000000002
11
208.6161449999999888
21
-96.5784609999999901
0
LINE
8
BLACK
6
CONTINUOUS
10
208.6161449999999888
20
-96.5784609999999901
11
208.6148389999999893
21
-96.5788969999999978
0
LINE
8
BLACK
6
CONTINUOUS
10
208.6148389999999893
20
-96.5788969999999978
11
208.6055679999999768
21
-96.5763570000000016
0
LINE
8
BLACK
6
CONTINUOUS
10
208.6055679999999768
20
-96.5763570000000016
11
208.596131999999983
21
-96.5744809999999916
0
LINE
8
BLACK
6
CONTINUOUS
10
208.596131999999983
20
-96.5744809999999916
11
208.5951570000000004
21
-96.5735059999999947
0
LINE
8
BLACK
6
CONTINUOUS
10
208.5951570000000004
20
-96.5735059999999947
11
208.5922599999999818
21
-96.5727129999999931
0
LINE
8
BLACK
6
CONTINUOUS
10
208.5922599999999818
20
-96.5727129999999931
11
208.5160689999999875
21
-96.5346169999999972
0
LINE
8
BLACK
6
CONTINUOUS
10
208.5160689999999875
20
-96.5346169999999972
11
208.5084750000000042
21
-96.5287239999999969
0
LINE
8
BLACK
6
CONTINUOUS
10
208.5084750000000042
20
-96.5287239999999969
11
208.5004749999999945
21
-96.5233779999999939
0
LINE
8
BLACK
6
CONTINUOUS
10
208.5004749999999945
20
-96.5233779999999939
11
208.4667120000000011
21
-96.4896139999999889
0
LINE
8
BLACK
6
CONTINUOUS
10
208.4667120000000011
20
-96.4896139999999889
11
208.4329469999999844
21
-96.5233789999999914
0
LINE
8
BLACK
6
CONTINUOUS
10
208.4329469999999844
20
-96.5233789999999914
11
208.4249519999999904
21
-96.5287199999999928
0
LINE
8
BLACK
6
CONTINUOUS
10
208.4249519999999904
20
-96.5287199999999928
11
208.4173539999999889
21
-96.5346179999999947
0
LINE
8
BLACK
6
CONTINUOUS
10
208.4173539999999889
20
-96.5346179999999947
11
208.341163999999992
21
-96.5727129999999931
0
LINE
8
BLACK
6
CONTINUOUS
10
208.341163999999992
20
-96.5727129999999931
11
208.3382660000000044
21
-96.5735059999999947
0
LINE
8
BLACK
6
CONTINUOUS
10
208.3382660000000044
20
-96.5735059999999947
11
208.3372919999999908
21
-96.5744809999999916
0
LINE
8
BLACK
6
CONTINUOUS
10
208.3372919999999908
20
-96.5744809999999916
11
208.3278549999999996
21
-96.5763570000000016
0
LINE
8
BLACK
6
CONTINUOUS
10
208.3278549999999996
20
-96.5763570000000016
11
208.3185849999999846
21
-96.5788969999999978
0
LINE
8
BLACK
6
CONTINUOUS
10
208.3185849999999846
20
-96.5788969999999978
11
208.3172779999999875
21
-96.5784609999999901
0
LINE
8
BLACK
6
CONTINUOUS
10
208.3172779999999875
20
-96.5784609999999901
11
208.3143309999999815
21
-96.5790480000000002
0
LINE
8
BLACK
6
CONTINUOUS
10
208.3143309999999815
20
-96.5790480000000002
11
208.2762359999999831
21
-96.5790480000000002
0
LINE
8
BLACK
6
CONTINUOUS
10
208.2762359999999831
20
-96.5790480000000002
11
208.2732879999999795
21
-96.5784609999999901
0
LINE
8
BLACK
6
CONTINUOUS
10
208.2732879999999795
20
-96.5784609999999901
11
208.27198199999998
21
-96.5788969999999978
0
LINE
8
BLACK
6
CONTINUOUS
10
208.27198199999998
20
-96.5788969999999978
11
208.2627109999999959
21
-96.5763570000000016
0
LINE
8
BLACK
6
CONTINUOUS
10
208.2627109999999959
20
-96.5763570000000016
11
208.2532750000000021
21
-96.5744809999999916
0
LINE
8
BLACK
6
CONTINUOUS
10
208.2532750000000021
20
-96.5744809999999916
11
208.2522999999999911
21
-96.5735059999999947
0
LINE
8
BLACK
6
CONTINUOUS
10
208.2522999999999911
20
-96.5735059999999947
11
208.2494030000000009
21
-96.5727129999999931
0
LINE
8
BLACK
6
CONTINUOUS
10
208.2494030000000009
20
-96.5727129999999931
11
208.1732119999999782
21
-96.5346169999999972
0
LINE
8
BLACK
6
CONTINUOUS
10
208.1732119999999782
20
-96.5346169999999972
11
208.1656179999999949
21
-96.5287239999999969
0
LINE
8
BLACK
6
CONTINUOUS
10
208.1656179999999949
20
-96.5287239999999969
11
208.1576179999999852
21
-96.5233779999999939
0
LINE
8
BLACK
6
CONTINUOUS
10
208.1576179999999852
20
-96.5233779999999939
11
208.1195239999999842
21
-96.4852829999999955
0
LINE
8
BLACK
6
CONTINUOUS
10
208.1195239999999842
20
-96.4852829999999955
11
208.1141839999999945
21
-96.4772909999999939
0
LINE
8
BLACK
6
CONTINUOUS
10
208.1141839999999945
20
-96.4772909999999939
11
208.1082839999999976
21
-96.4696899999999999
0
LINE
8
BLACK
6
CONTINUOUS
10
208.1082839999999976
20
-96.4696899999999999
11
208.0701889999999992
21
-96.3934999999999889
0
LINE
8
BLACK
6
CONTINUOUS
10
208.0701889999999992
20
-96.3934999999999889
11
208.0693949999999859
21
-96.3906009999999895
0
LINE
8
BLACK
6
CONTINUOUS
10
208.0693949999999859
20
-96.3906009999999895
11
208.0684219999999982
21
-96.3896280000000019
0
LINE
8
BLACK
6
CONTINUOUS
10
208.0684219999999982
20
-96.3896280000000019
11
208.0665449999999908
21
-96.3801950000000005
0
LINE
8
BLACK
6
CONTINUOUS
10
208.0665449999999908
20
-96.3801950000000005
11
208.0640059999999778
21
-96.3709199999999981
0
LINE
8
BLACK
6
CONTINUOUS
10
208.0640059999999778
20
-96.3709199999999981
11
208.064440999999988
21
-96.3696139999999986
0
LINE
8
BLACK
6
CONTINUOUS
10
208.064440999999988
20
-96.3696139999999986
11
208.0638549999999896
21
-96.3666669999999925
0
LINE
8
BLACK
6
CONTINUOUS
10
208.0638549999999896
20
-96.3666669999999925
11
208.0638549999999896
21
-96.2142860000000013
0
LINE
8
BLACK
6
CONTINUOUS
10
208.0638549999999896
20
-96.2142860000000013
11
208.064440999999988
21
-96.2113379999999978
0
LINE
8
BLACK
6
CONTINUOUS
10
208.064440999999988
20
-96.2113379999999978
11
208.0640059999999778
21
-96.2100329999999957
0
LINE
8
BLACK
6
CONTINUOUS
10
208.0640059999999778
20
-96.2100329999999957
11
208.0665449999999908
21
-96.2007569999999959
0
LINE
8
BLACK
6
CONTINUOUS
10
208.0665449999999908
20
-96.2007569999999959
11
208.0684219999999982
21
-96.191324999999992
0
LINE
8
BLACK
6
CONTINUOUS
10
208.0684219999999982
20
-96.191324999999992
11
208.0693949999999859
21
-96.1903509999999926
0
LINE
8
BLACK
6
CONTINUOUS
10
208.0693949999999859
20
-96.1903509999999926
11
208.0701889999999992
21
-96.1874529999999908
0
LINE
8
BLACK
6
CONTINUOUS
10
208.0701889999999992
20
-96.1874529999999908
11
208.1082839999999976
21
-96.1112619999999964
0
LINE
8
BLACK
6
CONTINUOUS
10
208.1082839999999976
20
-96.1112619999999964
11
208.1141859999999895
21
-96.1036560000000009
0
LINE
8
BLACK
6
CONTINUOUS
10
208.1141859999999895
20
-96.1036560000000009
11
208.1195239999999842
21
-96.0956690000000009
0
LINE
8
BLACK
6
CONTINUOUS
10
208.1195239999999842
20
-96.0956690000000009
11
208.1576179999999852
21
-96.0575740000000025
0
LINE
8
BLACK
6
CONTINUOUS
10
208.1576179999999852
20
-96.0575740000000025
11
208.1656119999999817
21
-96.0522309999999919
0
LINE
8
BLACK
6
CONTINUOUS
10
208.1656119999999817
20
-96.0522309999999919
11
208.1732119999999782
21
-96.0463340000000017
0
LINE
8
BLACK
6
CONTINUOUS
10
208.1732119999999782
20
-96.0463340000000017
11
208.2494039999999984
21
-96.008238999999989
0
LINE
8
BLACK
6
CONTINUOUS
10
208.2494039999999984
20
-96.008238999999989
11
208.2523009999999886
21
-96.0074449999999899
0
LINE
8
BLACK
6
CONTINUOUS
10
208.2523009999999886
20
-96.0074449999999899
11
208.2532750000000021
21
-96.0064720000000023
0
LINE
8
BLACK
6
CONTINUOUS
10
208.2532750000000021
20
-96.0064720000000023
11
208.262709000000001
21
-96.0045949999999948
0
LINE
8
BLACK
6
CONTINUOUS
10
208.262709000000001
20
-96.0045949999999948
11
208.2719829999999774
21
-96.0020559999999961
0
LINE
8
BLACK
6
CONTINUOUS
10
208.2719829999999774
20
-96.0020559999999961
11
208.2732879999999795
21
-96.002490999999992
0
LINE
8
BLACK
6
CONTINUOUS
10
208.2732879999999795
20
-96.002490999999992
11
208.2762359999999831
21
-96.0019049999999936
0
LINE
8
BLACK
6
CONTINUOUS
10
208.2762359999999831
20
-96.0019049999999936
11
208.3143309999999815
21
-96.0019049999999936
0
LINE
8
BLACK
6
CONTINUOUS
10
208.3143309999999815
20
-96.0019049999999936
11
208.3172779999999875
21
-96.002490999999992
0
LINE
8
BLACK
6
CONTINUOUS
10
208.2355849999999862
20
-96.1493119999999948
11
208.2112619999999765
21
-96.1736349999999902
0
LINE
8
BLACK
6
CONTINUOUS
10
208.2112619999999765
20
-96.1736349999999902
11
208.1838549999999941
21
-96.2284499999999952
0
LINE
8
BLACK
6
CONTINUOUS
10
208.1838549999999941
20
-96.2284499999999952
11
208.1838549999999941
21
-96.3525020000000012
0
LINE
8
BLACK
6
CONTINUOUS
10
208.1838549999999941
20
-96.3525020000000012
11
208.2112619999999765
21
-96.4073169999999919
0
LINE
8
BLACK
6
CONTINUOUS
10
208.2112619999999765
20
-96.4073169999999919
11
208.2355869999999811
21
-96.4316409999999991
0
LINE
8
BLACK
6
CONTINUOUS
10
208.2355869999999811
20
-96.4316409999999991
11
208.2904010000000028
21
-96.4590479999999957
0
LINE
8
BLACK
6
CONTINUOUS
10
208.2904010000000028
20
-96.4590479999999957
11
208.3001679999999851
21
-96.4590479999999957
0
LINE
8
BLACK
6
CONTINUOUS
10
208.3001679999999851
20
-96.4590479999999957
11
208.3549789999999859
21
-96.4316409999999991
0
LINE
8
BLACK
6
CONTINUOUS
10
208.3549789999999859
20
-96.4316409999999991
11
208.379304999999988
21
-96.407314999999997
0
LINE
8
BLACK
6
CONTINUOUS
10
208.379304999999988
20
-96.407314999999997
11
208.4067119999999989
21
-96.3525020000000012
0
LINE
8
BLACK
6
CONTINUOUS
10
208.4067119999999989
20
-96.3525020000000012
11
208.4067119999999989
21
-96.2284499999999952
0
LINE
8
BLACK
6
CONTINUOUS
10
208.4067119999999989
20
-96.2284499999999952
11
208.379304999999988
21
-96.1736360000000019
0
LINE
8
BLACK
6
CONTINUOUS
10
208.379304999999988
20
-96.1736360000000019
11
208.3549799999999834
21
-96.1493119999999948
0
LINE
8
BLACK
6
CONTINUOUS
10
208.3549799999999834
20
-96.1493119999999948
11
208.3001659999999902
21
-96.1219049999999982
0
LINE
8
BLACK
6
CONTINUOUS
10
208.3001659999999902
20
-96.1219049999999982
11
208.2904010000000028
21
-96.1219049999999982
0
LINE
8
BLACK
6
CONTINUOUS
10
208.2904010000000028
20
-96.1219049999999982
11
208.2355849999999862
21
-96.1493119999999948
0
LINE
8
BLACK
6
CONTINUOUS
10
208.5784419999999955
20
-96.1493119999999948
11
208.5541189999999858
21
-96.1736349999999902
0
LINE
8
BLACK
6
CONTINUOUS
10
208.5541189999999858
20
-96.1736349999999902
11
208.5267120000000034
21
-96.2284499999999952
0
LINE
8
BLACK
6
CONTINUOUS
10
208.5267120000000034
20
-96.2284499999999952
11
208.5267120000000034
21
-96.3525020000000012
0
LINE
8
BLACK
6
CONTINUOUS
10
208.5267120000000034
20
-96.3525020000000012
11
208.5541189999999858
21
-96.4073169999999919
0
LINE
8
BLACK
6
CONTINUOUS
10
208.5541189999999858
20
-96.4073169999999919
11
208.5784439999999904
21
-96.4316409999999991
0
LINE
8
BLACK
6
CONTINUOUS
10
208.5784439999999904
20
-96.4316409999999991
11
208.6332579999999837
21
-96.4590479999999957
0
LINE
8
BLACK
6
CONTINUOUS
10
208.6332579999999837
20
-96.4590479999999957
11
208.7573109999999872
21
-96.4590479999999957
0
LINE
8
BLACK
6
CONTINUOUS
10
208.7573109999999872
20
-96.4590479999999957
11
208.812121999999988
21
-96.4316409999999991
0
LINE
8
BLACK
6
CONTINUOUS
10
208.812121999999988
20
-96.4316409999999991
11
208.8364479999999901
21
-96.407314999999997
0
LINE
8
BLACK
6
CONTINUOUS
10
208.8364479999999901
20
-96.407314999999997
11
208.8638550000000009
21
-96.3525020000000012
0
LINE
8
BLACK
6
CONTINUOUS
10
208.8638550000000009
20
-96.3525020000000012
11
208.8638550000000009
21
-96.2284499999999952
0
LINE
8
BLACK
6
CONTINUOUS
10
208.8638550000000009
20
-96.2284499999999952
11
208.8364479999999901
21
-96.1736360000000019
0
LINE
8
BLACK
6
CONTINUOUS
10
208.8364479999999901
20
-96.1736360000000019
11
208.8121229999999855
21
-96.1493119999999948
0
LINE
8
BLACK
6
CONTINUOUS
10
208.8121229999999855
20
-96.1493119999999948
11
208.7573089999999922
21
-96.1219049999999982
0
LINE
8
BLACK
6
CONTINUOUS
10
208.7573089999999922
20
-96.1219049999999982
11
208.6332579999999837
21
-96.1219049999999982
0
LINE
8
BLACK
6
CONTINUOUS
10
208.6332579999999837
20
-96.1219049999999982
11
208.5784419999999955
21
-96.1493119999999948
0
LINE
8
BLACK
6
CONTINUOUS
10
211.1282049999999799
20
-96.0033379999999994
11
211.135549999999995
21
-96.0036959999999908
0
LINE
8
BLACK
6
CONTINUOUS
10
211.135549999999995
20
-96.0036959999999908
11
211.2879309999999862
21
-96.0417920000000009
0
LINE
8
BLACK
6
CONTINUOUS
10
211.2879309999999862
20
-96.0417920000000009
11
211.2971829999999898
21
-96.0461619999999954
0
LINE
8
BLACK
6
CONTINUOUS
10
211.2971829999999898
20
-96.0461619999999954
11
211.3066609999999912
21
-96.0500770000000017
0
LINE
8
BLACK
6
CONTINUOUS
10
211.3066609999999912
20
-96.0500770000000017
11
211.4209459999999865
21
-96.1262669999999986
0
LINE
8
BLACK
6
CONTINUOUS
10
211.4209459999999865
20
-96.1262669999999986
11
211.4251519999999971
21
-96.1304639999999893
0
LINE
8
BLACK
6
CONTINUOUS
10
211.4251519999999971
20
-96.1304639999999893
11
211.4300899999999785
21
-96.1337639999999993
0
LINE
8
BLACK
6
CONTINUOUS
10
211.4300899999999785
20
-96.1337639999999993
11
211.4681860000000029
21
-96.1718599999999952
0
LINE
8
BLACK
6
CONTINUOUS
10
211.4681860000000029
20
-96.1718599999999952
11
211.4735249999999951
21
-96.1798509999999993
0
LINE
8
BLACK
6
CONTINUOUS
10
211.4735249999999951
20
-96.1798509999999993
11
211.4794259999999895
21
-96.1874529999999908
0
LINE
8
BLACK
6
CONTINUOUS
10
211.4794259999999895
20
-96.1874529999999908
11
211.5175209999999879
21
-96.2636430000000018
0
LINE
8
BLACK
6
CONTINUOUS
10
211.5175209999999879
20
-96.2636430000000018
11
211.5183140000000037
21
-96.2665409999999895
0
LINE
8
BLACK
6
CONTINUOUS
10
211.5183140000000037
20
-96.2665409999999895
11
211.5192879999999889
21
-96.2675149999999888
0
LINE
8
BLACK
6
CONTINUOUS
10
211.5192879999999889
20
-96.2675149999999888
11
211.5211639999999989
21
-96.2769469999999927
0
LINE
8
BLACK
6
CONTINUOUS
10
211.5211639999999989
20
-96.2769469999999927
11
211.5237039999999809
21
-96.2862229999999926
0
LINE
8
BLACK
6
CONTINUOUS
10
211.5237039999999809
20
-96.2862229999999926
11
211.5232680000000016
21
-96.2875279999999947
0
LINE
8
BLACK
6
CONTINUOUS
10
211.5232680000000016
20
-96.2875279999999947
11
211.5238549999999975
21
-96.2904759999999982
0
LINE
8
BLACK
6
CONTINUOUS
10
211.5238549999999975
20
-96.2904759999999982
11
211.5238549999999975
21
-96.4428569999999894
0
LINE
8
BLACK
6
CONTINUOUS
10
211.5238549999999975
20
-96.4428569999999894
11
211.5192879999999889
21
-96.4658179999999987
0
LINE
8
BLACK
6
CONTINUOUS
10
211.5192879999999889
20
-96.4658179999999987
11
211.4868160000000046
21
-96.4982899999999972
0
LINE
8
BLACK
6
CONTINUOUS
10
211.4868160000000046
20
-96.4982899999999972
11
211.4408939999999859
21
-96.4982899999999972
0
LINE
8
BLACK
6
CONTINUOUS
10
211.4408939999999859
20
-96.4982899999999972
11
211.4084220000000016
21
-96.4658179999999987
0
LINE
8
BLACK
6
CONTINUOUS
10
211.4084220000000016
20
-96.4658179999999987
11
211.403854999999993
21
-96.4428569999999894
0
LINE
8
BLACK
6
CONTINUOUS
10
211.403854999999993
20
-96.4428569999999894
11
211.403854999999993
21
-96.3046409999999895
0
LINE
8
BLACK
6
CONTINUOUS
10
211.403854999999993
20
-96.3046409999999895
11
211.3764469999999847
21
-96.2498250000000013
0
LINE
8
BLACK
6
CONTINUOUS
10
211.3764469999999847
20
-96.2498250000000013
11
211.3494409999999846
21
-96.2228190000000012
0
LINE
8
BLACK
6
CONTINUOUS
10
211.3494409999999846
20
-96.2228190000000012
11
211.2487449999999853
21
-96.1556879999999978
0
LINE
8
BLACK
6
CONTINUOUS
10
211.2487449999999853
20
-96.1556879999999978
11
211.1894669999999792
21
-96.140868999999995
0
LINE
8
BLACK
6
CONTINUOUS
10
211.1894669999999792
20
-96.140868999999995
11
211.212758999999977
21
-96.1874540000000025
0
LINE
8
BLACK
6
CONTINUOUS
10
211.212758999999977
20
-96.1874540000000025
11
211.2135519999999929
21
-96.1903509999999926
0
LINE
8
BLACK
6
CONTINUOUS
10
211.2135519999999929
20
-96.1903509999999926
11
211.214525999999978
21
-96.191324999999992
0
LINE
8
BLACK
6
CONTINUOUS
10
211.214525999999978
20
-96.191324999999992
11
211.216401999999988
21
-96.2007589999999908
0
LINE
8
BLACK
6
CONTINUOUS
10
211.216401999999988
20
-96.2007589999999908
11
211.2189419999999984
21
-96.2100329999999957
0
LINE
8
BLACK
6
CONTINUOUS
10
211.2189419999999984
20
-96.2100329999999957
11
211.2185059999999908
21
-96.2113379999999978
0
LINE
8
BLACK
6
CONTINUOUS
10
211.2185059999999908
20
-96.2113379999999978
11
211.2190929999999867
21
-96.2142860000000013
0
LINE
8
BLACK
6
CONTINUOUS
10
211.2190929999999867
20
-96.2142860000000013
11
211.2190929999999867
21
-96.3666669999999925
0
LINE
8
BLACK
6
CONTINUOUS
10
211.2190929999999867
20
-96.3666669999999925
11
211.2185059999999908
21
-96.3696139999999986
0
LINE
8
BLACK
6
CONTINUOUS
10
211.2185059999999908
20
-96.3696139999999986
11
211.2189419999999984
21
-96.3709199999999981
0
LINE
8
BLACK
6
CONTINUOUS
10
211.2189419999999984
20
-96.3709199999999981
11
211.216401999999988
21
-96.3801950000000005
0
LINE
8
BLACK
6
CONTINUOUS
10
211.216401999999988
20
-96.3801950000000005
11
211.214525999999978
21
-96.3896280000000019
0
LINE
8
BLACK
6
CONTINUOUS
10
211.214525999999978
20
-96.3896280000000019
11
211.2135519999999929
21
-96.3906009999999895
0
LINE
8
BLACK
6
CONTINUOUS
10
211.2135519999999929
20
-96.3906009999999895
11
211.212758999999977
21
-96.3934999999999889
0
LINE
8
BLACK
6
CONTINUOUS
10
211.212758999999977
20
-96.3934999999999889
11
211.1746639999999786
21
-96.4696899999999999
0
LINE
8
BLACK
6
CONTINUOUS
10
211.1746639999999786
20
-96.4696899999999999
11
211.168768
21
-96.4772849999999949
0
LINE
8
BLACK
6
CONTINUOUS
10
211.168768
20
-96.4772849999999949
11
211.163423999999992
21
-96.4852839999999929
0
LINE
8
BLACK
6
CONTINUOUS
10
211.163423999999992
20
-96.4852839999999929
11
211.1253279999999961
21
-96.5233789999999914
0
LINE
8
BLACK
6
CONTINUOUS
10
211.1253279999999961
20
-96.5233789999999914
11
211.1173330000000021
21
-96.5287199999999928
0
LINE
8
BLACK
6
CONTINUOUS
10
211.1173330000000021
20
-96.5287199999999928
11
211.1097350000000006
21
-96.5346179999999947
0
LINE
8
BLACK
6
CONTINUOUS
10
211.1097350000000006
20
-96.5346179999999947
11
211.0335450000000037
21
-96.5727129999999931
0
LINE
8
BLACK
6
CONTINUOUS
10
211.0335450000000037
20
-96.5727129999999931
11
211.0306469999999877
21
-96.5735059999999947
0
LINE
8
BLACK
6
CONTINUOUS
10
211.0306469999999877
20
-96.5735059999999947
11
211.0296730000000025
21
-96.5744809999999916
0
LINE
8
BLACK
6
CONTINUOUS
10
211.0296730000000025
20
-96.5744809999999916
11
211.0202359999999828
21
-96.5763570000000016
0
LINE
8
BLACK
6
CONTINUOUS
10
211.0202359999999828
20
-96.5763570000000016
11
211.0109659999999963
21
-96.5788969999999978
0
LINE
8
BLACK
6
CONTINUOUS
10
211.0109659999999963
20
-96.5788969999999978
11
211.0096589999999992
21
-96.5784609999999901
0
LINE
8
BLACK
6
CONTINUOUS
10
211.0096589999999992
20
-96.5784609999999901
11
211.0067119999999932
21
-96.5790480000000002
0
LINE
8
BLACK
6
CONTINUOUS
10
211.0067119999999932
20
-96.5790480000000002
11
210.8162360000000035
21
-96.5790480000000002
0
LINE
8
BLACK
6
CONTINUOUS
10
210.8162360000000035
20
-96.5790480000000002
11
210.813288
21
-96.5784609999999901
0
LINE
8
BLACK
6
CONTINUOUS
10
210.813288
20
-96.5784609999999901
11
210.8119820000000004
21
-96.5788969999999978
0
LINE
8
BLACK
6
CONTINUOUS
10
210.8119820000000004
20
-96.5788969999999978
11
210.802710999999988
21
-96.5763570000000016
0
LINE
8
BLACK
6
CONTINUOUS
10
210.802710999999988
20
-96.5763570000000016
11
210.7932749999999942
21
-96.5744809999999916
0
LINE
8
BLACK
6
CONTINUOUS
10
210.7932749999999942
20
-96.5744809999999916
11
210.7922999999999831
21
-96.5735059999999947
0
LINE
8
BLACK
6
CONTINUOUS
10
210.7922999999999831
20
-96.5735059999999947
11
210.789402999999993
21
-96.5727129999999931
0
LINE
8
BLACK
6
CONTINUOUS
10
210.789402999999993
20
-96.5727129999999931
11
210.7132119999999986
21
-96.5346169999999972
0
LINE
8
BLACK
6
CONTINUOUS
10
210.7132119999999986
20
-96.5346169999999972
11
210.705617999999987
21
-96.5287239999999969
0
LINE
8
BLACK
6
CONTINUOUS
10
210.705617999999987
20
-96.5287239999999969
11
210.6976179999999772
21
-96.5233779999999939
0
LINE
8
BLACK
6
CONTINUOUS
10
210.6976179999999772
20
-96.5233779999999939
11
210.6595240000000047
21
-96.4852829999999955
0
LINE
8
BLACK
6
CONTINUOUS
10
210.6595240000000047
20
-96.4852829999999955
11
210.6541839999999866
21
-96.4772909999999939
0
LINE
8
BLACK
6
CONTINUOUS
10
210.6541839999999866
20
-96.4772909999999939
11
210.6482839999999896
21
-96.4696899999999999
0
LINE
8
BLACK
6
CONTINUOUS
10
210.6482839999999896
20
-96.4696899999999999
11
210.6101889999999912
21
-96.3934999999999889
0
LINE
8
BLACK
6
CONTINUOUS
10
210.6101889999999912
20
-96.3934999999999889
11
210.6093949999999779
21
-96.3906009999999895
0
LINE
8
BLACK
6
CONTINUOUS
10
210.6093949999999779
20
-96.3906009999999895
11
210.6084219999999902
21
-96.3896280000000019
0
LINE
8
BLACK
6
CONTINUOUS
10
210.6084219999999902
20
-96.3896280000000019
11
210.6065449999999828
21
-96.3801950000000005
0
LINE
8
BLACK
6
CONTINUOUS
10
210.6065449999999828
20
-96.3801950000000005
11
210.6040059999999983
21
-96.3709199999999981
0
LINE
8
BLACK
6
CONTINUOUS
10
210.6040059999999983
20
-96.3709199999999981
11
210.60444099999998
21
-96.3696139999999986
0
LINE
8
BLACK
6
CONTINUOUS
10
210.60444099999998
20
-96.3696139999999986
11
210.6038549999999816
21
-96.3666669999999925
0
LINE
8
BLACK
6
CONTINUOUS
10
210.6038549999999816
20
-96.3666669999999925
11
210.6038549999999816
21
-96.2142860000000013
0
LINE
8
BLACK
6
CONTINUOUS
10
210.6038549999999816
20
-96.2142860000000013
11
210.60444099999998
21
-96.2113379999999978
0
LINE
8
BLACK
6
CONTINUOUS
10
210.60444099999998
20
-96.2113379999999978
11
210.6040059999999983
21
-96.2100329999999957
0
LINE
8
BLACK
6
CONTINUOUS
10
210.6040059999999983
20
-96.2100329999999957
11
210.6065449999999828
21
-96.2007569999999959
0
LINE
8
BLACK
6
CONTINUOUS
10
210.6065449999999828
20
-96.2007569999999959
11
210.6084219999999902
21
-96.191324999999992
0
LINE
8
BLACK
6
CONTINUOUS
10
210.6084219999999902
20
-96.191324999999992
11
210.6093949999999779
21
-96.1903509999999926
0
LINE
8
BLACK
6
CONTINUOUS
10
210.6093949999999779
20
-96.1903509999999926
11
210.6101889999999912
21
-96.1874529999999908
0
LINE
8
BLACK
6
CONTINUOUS
10
210.6101889999999912
20
-96.1874529999999908
11
210.6482839999999896
21
-96.1112619999999964
0
LINE
8
BLACK
6
CONTINUOUS
10
210.6482839999999896
20
-96.1112619999999964
11
210.6541859999999815
21
-96.1036560000000009
0
LINE
8
BLACK
6
CONTINUOUS
10
210.6541859999999815
20
-96.1036560000000009
11
210.6595240000000047
21
-96.0956690000000009
0
LINE
8
BLACK
6
CONTINUOUS
10
210.6595240000000047
20
-96.0956690000000009
11
210.6976179999999772
21
-96.0575740000000025
0
LINE
8
BLACK
6
CONTINUOUS
10
210.6976179999999772
20
-96.0575740000000025
11
210.7056120000000021
21
-96.0522309999999919
0
LINE
8
BLACK
6
CONTINUOUS
10
210.7056120000000021
20
-96.0522309999999919
11
210.7132119999999986
21
-96.0463340000000017
0
LINE
8
BLACK
6
CONTINUOUS
10
210.7132119999999986
20
-96.0463340000000017
11
210.7894039999999904
21
-96.008238999999989
0
LINE
8
BLACK
6
CONTINUOUS
10
210.7894039999999904
20
-96.008238999999989
11
210.7923009999999806
21
-96.0074449999999899
0
LINE
8
BLACK
6
CONTINUOUS
10
210.7923009999999806
20
-96.0074449999999899
11
210.7932749999999942
21
-96.0064720000000023
0
LINE
8
BLACK
6
CONTINUOUS
10
210.7932749999999942
20
-96.0064720000000023
11
210.802708999999993
21
-96.0045949999999948
0
LINE
8
BLACK
6
CONTINUOUS
10
210.802708999999993
20
-96.0045949999999948
11
210.8119829999999979
21
-96.0020559999999961
0
LINE
8
BLACK
6
CONTINUOUS
10
210.8119829999999979
20
-96.0020559999999961
11
210.813288
21
-96.002490999999992
0
LINE
8
BLACK
6
CONTINUOUS
10
210.813288
20
-96.002490999999992
11
210.8162360000000035
21
-96.0019049999999936
0
LINE
8
BLACK
6
CONTINUOUS
10
210.8162360000000035
20
-96.0019049999999936
11
211.120997999999986
21
-96.0019049999999936
0
LINE
8
BLACK
6
CONTINUOUS
10
211.120997999999986
20
-96.0019049999999936
11
211.1282049999999799
21
-96.0033379999999994
0
LINE
8
BLACK
6
CONTINUOUS
10
210.7755849999999782
20
-96.1493119999999948
11
210.751261999999997
21
-96.1736349999999902
0
LINE
8
BLACK
6
CONTINUOUS
10
210.751261999999997
20
-96.1736349999999902
11
210.7238549999999861
21
-96.2284499999999952
0
LINE
8
BLACK
6
CONTINUOUS
10
210.7238549999999861
20
-96.2284499999999952
11
210.7238549999999861
21
-96.3525020000000012
0
LINE
8
BLACK
6
CONTINUOUS
10
210.7238549999999861
20
-96.3525020000000012
11
210.751261999999997
21
-96.4073169999999919
0
LINE
8
BLACK
6
CONTINUOUS
10
210.751261999999997
20
-96.4073169999999919
11
210.7755870000000016
21
-96.4316409999999991
0
LINE
8
BLACK
6
CONTINUOUS
10
210.7755870000000016
20
-96.4316409999999991
11
210.8304009999999948
21
-96.4590479999999957
0
LINE
8
BLACK
6
CONTINUOUS
10
210.8304009999999948
20
-96.4590479999999957
11
210.9925489999999968
21
-96.4590479999999957
0
LINE
8
BLACK
6
CONTINUOUS
10
210.9925489999999968
20
-96.4590479999999957
11
211.0473599999999976
21
-96.4316409999999991
0
LINE
8
BLACK
6
CONTINUOUS
10
211.0473599999999976
20
-96.4316409999999991
11
211.0716859999999997
21
-96.407314999999997
0
LINE
8
BLACK
6
CONTINUOUS
10
211.0716859999999997
20
-96.407314999999997
11
211.0990929999999821
21
-96.3525020000000012
0
LINE
8
BLACK
6
CONTINUOUS
10
211.0990929999999821
20
-96.3525020000000012
11
211.0990929999999821
21
-96.2284499999999952
0
LINE
8
BLACK
6
CONTINUOUS
10
211.0990929999999821
20
-96.2284499999999952
11
211.0716859999999997
21
-96.1736360000000019
0
LINE
8
BLACK
6
CONTINUOUS
10
211.0716859999999997
20
-96.1736360000000019
11
211.0473609999999951
21
-96.1493119999999948
0
LINE
8
BLACK
6
CONTINUOUS
10
211.0473609999999951
20
-96.1493119999999948
11
210.9925470000000018
21
-96.1219049999999982
0
LINE
8
BLACK
6
CONTINUOUS
10
210.9925470000000018
20
-96.1219049999999982
11
210.8304009999999948
21
-96.1219049999999982
0
LINE
8
BLACK
6
CONTINUOUS
10
210.8304009999999948
20
-96.1219049999999982
11
210.7755849999999782
21
-96.1493119999999948
0
LINE
8
BLACK
6
CONTINUOUS
10
218.5218589999999779
20
-95.6228279999999984
11
218.5313999999999908
21
-95.6240310000000022
0
LINE
8
BLACK
6
CONTINUOUS
10
218.5313999999999908
20
-95.6240310000000022
11
218.6456859999999836
21
-95.6621260000000007
0
LINE
8
BLACK
6
CONTINUOUS
10
218.6456859999999836
20
-95.6621260000000007
11
218.6482959999999878
21
-95.6636139999999955
0
LINE
8
BLACK
6
CONTINUOUS
10
218.6482959999999878
20
-95.6636139999999955
11
218.6496729999999786
21
-95.6636139999999955
0
LINE
8
BLACK
6
CONTINUOUS
10
218.6496729999999786
20
-95.6636139999999955
11
218.6576619999999878
21
-95.6689519999999902
0
LINE
8
BLACK
6
CONTINUOUS
10
218.6576619999999878
20
-95.6689519999999902
11
218.6660239999999931
21
-95.6737189999999913
0
LINE
8
BLACK
6
CONTINUOUS
10
218.6660239999999931
20
-95.6737189999999913
11
218.666640000000001
21
-95.6749519999999904
0
LINE
8
BLACK
6
CONTINUOUS
10
218.666640000000001
20
-95.6749519999999904
11
218.6691380000000038
21
-95.6766209999999973
0
LINE
8
BLACK
6
CONTINUOUS
10
218.6691380000000038
20
-95.6766209999999973
11
219.0238549999999975
21
-96.0313369999999935
0
LINE
8
BLACK
6
CONTINUOUS
10
219.0238549999999975
20
-96.0313369999999935
11
219.0238549999999975
21
-95.6809519999999907
0
LINE
8
BLACK
6
CONTINUOUS
10
219.0238549999999975
20
-95.6809519999999907
11
219.0284219999999777
21
-95.6579909999999956
0
LINE
8
BLACK
6
CONTINUOUS
10
219.0284219999999777
20
-95.6579909999999956
11
219.0608939999999905
21
-95.625518999999997
0
LINE
8
BLACK
6
CONTINUOUS
10
219.0608939999999905
20
-95.625518999999997
11
219.1068159999999807
21
-95.625518999999997
0
LINE
8
BLACK
6
CONTINUOUS
10
219.1068159999999807
20
-95.625518999999997
11
219.1392879999999934
21
-95.6579909999999956
0
LINE
8
BLACK
6
CONTINUOUS
10
219.1392879999999934
20
-95.6579909999999956
11
219.1438550000000021
21
-95.6809519999999907
0
LINE
8
BLACK
6
CONTINUOUS
10
219.1438550000000021
20
-95.6809519999999907
11
219.1438550000000021
21
-96.1761899999999912
0
LINE
8
BLACK
6
CONTINUOUS
10
219.1438550000000021
20
-96.1761899999999912
11
219.1392879999999934
21
-96.1991510000000005
0
LINE
8
BLACK
6
CONTINUOUS
10
219.1392879999999934
20
-96.1991510000000005
11
219.1068159999999807
21
-96.231622999999999
0
LINE
8
BLACK
6
CONTINUOUS
10
219.1068159999999807
20
-96.231622999999999
11
219.0608939999999905
21
-96.231622999999999
0
LINE
8
BLACK
6
CONTINUOUS
10
219.0608939999999905
20
-96.231622999999999
11
219.0414289999999937
21
-96.2186169999999947
0
LINE
8
BLACK
6
CONTINUOUS
10
219.0414289999999937
20
-96.2186169999999947
11
218.594301999999999
21
-95.7714890000000025
0
LINE
8
BLACK
6
CONTINUOUS
10
218.594301999999999
20
-95.7714890000000025
11
218.5026890000000037
21
-95.7409519999999929
0
LINE
8
BLACK
6
CONTINUOUS
10
218.5026890000000037
20
-95.7409519999999929
11
218.4504009999999994
21
-95.7409519999999929
0
LINE
8
BLACK
6
CONTINUOUS
10
218.4504009999999994
20
-95.7409519999999929
11
218.3955849999999828
21
-95.7683589999999896
0
LINE
8
BLACK
6
CONTINUOUS
10
218.3955849999999828
20
-95.7683589999999896
11
218.3712620000000015
21
-95.7926819999999992
0
LINE
8
BLACK
6
CONTINUOUS
10
218.3712620000000015
20
-95.7926819999999992
11
218.3438549999999907
21
-95.84749699999999
0
LINE
8
BLACK
6
CONTINUOUS
10
218.3438549999999907
20
-95.84749699999999
11
218.3438549999999907
21
-96.0096439999999944
0
LINE
8
BLACK
6
CONTINUOUS
10
218.3438549999999907
20
-96.0096439999999944
11
218.3712620000000015
21
-96.0644580000000019
0
LINE
8
BLACK
6
CONTINUOUS
10
218.3712620000000015
20
-96.0644580000000019
11
218.4024719999999888
21
-96.0956690000000009
0
LINE
8
BLACK
6
CONTINUOUS
10
218.4024719999999888
20
-96.0956690000000009
11
218.4154779999999789
21
-96.1151339999999976
0
LINE
8
BLACK
6
CONTINUOUS
10
218.4154779999999789
20
-96.1151339999999976
11
218.4154779999999789
21
-96.1610569999999996
0
LINE
8
BLACK
6
CONTINUOUS
10
218.4154779999999789
20
-96.1610569999999996
11
218.3830049999999972
21
-96.1935280000000006
0
LINE
8
BLACK
6
CONTINUOUS
10
218.3830049999999972
20
-96.1935280000000006
11
218.3370829999999785
21
-96.1935280000000006
0
LINE
8
BLACK
6
CONTINUOUS
10
218.3370829999999785
20
-96.1935280000000006
11
218.3176179999999817
21
-96.1805209999999988
0
LINE
8
BLACK
6
CONTINUOUS
10
218.3176179999999817
20
-96.1805209999999988
11
218.2795229999999833
21
-96.1424249999999887
0
LINE
8
BLACK
6
CONTINUOUS
10
218.2795229999999833
20
-96.1424249999999887
11
218.2741809999999987
21
-96.1344299999999947
0
LINE
8
BLACK
6
CONTINUOUS
10
218.2741809999999987
20
-96.1344299999999947
11
218.2682839999999942
21
-96.1268319999999932
0
LINE
8
BLACK
6
CONTINUOUS
10
218.2682839999999942
20
-96.1268319999999932
11
218.2301889999999958
21
-96.0506419999999963
0
LINE
8
BLACK
6
CONTINUOUS
10
218.2301889999999958
20
-96.0506419999999963
11
218.2293949999999825
21
-96.047742999999997
0
LINE
8
BLACK
6
CONTINUOUS
10
218.2293949999999825
20
-96.047742999999997
11
218.2284219999999948
21
-96.0467699999999951
0
LINE
8
BLACK
6
CONTINUOUS
10
218.2284219999999948
20
-96.0467699999999951
11
218.2265449999999873
21
-96.0373369999999937
0
LINE
8
BLACK
6
CONTINUOUS
10
218.2265449999999873
20
-96.0373369999999937
11
218.2240060000000028
21
-96.0280619999999914
0
LINE
8
BLACK
6
CONTINUOUS
10
218.2240060000000028
20
-96.0280619999999914
11
218.2244409999999846
21
-96.0267559999999918
0
LINE
8
BLACK
6
CONTINUOUS
10
218.2244409999999846
20
-96.0267559999999918
11
218.2238549999999861
21
-96.023809
0
LINE
8
BLACK
6
CONTINUOUS
10
218.2238549999999861
20
-96.023809
11
218.2238549999999861
21
-95.8333329999999961
0
LINE
8
BLACK
6
CONTINUOUS
10
218.2238549999999861
20
-95.8333329999999961
11
218.2244409999999846
21
-95.8303849999999926
0
LINE
8
BLACK
6
CONTINUOUS
10
218.2244409999999846
20
-95.8303849999999926
11
218.2240060000000028
21
-95.8290799999999905
0
LINE
8
BLACK
6
CONTINUOUS
10
218.2240060000000028
20
-95.8290799999999905
11
218.2265449999999873
21
-95.8198039999999907
0
LINE
8
BLACK
6
CONTINUOUS
10
218.2265449999999873
20
-95.8198039999999907
11
218.2284219999999948
21
-95.810372000000001
0
LINE
8
BLACK
6
CONTINUOUS
10
218.2284219999999948
20
-95.810372000000001
11
218.2293949999999825
21
-95.8093980000000016
0
LINE
8
BLACK
6
CONTINUOUS
10
218.2293949999999825
20
-95.8093980000000016
11
218.2301889999999958
21
-95.8064999999999998
0
LINE
8
BLACK
6
CONTINUOUS
10
218.2301889999999958
20
-95.8064999999999998
11
218.2682839999999942
21
-95.7303089999999912
0
LINE
8
BLACK
6
CONTINUOUS
10
218.2682839999999942
20
-95.7303089999999912
11
218.2741859999999861
21
-95.7227029999999957
0
LINE
8
BLACK
6
CONTINUOUS
10
218.2741859999999861
20
-95.7227029999999957
11
218.2795239999999808
21
-95.7147159999999957
0
LINE
8
BLACK
6
CONTINUOUS
10
218.2795239999999808
20
-95.7147159999999957
11
218.3176179999999817
21
-95.6766209999999973
0
LINE
8
BLACK
6
CONTINUOUS
10
218.3176179999999817
20
-95.6766209999999973
11
218.3256119999999783
21
-95.6712780000000009
0
LINE
8
BLACK
6
CONTINUOUS
10
218.3256119999999783
20
-95.6712780000000009
11
218.3332120000000032
21
-95.6653809999999964
0
LINE
8
BLACK
6
CONTINUOUS
10
218.3332120000000032
20
-95.6653809999999964
11
218.409403999999995
21
-95.627285999999998
0
LINE
8
BLACK
6
CONTINUOUS
10
218.409403999999995
20
-95.627285999999998
11
218.4123009999999852
21
-95.6264919999999989
0
LINE
8
BLACK
6
CONTINUOUS
10
218.4123009999999852
20
-95.6264919999999989
11
218.4132749999999987
21
-95.625518999999997
0
LINE
8
BLACK
6
CONTINUOUS
10
218.4132749999999987
20
-95.625518999999997
11
218.4227089999999976
21
-95.6236419999999896
0
LINE
8
BLACK
6
CONTINUOUS
10
218.4227089999999976
20
-95.6236419999999896
11
218.4319830000000024
21
-95.6211029999999909
0
LINE
8
BLACK
6
CONTINUOUS
10
218.4319830000000024
20
-95.6211029999999909
11
218.4332879999999761
21
-95.621538000000001
0
LINE
8
BLACK
6
CONTINUOUS
10
218.4332879999999761
20
-95.621538000000001
11
218.4362359999999796
21
-95.6209520000000026
0
LINE
8
BLACK
6
CONTINUOUS
10
218.4362359999999796
20
-95.6209520000000026
11
218.5124259999999765
21
-95.6209520000000026
0
LINE
8
BLACK
6
CONTINUOUS
10
218.5124259999999765
20
-95.6209520000000026
11
218.5218589999999779
21
-95.6228279999999984
0
LINE
8
BLACK
6
CONTINUOUS
10
213.7062999999999988
20
-95.6223849999999942
11
213.7136449999999854
21
-95.6227429999999998
0
LINE
8
BLACK
6
CONTINUOUS
10
213.7136449999999854
20
-95.6227429999999998
11
213.8660259999999766
21
-95.6608389999999957
0
LINE
8
BLACK
6
CONTINUOUS
10
213.8660259999999766
20
-95.6608389999999957
11
213.8719649999999888
21
-95.6636439999999908
0
LINE
8
BLACK
6
CONTINUOUS
10
213.8719649999999888
20
-95.6636439999999908
11
213.8783069999999782
21
-95.6653809999999964
0
LINE
8
BLACK
6
CONTINUOUS
10
213.8783069999999782
20
-95.6653809999999964
11
213.9544970000000035
21
-95.7034759999999949
0
LINE
8
BLACK
6
CONTINUOUS
10
213.9544970000000035
20
-95.7034759999999949
11
213.9620949999999766
21
-95.7093729999999994
0
LINE
8
BLACK
6
CONTINUOUS
10
213.9620949999999766
20
-95.7093729999999994
11
213.970089999999999
21
-95.7147149999999982
0
LINE
8
BLACK
6
CONTINUOUS
10
213.970089999999999
20
-95.7147149999999982
11
214.0081859999999949
21
-95.7528099999999966
0
LINE
8
BLACK
6
CONTINUOUS
10
214.0081859999999949
20
-95.7528099999999966
11
214.0135279999999796
21
-95.7608039999999932
0
LINE
8
BLACK
6
CONTINUOUS
10
214.0135279999999796
20
-95.7608039999999932
11
214.0194259999999815
21
-95.7684039999999897
0
LINE
8
BLACK
6
CONTINUOUS
10
214.0194259999999815
20
-95.7684039999999897
11
214.0575209999999799
21
-95.8445959999999957
0
LINE
8
BLACK
6
CONTINUOUS
10
214.0575209999999799
20
-95.8445959999999957
11
214.0583139999999958
21
-95.8474930000000001
0
LINE
8
BLACK
6
CONTINUOUS
10
214.0583139999999958
20
-95.8474930000000001
11
214.0592879999999809
21
-95.8484669999999994
0
LINE
8
BLACK
6
CONTINUOUS
10
214.0592879999999809
20
-95.8484669999999994
11
214.0611639999999909
21
-95.8579009999999982
0
LINE
8
BLACK
6
CONTINUOUS
10
214.0611639999999909
20
-95.8579009999999982
11
214.0637040000000013
21
-95.8671749999999889
0
LINE
8
BLACK
6
CONTINUOUS
10
214.0637040000000013
20
-95.8671749999999889
11
214.0632679999999937
21
-95.868479999999991
0
LINE
8
BLACK
6
CONTINUOUS
10
214.0632679999999937
20
-95.868479999999991
11
214.0638549999999896
21
-95.8714279999999945
0
LINE
8
BLACK
6
CONTINUOUS
10
214.0638549999999896
20
-95.8714279999999945
11
214.0638549999999896
21
-95.9476179999999914
0
LINE
8
BLACK
6
CONTINUOUS
10
214.0638549999999896
20
-95.9476179999999914
11
214.0632679999999937
21
-95.9505649999999974
0
LINE
8
BLACK
6
CONTINUOUS
10
214.0632679999999937
20
-95.9505649999999974
11
214.0637040000000013
21
-95.951870999999997
0
LINE
8
BLACK
6
CONTINUOUS
10
214.0637040000000013
20
-95.951870999999997
11
214.0611639999999909
21
-95.9611439999999902
0
LINE
8
BLACK
6
CONTINUOUS
10
214.0611639999999909
20
-95.9611439999999902
11
214.0592879999999809
21
-95.9705790000000007
0
LINE
8
BLACK
6
CONTINUOUS
10
214.0592879999999809
20
-95.9705790000000007
11
214.0583139999999958
21
-95.9715520000000026
0
LINE
8
BLACK
6
CONTINUOUS
10
214.0583139999999958
20
-95.9715520000000026
11
214.0575209999999799
21
-95.9744499999999903
0
LINE
8
BLACK
6
CONTINUOUS
10
214.0575209999999799
20
-95.9744499999999903
11
214.0194259999999815
21
-96.0506419999999963
0
LINE
8
BLACK
6
CONTINUOUS
10
214.0194259999999815
20
-96.0506419999999963
11
214.0135279999999796
21
-96.0582409999999953
0
LINE
8
BLACK
6
CONTINUOUS
10
214.0135279999999796
20
-96.0582409999999953
11
214.0081859999999949
21
-96.0662359999999893
0
LINE
8
BLACK
6
CONTINUOUS
10
214.0081859999999949
20
-96.0662359999999893
11
213.970089999999999
21
-96.1043310000000019
0
LINE
8
BLACK
6
CONTINUOUS
10
213.970089999999999
20
-96.1043310000000019
11
213.9620949999999766
21
-96.1096719999999891
0
LINE
8
BLACK
6
CONTINUOUS
10
213.9620949999999766
20
-96.1096719999999891
11
213.9544970000000035
21
-96.1155699999999911
0
LINE
8
BLACK
6
CONTINUOUS
10
213.9544970000000035
20
-96.1155699999999911
11
213.8783069999999782
21
-96.1536649999999895
0
LINE
8
BLACK
6
CONTINUOUS
10
213.8783069999999782
20
-96.1536649999999895
11
213.8719649999999888
21
-96.1554009999999977
0
LINE
8
BLACK
6
CONTINUOUS
10
213.8719649999999888
20
-96.1554009999999977
11
213.8660259999999766
21
-96.1582069999999902
0
LINE
8
BLACK
6
CONTINUOUS
10
213.8660259999999766
20
-96.1582069999999902
11
213.7136449999999854
21
-96.1963030000000003
0
LINE
8
BLACK
6
CONTINUOUS
10
213.7136449999999854
20
-96.1963030000000003
11
213.7063039999999887
21
-96.1966599999999943
0
LINE
8
BLACK
6
CONTINUOUS
10
213.7063039999999887
20
-96.1966599999999943
11
213.6990929999999764
21
-96.198094999999995
0
LINE
8
BLACK
6
CONTINUOUS
10
213.6990929999999764
20
-96.198094999999995
11
213.5086169999999868
21
-96.198094999999995
0
LINE
8
BLACK
6
CONTINUOUS
10
213.5086169999999868
20
-96.198094999999995
11
213.5014089999999953
21
-96.1966609999999918
0
LINE
8
BLACK
6
CONTINUOUS
10
213.5014089999999953
20
-96.1966609999999918
11
213.4940649999999778
21
-96.1963039999999978
0
LINE
8
BLACK
6
CONTINUOUS
10
213.4940649999999778
20
-96.1963039999999978
11
213.3416839999999866
21
-96.1582069999999902
0
LINE
8
BLACK
6
CONTINUOUS
10
213.3416839999999866
20
-96.1582069999999902
11
213.3357429999999795
21
-96.1554009999999977
0
LINE
8
BLACK
6
CONTINUOUS
10
213.3357429999999795
20
-96.1554009999999977
11
213.3294039999999825
21
-96.1536649999999895
0
LINE
8
BLACK
6
CONTINUOUS
10
213.3294039999999825
20
-96.1536649999999895
11
213.2532119999999907
21
-96.1155699999999911
0
LINE
8
BLACK
6
CONTINUOUS
10
213.2532119999999907
20
-96.1155699999999911
11
213.2456119999999942
21
-96.1096719999999891
0
LINE
8
BLACK
6
CONTINUOUS
10
213.2456119999999942
20
-96.1096719999999891
11
213.2376179999999977
21
-96.1043299999999903
0
LINE
8
BLACK
6
CONTINUOUS
10
213.2376179999999977
20
-96.1043299999999903
11
213.1995239999999967
21
-96.0662349999999918
0
LINE
8
BLACK
6
CONTINUOUS
10
213.1995239999999967
20
-96.0662349999999918
11
213.194186000000002
21
-96.0582469999999944
0
LINE
8
BLACK
6
CONTINUOUS
10
213.194186000000002
20
-96.0582469999999944
11
213.1882839999999817
21
-96.0506419999999963
0
LINE
8
BLACK
6
CONTINUOUS
10
213.1882839999999817
20
-96.0506419999999963
11
213.1501889999999833
21
-95.974451000000002
0
LINE
8
BLACK
6
CONTINUOUS
10
213.1501889999999833
20
-95.974451000000002
11
213.1493949999999984
21
-95.9715520000000026
0
LINE
8
BLACK
6
CONTINUOUS
10
213.1493949999999984
20
-95.9715520000000026
11
213.1484219999999823
21
-95.9705790000000007
0
LINE
8
BLACK
6
CONTINUOUS
10
213.1484219999999823
20
-95.9705790000000007
11
213.1465450000000033
21
-95.9611459999999994
0
LINE
8
BLACK
6
CONTINUOUS
10
213.1465450000000033
20
-95.9611459999999994
11
213.1440059999999903
21
-95.951870999999997
0
LINE
8
BLACK
6
CONTINUOUS
10
213.1440059999999903
20
-95.951870999999997
11
213.1444410000000005
21
-95.9505649999999974
0
LINE
8
BLACK
6
CONTINUOUS
10
213.1444410000000005
20
-95.9505649999999974
11
213.1438550000000021
21
-95.9476179999999914
0
LINE
8
BLACK
6
CONTINUOUS
10
213.1438550000000021
20
-95.9476179999999914
11
213.1438550000000021
21
-95.8714279999999945
0
LINE
8
BLACK
6
CONTINUOUS
10
213.1438550000000021
20
-95.8714279999999945
11
213.1444410000000005
21
-95.868479999999991
0
LINE
8
BLACK
6
CONTINUOUS
10
213.1444410000000005
20
-95.868479999999991
11
213.1440059999999903
21
-95.8671749999999889
0
LINE
8
BLACK
6
CONTINUOUS
10
213.1440059999999903
20
-95.8671749999999889
11
213.1465450000000033
21
-95.8578989999999891
0
LINE
8
BLACK
6
CONTINUOUS
10
213.1465450000000033
20
-95.8578989999999891
11
213.1484219999999823
21
-95.8484669999999994
0
LINE
8
BLACK
6
CONTINUOUS
10
213.1484219999999823
20
-95.8484669999999994
11
213.1493949999999984
21
-95.8474930000000001
0
LINE
8
BLACK
6
CONTINUOUS
10
213.1493949999999984
20
-95.8474930000000001
11
213.1501889999999833
21
-95.8445949999999982
0
LINE
8
BLACK
6
CONTINUOUS
10
213.1501889999999833
20
-95.8445949999999982
11
213.1882839999999817
21
-95.7684039999999897
0
LINE
8
BLACK
6
CONTINUOUS
10
213.1882839999999817
20
-95.7684039999999897
11
213.194186000000002
21
-95.7607979999999941
0
LINE
8
BLACK
6
CONTINUOUS
10
213.194186000000002
20
-95.7607979999999941
11
213.1995239999999967
21
-95.7528109999999941
0
LINE
8
BLACK
6
CONTINUOUS
10
213.1995239999999967
20
-95.7528109999999941
11
213.2376179999999977
21
-95.7147159999999957
0
LINE
8
BLACK
6
CONTINUOUS
10
213.2376179999999977
20
-95.7147159999999957
11
213.2456119999999942
21
-95.7093729999999994
0
LINE
8
BLACK
6
CONTINUOUS
10
213.2456119999999942
20
-95.7093729999999994
11
213.2532119999999907
21
-95.7034759999999949
0
LINE
8
BLACK
6
CONTINUOUS
10
213.2532119999999907
20
-95.7034759999999949
11
213.3294039999999825
21
-95.6653809999999964
0
LINE
8
BLACK
6
CONTINUOUS
10
213.3294039999999825
20
-95.6653809999999964
11
213.335739999999987
21
-95.6636450000000025
0
LINE
8
BLACK
6
CONTINUOUS
10
213.335739999999987
20
-95.6636450000000025
11
213.3416839999999866
21
-95.6608379999999983
0
LINE
8
BLACK
6
CONTINUOUS
10
213.3416839999999866
20
-95.6608379999999983
11
213.4940649999999778
21
-95.6227429999999998
0
LINE
8
BLACK
6
CONTINUOUS
10
213.4940649999999778
20
-95.6227429999999998
11
213.5014089999999953
21
-95.6223849999999942
0
LINE
8
BLACK
6
CONTINUOUS
10
213.5014089999999953
20
-95.6223849999999942
11
213.5086169999999868
21
-95.6209520000000026
0
LINE
8
BLACK
6
CONTINUOUS
10
213.5086169999999868
20
-95.6209520000000026
11
213.6990929999999764
21
-95.6209520000000026
0
LINE
8
BLACK
6
CONTINUOUS
10
213.6990929999999764
20
-95.6209520000000026
11
213.7062999999999988
21
-95.6223849999999942
0
LINE
8
BLACK
6
CONTINUOUS
10
213.377176999999989
20
-95.7756579999999929
11
213.3155849999999987
21
-95.8064540000000022
0
LINE
8
BLACK
6
CONTINUOUS
10
213.3155849999999987
20
-95.8064540000000022
11
213.291261999999989
21
-95.8307769999999977
0
LINE
8
BLACK
6
CONTINUOUS
10
213.291261999999989
20
-95.8307769999999977
11
213.2638549999999782
21
-95.8855920000000026
0
LINE
8
BLACK
6
CONTINUOUS
10
213.2638549999999782
20
-95.8855920000000026
11
213.2638549999999782
21
-95.9334530000000001
0
LINE
8
BLACK
6
CONTINUOUS
10
213.2638549999999782
20
-95.9334530000000001
11
213.291261999999989
21
-95.9882679999999908
0
LINE
8
BLACK
6
CONTINUOUS
10
213.291261999999989
20
-95.9882679999999908
11
213.3155849999999987
21
-96.0125910000000005
0
LINE
8
BLACK
6
CONTINUOUS
10
213.3155849999999987
20
-96.0125910000000005
11
213.3771809999999789
21
-96.0433889999999906
0
LINE
8
BLACK
6
CONTINUOUS
10
213.3771809999999789
20
-96.0433889999999906
11
213.5160009999999886
21
-96.0780949999999905
0
LINE
8
BLACK
6
CONTINUOUS
10
213.5160009999999886
20
-96.0780949999999905
11
213.691709000000003
21
-96.0780949999999905
0
LINE
8
BLACK
6
CONTINUOUS
10
213.691709000000003
20
-96.0780949999999905
11
213.8305309999999793
21
-96.0433869999999956
0
LINE
8
BLACK
6
CONTINUOUS
10
213.8305309999999793
20
-96.0433869999999956
11
213.892122999999998
21
-96.0125910000000005
0
LINE
8
BLACK
6
CONTINUOUS
10
213.892122999999998
20
-96.0125910000000005
11
213.9164480000000026
21
-95.9882669999999933
0
LINE
8
BLACK
6
CONTINUOUS
10
213.9164480000000026
20
-95.9882669999999933
11
213.943854999999985
21
-95.9334530000000001
0
LINE
8
BLACK
6
CONTINUOUS
10
213.943854999999985
20
-95.9334530000000001
11
213.943854999999985
21
-95.8855920000000026
0
LINE
8
BLACK
6
CONTINUOUS
10
213.943854999999985
20
-95.8855920000000026
11
213.9164480000000026
21
-95.8307779999999951
0
LINE
8
BLACK
6
CONTINUOUS
10
213.9164480000000026
20
-95.8307779999999951
11
213.892122999999998
21
-95.8064540000000022
0
LINE
8
BLACK
6
CONTINUOUS
10
213.892122999999998
20
-95.8064540000000022
11
213.8305319999999767
21
-95.7756579999999929
0
LINE
8
BLACK
6
CONTINUOUS
10
213.8305319999999767
20
-95.7756579999999929
11
213.6917049999999847
21
-95.7409519999999929
0
LINE
8
BLACK
6
CONTINUOUS
10
213.6917049999999847
20
-95.7409519999999929
11
213.5160009999999886
21
-95.7409519999999929
0
LINE
8
BLACK
6
CONTINUOUS
10
213.5160009999999886
20
-95.7409519999999929
11
213.377176999999989
21
-95.7756579999999929
0
LINE
8
BLACK
6
CONTINUOUS
10
216.5992880000000014
20
-95.6579909999999956
11
216.6038549999999816
21
-95.6809519999999907
0
LINE
8
BLACK
6
CONTINUOUS
10
216.6038549999999816
20
-95.6809519999999907
11
216.6038549999999816
21
-96.1380949999999928
0
LINE
8
BLACK
6
CONTINUOUS
10
216.6038549999999816
20
-96.1380949999999928
11
216.5992880000000014
21
-96.1610560000000021
0
LINE
8
BLACK
6
CONTINUOUS
10
216.5992880000000014
20
-96.1610560000000021
11
216.5668159999999887
21
-96.1935280000000006
0
LINE
8
BLACK
6
CONTINUOUS
10
216.5668159999999887
20
-96.1935280000000006
11
216.5208939999999984
21
-96.1935280000000006
0
LINE
8
BLACK
6
CONTINUOUS
10
216.5208939999999984
20
-96.1935280000000006
11
216.4884219999999857
21
-96.1610560000000021
0
LINE
8
BLACK
6
CONTINUOUS
10
216.4884219999999857
20
-96.1610560000000021
11
216.4838549999999771
21
-96.1380949999999928
0
LINE
8
BLACK
6
CONTINUOUS
10
216.4838549999999771
20
-96.1380949999999928
11
216.4838549999999771
21
-95.9695229999999952
0
LINE
8
BLACK
6
CONTINUOUS
10
216.4838549999999771
20
-95.9695229999999952
11
215.9268019999999808
21
-95.9695229999999952
0
LINE
8
BLACK
6
CONTINUOUS
10
215.9268019999999808
20
-95.9695229999999952
11
215.9767569999999921
21
-96.0194779999999923
0
LINE
8
BLACK
6
CONTINUOUS
10
215.9767569999999921
20
-96.0194779999999923
11
215.9820939999999894
21
-96.0274649999999923
0
LINE
8
BLACK
6
CONTINUOUS
10
215.9820939999999894
20
-96.0274649999999923
11
215.9879969999999787
21
-96.0350710000000021
0
LINE
8
BLACK
6
CONTINUOUS
10
215.9879969999999787
20
-96.0350710000000021
11
216.0260919999999771
21
-96.1112629999999939
0
LINE
8
BLACK
6
CONTINUOUS
10
216.0260919999999771
20
-96.1112629999999939
11
216.0322749999999985
21
-96.1338420000000013
0
LINE
8
BLACK
6
CONTINUOUS
10
216.0322749999999985
20
-96.1338420000000013
11
216.017752999999999
21
-96.1774079999999998
0
LINE
8
BLACK
6
CONTINUOUS
10
216.017752999999999
20
-96.1774079999999998
11
215.9766789999999901
21
-96.1979439999999926
0
LINE
8
BLACK
6
CONTINUOUS
10
215.9766789999999901
20
-96.1979439999999926
11
215.9331129999999916
21
-96.1834219999999931
0
LINE
8
BLACK
6
CONTINUOUS
10
215.9331129999999916
20
-96.1834219999999931
11
215.9187599999999918
21
-96.1649279999999891
0
LINE
8
BLACK
6
CONTINUOUS
10
215.9187599999999918
20
-96.1649279999999891
11
215.8850180000000023
21
-96.0974449999999933
0
LINE
8
BLACK
6
CONTINUOUS
10
215.8850180000000023
20
-96.0974449999999933
11
215.8199139999999829
21
-96.0323399999999907
0
LINE
8
BLACK
6
CONTINUOUS
10
215.8199139999999829
20
-96.0323399999999907
11
215.7105729999999824
21
-95.9594459999999998
0
LINE
8
BLACK
6
CONTINUOUS
10
215.7105729999999824
20
-95.9594459999999998
11
215.6940009999999859
21
-95.9429090000000002
0
LINE
8
BLACK
6
CONTINUOUS
10
215.6940009999999859
20
-95.9429090000000002
11
215.6927889999999763
21
-95.9368509999999901
0
LINE
8
BLACK
6
CONTINUOUS
10
215.6927889999999763
20
-95.9368509999999901
11
215.6884220000000028
21
-95.9324840000000023
0
LINE
8
BLACK
6
CONTINUOUS
10
215.6884220000000028
20
-95.9324840000000023
11
215.6884220000000028
21
-95.9150099999999952
0
LINE
8
BLACK
6
CONTINUOUS
10
215.6884220000000028
20
-95.9150099999999952
11
215.684995999999984
21
-95.897878999999989
0
LINE
8
BLACK
6
CONTINUOUS
10
215.684995999999984
20
-95.897878999999989
11
215.6884220000000028
21
-95.8927389999999917
0
LINE
8
BLACK
6
CONTINUOUS
10
215.6884220000000028
20
-95.8927389999999917
11
215.6884220000000028
21
-95.8865619999999979
0
LINE
8
BLACK
6
CONTINUOUS
10
215.6884220000000028
20
-95.8865619999999979
11
215.700776999999988
21
-95.8742060000000009
0
LINE
8
BLACK
6
CONTINUOUS
10
215.700776999999988
20
-95.8742060000000009
11
215.7104689999999891
21
-95.8596689999999967
0
LINE
8
BLACK
6
CONTINUOUS
10
215.7104689999999891
20
-95.8596689999999967
11
215.7165259999999876
21
-95.8584570000000014
0
LINE
8
BLACK
6
CONTINUOUS
10
215.7165259999999876
20
-95.8584570000000014
11
215.720893999999987
21
-95.8540899999999993
0
LINE
8
BLACK
6
CONTINUOUS
10
215.720893999999987
20
-95.8540899999999993
11
215.7438549999999964
21
-95.8495229999999907
0
LINE
8
BLACK
6
CONTINUOUS
10
215.7438549999999964
20
-95.8495229999999907
11
216.4838549999999771
21
-95.8495229999999907
0
LINE
8
BLACK
6
CONTINUOUS
10
216.4838549999999771
20
-95.8495229999999907
11
216.4838549999999771
21
-95.6809519999999907
0
LINE
8
BLACK
6
CONTINUOUS
10
216.4838549999999771
20
-95.6809519999999907
11
216.4884219999999857
21
-95.6579909999999956
0
LINE
8
BLACK
6
CONTINUOUS
10
216.4884219999999857
20
-95.6579909999999956
11
216.5208939999999984
21
-95.625518999999997
0
LINE
8
BLACK
6
CONTINUOUS
10
216.5208939999999984
20
-95.625518999999997
11
216.5668159999999887
21
-95.625518999999997
0
LINE
8
BLACK
6
CONTINUOUS
10
216.5668159999999887
20
-95.625518999999997
11
216.5992880000000014
21
-95.6579909999999956
0
LINE
8
BLACK
6
CONTINUOUS
10
192.8098739999999793
20
-88.8855259999999987
11
192.9075859999999807
21
-88.9107929999999982
0
LINE
8
BLACK
6
CONTINUOUS
10
192.9075859999999807
20
-88.9107929999999982
11
192.9776689999999917
21
-88.9478079999999949
0
LINE
8
BLACK
6
CONTINUOUS
10
192.9776689999999917
20
-88.9478079999999949
11
193.0460569999999905
21
-89.0078919999999982
0
LINE
8
BLACK
6
CONTINUOUS
10
193.0460569999999905
20
-89.0078919999999982
11
193.0895319999999913
21
-89.0906899999999951
0
LINE
8
BLACK
6
CONTINUOUS
10
193.0895319999999913
20
-89.0906899999999951
11
193.1095599999999877
21
-89.2179409999999962
0
LINE
8
BLACK
6
CONTINUOUS
10
193.1095599999999877
20
-89.2179409999999962
11
193.1151769999999885
21
-89.4108930000000015
0
LINE
8
BLACK
6
CONTINUOUS
10
193.1151769999999885
20
-89.4108930000000015
11
193.1151769999999885
21
-90.652867999999998
0
LINE
8
BLACK
6
CONTINUOUS
10
193.1151769999999885
20
-90.652867999999998
11
193.1068669999999941
21
-90.816086999999996
0
LINE
8
BLACK
6
CONTINUOUS
10
193.1068669999999941
20
-90.816086999999996
11
193.0866010000000017
21
-90.9173830000000009
0
LINE
8
BLACK
6
CONTINUOUS
10
193.0866010000000017
20
-90.9173830000000009
11
193.04771199999999
21
-91.0003600000000006
0
LINE
8
BLACK
6
CONTINUOUS
10
193.04771199999999
20
-91.0003600000000006
11
192.9891480000000001
21
-91.0653939999999977
0
LINE
8
BLACK
6
CONTINUOUS
10
192.9891480000000001
20
-91.0653939999999977
11
192.9207789999999818
21
-91.1077119999999923
0
LINE
8
BLACK
6
CONTINUOUS
10
192.9207789999999818
20
-91.1077119999999923
11
192.8379620000000045
21
-91.1337819999999965
0
LINE
8
BLACK
6
CONTINUOUS
10
192.8379620000000045
20
-91.1337819999999965
11
192.553418999999991
21
-91.1506349999999941
0
LINE
8
BLACK
6
CONTINUOUS
10
192.553418999999991
20
-91.1506349999999941
11
191.6858679999999993
21
-91.1506349999999941
0
LINE
8
BLACK
6
CONTINUOUS
10
191.6858679999999993
20
-91.1506349999999941
11
191.4252609999999777
21
-91.1645559999999904
0
LINE
8
BLACK
6
CONTINUOUS
10
191.4252609999999777
20
-91.1645559999999904
11
191.3415799999999933
21
-91.1905699999999939
0
LINE
8
BLACK
6
CONTINUOUS
10
191.3415799999999933
20
-91.1905699999999939
11
191.2860429999999781
21
-91.2361199999999997
0
LINE
8
BLACK
6
CONTINUOUS
10
191.2860429999999781
20
-91.2361199999999997
11
191.2505889999999908
21
-91.3030539999999888
0
LINE
8
BLACK
6
CONTINUOUS
10
191.2505889999999908
20
-91.3030539999999888
11
191.2291339999999877
21
-91.4090429999999969
0
LINE
8
BLACK
6
CONTINUOUS
10
191.2291339999999877
20
-91.4090429999999969
11
191.2181429999999978
21
-91.7282689999999974
0
LINE
8
BLACK
6
CONTINUOUS
10
191.2181429999999978
20
-91.7282689999999974
11
191.2371939999999881
21
-91.9556589999999971
0
LINE
8
BLACK
6
CONTINUOUS
10
191.2371939999999881
20
-91.9556589999999971
11
191.2666380000000004
21
-92.0232419999999962
0
LINE
8
BLACK
6
CONTINUOUS
10
191.2666380000000004
20
-92.0232419999999962
11
191.3160849999999868
21
-92.0748490000000004
0
LINE
8
BLACK
6
CONTINUOUS
10
191.3160849999999868
20
-92.0748490000000004
11
191.3644449999999892
21
-92.1078219999999988
0
LINE
8
BLACK
6
CONTINUOUS
10
191.3644449999999892
20
-92.1078219999999988
11
191.4382059999999797
21
-92.1241869999999921
0
LINE
8
BLACK
6
CONTINUOUS
10
191.4382059999999797
20
-92.1241869999999921
11
191.5603270000000009
21
-92.1327349999999967
0
LINE
8
BLACK
6
CONTINUOUS
10
191.5603270000000009
20
-92.1327349999999967
11
191.7530349999999828
21
-92.1354219999999913
0
LINE
8
BLACK
6
CONTINUOUS
10
191.7530349999999828
20
-92.1354219999999913
11
192.6596649999999897
21
-92.1354219999999913
0
LINE
8
BLACK
6
CONTINUOUS
10
192.6596649999999897
20
-92.1354219999999913
11
192.8814370000000054
21
-92.1383529999999951
0
LINE
8
BLACK
6
CONTINUOUS
10
192.8814370000000054
20
-92.1383529999999951
11
192.9867059999999981
21
-92.1581359999999989
0
LINE
8
BLACK
6
CONTINUOUS
10
192.9867059999999981
20
-92.1581359999999989
11
193.0445409999999811
21
-92.185734999999994
0
LINE
8
BLACK
6
CONTINUOUS
10
193.0445409999999811
20
-92.185734999999994
11
193.0939280000000053
21
-92.2362940000000009
0
LINE
8
BLACK
6
CONTINUOUS
10
193.0939280000000053
20
-92.2362940000000009
11
193.1261399999999924
21
-92.3021399999999943
0
LINE
8
BLACK
6
CONTINUOUS
10
193.1261399999999924
20
-92.3021399999999943
11
193.1374040000000036
21
-92.3833279999999917
0
LINE
8
BLACK
6
CONTINUOUS
10
193.1374040000000036
20
-92.3833279999999917
11
193.1153109999999913
21
-92.4998190000000022
0
LINE
8
BLACK
6
CONTINUOUS
10
193.1153109999999913
20
-92.4998190000000022
11
193.0563149999999837
21
-92.5679760000000016
0
LINE
8
BLACK
6
CONTINUOUS
10
193.0563149999999837
20
-92.5679760000000016
11
192.9585099999999898
21
-92.6042619999999914
0
LINE
8
BLACK
6
CONTINUOUS
10
192.9585099999999898
20
-92.6042619999999914
11
192.7715279999999893
21
-92.6199999999999903
0
LINE
8
BLACK
6
CONTINUOUS
10
192.7715279999999893
20
-92.6199999999999903
11
190.8464060000000018
21
-92.6199999999999903
0
LINE
8
BLACK
6
CONTINUOUS
10
190.8464060000000018
20
-92.6199999999999903
11
190.5811579999999879
21
-92.599971999999994
0
LINE
8
BLACK
6
CONTINUOUS
10
190.5811579999999879
20
-92.599971999999994
11
190.4877479999999821
21
-92.5686639999999983
0
LINE
8
BLACK
6
CONTINUOUS
10
190.4877479999999821
20
-92.5686639999999983
11
190.4211789999999951
21
-92.5193709999999925
0
LINE
8
BLACK
6
CONTINUOUS
10
190.4211789999999951
20
-92.5193709999999925
11
190.3743120000000033
21
-92.4496520000000004
0
LINE
8
BLACK
6
CONTINUOUS
10
190.3743120000000033
20
-92.4496520000000004
11
190.3435099999999807
21
-92.3503549999999933
0
LINE
8
BLACK
6
CONTINUOUS
10
190.3435099999999807
20
-92.3503549999999933
11
190.3237259999999935
21
-92.0672780000000017
0
LINE
8
BLACK
6
CONTINUOUS
10
190.3237259999999935
20
-92.0672780000000017
11
190.3237259999999935
21
-91.2131609999999995
0
LINE
8
BLACK
6
CONTINUOUS
10
190.3237259999999935
20
-91.2131609999999995
11
190.3378919999999823
21
-90.9501109999999926
0
LINE
8
BLACK
6
CONTINUOUS
10
190.3378919999999823
20
-90.9501109999999926
11
190.3603929999999878
21
-90.8715329999999994
0
LINE
8
BLACK
6
CONTINUOUS
10
190.3603929999999878
20
-90.8715329999999994
11
190.3979759999999999
21
-90.8040539999999936
0
LINE
8
BLACK
6
CONTINUOUS
10
190.3979759999999999
20
-90.8040539999999936
11
190.4689329999999927
21
-90.7357990000000001
0
LINE
8
BLACK
6
CONTINUOUS
10
190.4689329999999927
20
-90.7357990000000001
11
190.5525810000000035
21
-90.6946329999999961
0
LINE
8
BLACK
6
CONTINUOUS
10
190.5525810000000035
20
-90.6946329999999961
11
190.656486000000001
21
-90.6745389999999958
0
LINE
8
BLACK
6
CONTINUOUS
10
190.656486000000001
20
-90.6745389999999958
11
190.8354149999999834
21
-90.666056999999995
0
LINE
8
BLACK
6
CONTINUOUS
10
190.8354149999999834
20
-90.666056999999995
11
192.1223300000000052
21
-90.666056999999995
0
LINE
8
BLACK
6
CONTINUOUS
10
192.1223300000000052
20
-90.666056999999995
11
192.2847519999999975
21
-90.666056999999995
0
LINE
8
BLACK
6
CONTINUOUS
10
192.2847519999999975
20
-90.666056999999995
11
192.4693989999999815
21
-90.6472499999999997
0
LINE
8
BLACK
6
CONTINUOUS
10
192.4693989999999815
20
-90.6472499999999997
11
192.5306640000000016
21
-90.6197609999999969
0
LINE
8
BLACK
6
CONTINUOUS
10
192.5306640000000016
20
-90.6197609999999969
11
192.5751569999999901
21
-90.5773969999999906
0
LINE
8
BLACK
6
CONTINUOUS
10
192.5751569999999901
20
-90.5773969999999906
11
192.6045489999999916
21
-90.5184909999999974
0
LINE
8
BLACK
6
CONTINUOUS
10
192.6045489999999916
20
-90.5184909999999974
11
192.6237610000000018
21
-90.4247450000000015
0
LINE
8
BLACK
6
CONTINUOUS
10
192.6237610000000018
20
-90.4247450000000015
11
192.634996000000001
21
-90.156809999999993
0
LINE
8
BLACK
6
CONTINUOUS
10
192.634996000000001
20
-90.156809999999993
11
192.634996000000001
21
-89.8510179999999963
0
LINE
8
BLACK
6
CONTINUOUS
10
192.634996000000001
20
-89.8510179999999963
11
192.6213180000000023
21
-89.5808859999999925
0
LINE
8
BLACK
6
CONTINUOUS
10
192.6213180000000023
20
-89.5808859999999925
11
192.5974190000000021
21
-89.4908300000000025
0
LINE
8
BLACK
6
CONTINUOUS
10
192.5974190000000021
20
-89.4908300000000025
11
192.5587919999999826
21
-89.4314090000000022
0
LINE
8
BLACK
6
CONTINUOUS
10
192.5587919999999826
20
-89.4314090000000022
11
192.5016439999999989
21
-89.3909510000000012
0
LINE
8
BLACK
6
CONTINUOUS
10
192.5016439999999989
20
-89.3909510000000012
11
192.4166429999999934
21
-89.3666849999999897
0
LINE
8
BLACK
6
CONTINUOUS
10
192.4166429999999934
20
-89.3666849999999897
11
192.1616530000000012
21
-89.353006999999991
0
LINE
8
BLACK
6
CONTINUOUS
10
192.1616530000000012
20
-89.353006999999991
11
191.26064199999999
21
-89.353006999999991
0
LINE
8
BLACK
6
CONTINUOUS
10
191.26064199999999
20
-89.353006999999991
11
191.0359379999999874
21
-89.3666849999999897
0
LINE
8
BLACK
6
CONTINUOUS
10
191.0359379999999874
20
-89.3666849999999897
11
190.9567059999999969
21
-89.3873119999999943
0
LINE
8
BLACK
6
CONTINUOUS
10
190.9567059999999969
20
-89.3873119999999943
11
190.9018489999999986
21
-89.4177320000000009
0
LINE
8
BLACK
6
CONTINUOUS
10
190.9018489999999986
20
-89.4177320000000009
11
190.8608739999999955
21
-89.4609140000000025
0
LINE
8
BLACK
6
CONTINUOUS
10
190.8608739999999955
20
-89.4609140000000025
11
190.8341929999999991
21
-89.5171380000000028
0
LINE
8
BLACK
6
CONTINUOUS
10
190.8341929999999991
20
-89.5171380000000028
11
190.8151429999999777
21
-89.6832239999999956
0
LINE
8
BLACK
6
CONTINUOUS
10
190.8151429999999777
20
-89.6832239999999956
11
190.8095249999999794
21
-89.8048560000000009
0
LINE
8
BLACK
6
CONTINUOUS
10
190.8095249999999794
20
-89.8048560000000009
11
190.7899879999999939
21
-89.984453000000002
0
LINE
8
BLACK
6
CONTINUOUS
10
190.7899879999999939
20
-89.984453000000002
11
190.7545700000000011
21
-90.075721999999999
0
LINE
8
BLACK
6
CONTINUOUS
10
190.7545700000000011
20
-90.075721999999999
11
190.6892649999999776
21
-90.1295020000000022
0
LINE
8
BLACK
6
CONTINUOUS
10
190.6892649999999776
20
-90.1295020000000022
11
190.5723649999999907
21
-90.1502160000000003
0
LINE
8
BLACK
6
CONTINUOUS
10
190.5723649999999907
20
-90.1502160000000003
11
190.4412820000000011
21
-90.1273350000000022
0
LINE
8
BLACK
6
CONTINUOUS
10
190.4412820000000011
20
-90.1273350000000022
11
190.3730630000000019
21
-90.0693709999999896
0
LINE
8
BLACK
6
CONTINUOUS
10
190.3730630000000019
20
-90.0693709999999896
11
190.3392199999999832
21
-89.9681769999999972
0
LINE
8
BLACK
6
CONTINUOUS
10
190.3392199999999832
20
-89.9681769999999972
11
190.3237259999999935
21
-89.7518559999999894
0
LINE
8
BLACK
6
CONTINUOUS
10
190.3237259999999935
20
-89.7518559999999894
11
190.3237259999999935
21
-89.4116250000000008
0
LINE
8
BLACK
6
CONTINUOUS
10
190.3237259999999935
20
-89.4116250000000008
11
190.3437539999999899
21
-89.1305019999999928
0
LINE
8
BLACK
6
CONTINUOUS
10
190.3437539999999899
20
-89.1305019999999928
11
190.3759210000000053
21
-89.0329499999999996
0
LINE
8
BLACK
6
CONTINUOUS
10
190.3759210000000053
20
-89.0329499999999996
11
190.4270410000000027
21
-88.9656379999999984
0
LINE
8
BLACK
6
CONTINUOUS
10
190.4270410000000027
20
-88.9656379999999984
11
190.4998119999999915
21
-88.9190749999999923
0
LINE
8
BLACK
6
CONTINUOUS
10
190.4998119999999915
20
-88.9190749999999923
11
190.6063149999999951
21
-88.8882129999999933
0
LINE
8
BLACK
6
CONTINUOUS
10
190.6063149999999951
20
-88.8882129999999933
11
190.9135719999999878
21
-88.8684289999999919
0
LINE
8
BLACK
6
CONTINUOUS
10
190.9135719999999878
20
-88.8684289999999919
11
192.5084779999999967
21
-88.8684289999999919
0
LINE
8
BLACK
6
CONTINUOUS
10
192.5084779999999967
20
-88.8684289999999919
11
192.8098739999999793
21
-88.8855259999999987
0
LINE
8
BLACK
6
CONTINUOUS
10
196.2060709999999801
20
-88.8884570000000025
11
196.3048009999999977
21
-88.9197350000000029
0
LINE
8
BLACK
6
CONTINUOUS
10
196.3048009999999977
20
-88.9197350000000029
11
196.3743539999999825
21
-88.9688129999999973
0
LINE
8
BLACK
6
CONTINUOUS
10
196.3743539999999825
20
-88.9688129999999973
11
196.4232889999999827
21
-89.0387559999999922
0
LINE
8
BLACK
6
CONTINUOUS
10
196.4232889999999827
20
-89.0387559999999922
11
196.4547099999999773
21
-89.1400269999999892
0
LINE
8
BLACK
6
CONTINUOUS
10
196.4547099999999773
20
-89.1400269999999892
11
196.4744939999999929
21
-89.4250589999999903
0
LINE
8
BLACK
6
CONTINUOUS
10
196.4744939999999929
20
-89.4250589999999903
11
196.4744939999999929
21
-92.1080659999999938
0
LINE
8
BLACK
6
CONTINUOUS
10
196.4744939999999929
20
-92.1080659999999938
11
196.4544659999999965
21
-92.3652539999999931
0
LINE
8
BLACK
6
CONTINUOUS
10
196.4544659999999965
20
-92.3652539999999931
11
196.423484000000002
21
-92.4563429999999897
0
LINE
8
BLACK
6
CONTINUOUS
10
196.423484000000002
20
-92.4563429999999897
11
196.3741100000000017
21
-92.5225469999999888
0
LINE
8
BLACK
6
CONTINUOUS
10
196.3741100000000017
20
-92.5225469999999888
11
196.305216999999999
21
-92.5695439999999934
0
LINE
8
BLACK
6
CONTINUOUS
10
196.305216999999999
20
-92.5695439999999934
11
196.2087569999999914
21
-92.600215999999989
0
LINE
8
BLACK
6
CONTINUOUS
10
196.2087569999999914
20
-92.600215999999989
11
195.9352049999999963
21
-92.6199999999999903
0
LINE
8
BLACK
6
CONTINUOUS
10
195.9352049999999963
20
-92.6199999999999903
11
194.1387989999999775
21
-92.6199999999999903
0
LINE
8
BLACK
6
CONTINUOUS
10
194.1387989999999775
20
-92.6199999999999903
11
193.8454639999999927
21
-92.600215999999989
0
LINE
8
BLACK
6
CONTINUOUS
10
193.8454639999999927
20
-92.600215999999989
11
193.7423399999999845
21
-92.5672419999999931
0
LINE
8
BLACK
6
CONTINUOUS
10
193.7423399999999845
20
-92.5672419999999931
11
193.6713179999999852
21
-92.5139980000000008
0
LINE
8
BLACK
6
CONTINUOUS
10
193.6713179999999852
20
-92.5139980000000008
11
193.6224189999999794
21
-92.4388849999999991
0
LINE
8
BLACK
6
CONTINUOUS
10
193.6224189999999794
20
-92.4388849999999991
11
193.5912069999999972
21
-92.3344799999999992
0
LINE
8
BLACK
6
CONTINUOUS
10
193.5912069999999972
20
-92.3344799999999992
11
193.5714229999999816
21
-92.0352819999999952
0
LINE
8
BLACK
6
CONTINUOUS
10
193.5714229999999816
20
-92.0352819999999952
11
193.5714229999999816
21
-91.5880729999999943
0
LINE
8
BLACK
6
CONTINUOUS
10
193.5714229999999816
20
-91.5880729999999943
11
193.5714229999999816
21
-89.8722669999999937
0
LINE
8
BLACK
6
CONTINUOUS
10
193.5714229999999816
20
-89.8722669999999937
11
193.5714229999999816
21
-89.4250589999999903
0
LINE
8
BLACK
6
CONTINUOUS
10
193.5714229999999816
20
-89.4250589999999903
11
193.5912069999999972
21
-89.12879199999999
0
LINE
8
BLACK
6
CONTINUOUS
10
193.5912069999999972
20
-89.12879199999999
11
193.6213960000000043
21
-89.042264000000003
0
LINE
8
BLACK
6
CONTINUOUS
10
193.6213960000000043
20
-89.042264000000003
11
193.6686320000000023
21
-88.9771169999999927
0
LINE
8
BLACK
6
CONTINUOUS
10
193.6686320000000023
20
-88.9771169999999927
11
193.7391779999999812
21
-88.9245449999999948
0
LINE
8
BLACK
6
CONTINUOUS
10
193.7391779999999812
20
-88.9245449999999948
11
193.8283669999999859
21
-88.891143999999997
0
LINE
8
BLACK
6
CONTINUOUS
10
193.8283669999999859
20
-88.891143999999997
11
193.9389960000000031
21
-88.8752130000000022
0
LINE
8
BLACK
6
CONTINUOUS
10
193.9389960000000031
20
-88.8752130000000022
11
194.133182000000005
21
-88.8684289999999919
0
LINE
8
BLACK
6
CONTINUOUS
10
194.133182000000005
20
-88.8684289999999919
11
195.9239699999999971
21
-88.8684289999999919
0
LINE
8
BLACK
6
CONTINUOUS
10
195.9239699999999971
20
-88.8684289999999919
11
196.2060709999999801
21
-88.8884570000000025
0
LINE
8
BLACK
6
CONTINUOUS
10
194.2670269999999846
20
-89.366928999999999
11
194.1801849999999945
21
-89.3914979999999986
0
LINE
8
BLACK
6
CONTINUOUS
10
194.1801849999999945
20
-89.3914979999999986
11
194.1248769999999979
21
-89.4318979999999897
0
LINE
8
BLACK
6
CONTINUOUS
10
194.1248769999999979
20
-89.4318979999999897
11
194.0893529999999885
21
-89.491895999999997
0
LINE
8
BLACK
6
CONTINUOUS
10
194.0893529999999885
20
-89.491895999999997
11
194.0679690000000051
21
-89.5855260000000015
0
LINE
8
BLACK
6
CONTINUOUS
10
194.0679690000000051
20
-89.5855260000000015
11
194.0569779999999867
21
-89.8722669999999937
0
LINE
8
BLACK
6
CONTINUOUS
10
194.0569779999999867
20
-89.8722669999999937
11
194.0569779999999867
21
-91.5880729999999943
0
LINE
8
BLACK
6
CONTINUOUS
10
194.0569779999999867
20
-91.5880729999999943
11
194.0679690000000051
21
-91.8894689999999912
0
LINE
8
BLACK
6
CONTINUOUS
10
194.0679690000000051
20
-91.8894689999999912
11
194.0868499999999983
21
-91.9920910000000021
0
LINE
8
BLACK
6
CONTINUOUS
10
194.0868499999999983
20
-91.9920910000000021
11
194.1141309999999862
21
-92.0543329999999997
0
LINE
8
BLACK
6
CONTINUOUS
10
194.1141309999999862
20
-92.0543329999999997
11
194.1580429999999922
21
-92.0971979999999917
0
LINE
8
BLACK
6
CONTINUOUS
10
194.1580429999999922
20
-92.0971979999999917
11
194.2255049999999983
21
-92.1217439999999925
0
LINE
8
BLACK
6
CONTINUOUS
10
194.2255049999999983
20
-92.1217439999999925
11
194.435309999999987
21
-92.1354219999999913
0
LINE
8
BLACK
6
CONTINUOUS
10
194.435309999999987
20
-92.1354219999999913
11
195.0229579999999885
21
-92.1354219999999913
0
LINE
8
BLACK
6
CONTINUOUS
10
195.0229579999999885
20
-92.1354219999999913
11
195.3372990000000016
21
-92.1244310000000013
0
LINE
8
BLACK
6
CONTINUOUS
10
195.3372990000000016
20
-92.1244310000000013
11
195.4408359999999902
21
-92.1032849999999996
0
LINE
8
BLACK
6
CONTINUOUS
10
195.4408359999999902
20
-92.1032849999999996
11
195.50167399999998
21
-92.0702089999999913
0
LINE
8
BLACK
6
CONTINUOUS
10
195.50167399999998
20
-92.0702089999999913
11
195.5422209999999836
21
-92.0178439999999966
0
LINE
8
BLACK
6
CONTINUOUS
10
195.5422209999999836
20
-92.0178439999999966
11
195.5666429999999991
21
-91.9363639999999975
0
LINE
8
BLACK
6
CONTINUOUS
10
195.5666429999999991
20
-91.9363639999999975
11
195.5803209999999979
21
-91.6833279999999888
0
LINE
8
BLACK
6
CONTINUOUS
10
195.5803209999999979
20
-91.6833279999999888
11
195.5803209999999979
21
-90.9208019999999948
0
LINE
8
BLACK
6
CONTINUOUS
10
195.5803209999999979
20
-90.9208019999999948
11
195.5859379999999987
21
-90.730292999999989
0
LINE
8
BLACK
6
CONTINUOUS
10
195.5859379999999987
20
-90.730292999999989
11
195.5915559999999971
21
-90.5578569999999985
0
LINE
8
BLACK
6
CONTINUOUS
10
195.5915559999999971
20
-90.5578569999999985
11
195.6206209999999999
21
-90.4489250000000027
0
LINE
8
BLACK
6
CONTINUOUS
10
195.6206209999999999
20
-90.4489250000000027
11
195.6868099999999799
21
-90.3763849999999991
0
LINE
8
BLACK
6
CONTINUOUS
10
195.6868099999999799
20
-90.3763849999999991
11
195.8035579999999811
21
-90.3192319999999995
0
LINE
8
BLACK
6
CONTINUOUS
10
195.8035579999999811
20
-90.3192319999999995
11
195.9090489999999818
21
-90.2631039999999985
0
LINE
8
BLACK
6
CONTINUOUS
10
195.9090489999999818
20
-90.2631039999999985
11
195.9564539999999795
21
-90.2132299999999958
0
LINE
8
BLACK
6
CONTINUOUS
10
195.9564539999999795
20
-90.2132299999999958
11
195.9788659999999823
21
-90.143509999999992
0
LINE
8
BLACK
6
CONTINUOUS
10
195.9788659999999823
20
-90.143509999999992
11
195.9889389999999878
21
-90.0012279999999976
0
LINE
8
BLACK
6
CONTINUOUS
10
195.9889389999999878
20
-90.0012279999999976
11
195.9945559999999887
21
-89.7713949999999983
0
LINE
8
BLACK
6
CONTINUOUS
10
195.9945559999999887
20
-89.7713949999999983
11
195.9779479999999978
21
-89.5606140000000011
0
LINE
8
BLACK
6
CONTINUOUS
10
195.9779479999999978
20
-89.5606140000000011
11
195.9531519999999887
21
-89.485092999999992
0
LINE
8
BLACK
6
CONTINUOUS
10
195.9531519999999887
20
-89.485092999999992
11
195.9156659999999874
21
-89.4321419999999989
0
LINE
8
BLACK
6
CONTINUOUS
10
195.9156659999999874
20
-89.4321419999999989
11
195.8623629999999878
21
-89.3947339999999997
0
LINE
8
BLACK
6
CONTINUOUS
10
195.8623629999999878
20
-89.3947339999999997
11
195.7845079999999882
21
-89.3696159999999935
0
LINE
8
BLACK
6
CONTINUOUS
10
195.7845079999999882
20
-89.3696159999999935
11
195.5659100000000024
21
-89.353006999999991
0
LINE
8
BLACK
6
CONTINUOUS
10
195.5659100000000024
20
-89.353006999999991
11
194.5361819999999966
21
-89.353006999999991
0
LINE
8
BLACK
6
CONTINUOUS
10
194.5361819999999966
20
-89.353006999999991
11
194.2670269999999846
21
-89.366928999999999
0
LINE
8
BLACK
6
CONTINUOUS
10
199.4337400000000002
20
-88.8855259999999987
11
199.5314520000000016
21
-88.9107929999999982
0
LINE
8
BLACK
6
CONTINUOUS
10
199.5314520000000016
20
-88.9107929999999982
11
199.6015349999999842
21
-88.9478079999999949
0
LINE
8
BLACK
6
CONTINUOUS
10
199.6015349999999842
20
-88.9478079999999949
11
199.6699229999999829
21
-89.0078919999999982
0
LINE
8
BLACK
6
CONTINUOUS
10
199.6699229999999829
20
-89.0078919999999982
11
199.7133979999999838
21
-89.0906899999999951
0
LINE
8
BLACK
6
CONTINUOUS
10
199.7133979999999838
20
-89.0906899999999951
11
199.7334259999999801
21
-89.2179409999999962
0
LINE
8
BLACK
6
CONTINUOUS
10
199.7334259999999801
20
-89.2179409999999962
11
199.739042999999981
21
-89.4108930000000015
0
LINE
8
BLACK
6
CONTINUOUS
10
199.739042999999981
20
-89.4108930000000015
11
199.739042999999981
21
-90.652867999999998
0
LINE
8
BLACK
6
CONTINUOUS
10
199.739042999999981
20
-90.652867999999998
11
199.7307329999999865
21
-90.816086999999996
0
LINE
8
BLACK
6
CONTINUOUS
10
199.7307329999999865
20
-90.816086999999996
11
199.7104669999999942
21
-90.9173830000000009
0
LINE
8
BLACK
6
CONTINUOUS
10
199.7104669999999942
20
-90.9173830000000009
11
199.6715779999999825
21
-91.0003600000000006
0
LINE
8
BLACK
6
CONTINUOUS
10
199.6715779999999825
20
-91.0003600000000006
11
199.6130139999999926
21
-91.0653939999999977
0
LINE
8
BLACK
6
CONTINUOUS
10
199.6130139999999926
20
-91.0653939999999977
11
199.5446450000000027
21
-91.1077119999999923
0
LINE
8
BLACK
6
CONTINUOUS
10
199.5446450000000027
20
-91.1077119999999923
11
199.461827999999997
21
-91.1337819999999965
0
LINE
8
BLACK
6
CONTINUOUS
10
199.461827999999997
20
-91.1337819999999965
11
199.1772849999999835
21
-91.1506349999999941
0
LINE
8
BLACK
6
CONTINUOUS
10
199.1772849999999835
20
-91.1506349999999941
11
198.3097339999999917
21
-91.1506349999999941
0
LINE
8
BLACK
6
CONTINUOUS
10
198.3097339999999917
20
-91.1506349999999941
11
198.0491269999999986
21
-91.1645559999999904
0
LINE
8
BLACK
6
CONTINUOUS
10
198.0491269999999986
20
-91.1645559999999904
11
197.9654459999999858
21
-91.1905699999999939
0
LINE
8
BLACK
6
CONTINUOUS
10
197.9654459999999858
20
-91.1905699999999939
11
197.909908999999999
21
-91.2361199999999997
0
LINE
8
BLACK
6
CONTINUOUS
10
197.909908999999999
20
-91.2361199999999997
11
197.8744549999999833
21
-91.3030539999999888
0
LINE
8
BLACK
6
CONTINUOUS
10
197.8744549999999833
20
-91.3030539999999888
11
197.8529999999999802
21
-91.4090429999999969
0
LINE
8
BLACK
6
CONTINUOUS
10
197.8529999999999802
20
-91.4090429999999969
11
197.8420089999999902
21
-91.7282689999999974
0
LINE
8
BLACK
6
CONTINUOUS
10
197.8420089999999902
20
-91.7282689999999974
11
197.8610599999999806
21
-91.9556589999999971
0
LINE
8
BLACK
6
CONTINUOUS
10
197.8610599999999806
20
-91.9556589999999971
11
197.8905039999999929
21
-92.0232419999999962
0
LINE
8
BLACK
6
CONTINUOUS
10
197.8905039999999929
20
-92.0232419999999962
11
197.9399509999999793
21
-92.0748490000000004
0
LINE
8
BLACK
6
CONTINUOUS
10
197.9399509999999793
20
-92.0748490000000004
11
197.9883109999999817
21
-92.1078219999999988
0
LINE
8
BLACK
6
CONTINUOUS
10
197.9883109999999817
20
-92.1078219999999988
11
198.0620720000000006
21
-92.1241869999999921
0
LINE
8
BLACK
6
CONTINUOUS
10
198.0620720000000006
20
-92.1241869999999921
11
198.1841929999999934
21
-92.1327349999999967
0
LINE
8
BLACK
6
CONTINUOUS
10
198.1841929999999934
20
-92.1327349999999967
11
198.3769010000000037
21
-92.1354219999999913
0
LINE
8
BLACK
6
CONTINUOUS
10
198.3769010000000037
20
-92.1354219999999913
11
199.2835309999999822
21
-92.1354219999999913
0
LINE
8
BLACK
6
CONTINUOUS
10
199.2835309999999822
20
-92.1354219999999913
11
199.5053029999999978
21
-92.1383529999999951
0
LINE
8
BLACK
6
CONTINUOUS
10
199.5053029999999978
20
-92.1383529999999951
11
199.6105719999999906
21
-92.1581359999999989
0
LINE
8
BLACK
6
CONTINUOUS
10
199.6105719999999906
20
-92.1581359999999989
11
199.668407000000002
21
-92.185734999999994
0
LINE
8
BLACK
6
CONTINUOUS
10
199.668407000000002
20
-92.185734999999994
11
199.7177939999999978
21
-92.2362940000000009
0
LINE
8
BLACK
6
CONTINUOUS
10
199.7177939999999978
20
-92.2362940000000009
11
199.7500059999999849
21
-92.3021399999999943
0
LINE
8
BLACK
6
CONTINUOUS
10
199.7500059999999849
20
-92.3021399999999943
11
199.7612699999999961
21
-92.3833279999999917
0
LINE
8
BLACK
6
CONTINUOUS
10
199.7612699999999961
20
-92.3833279999999917
11
199.7391769999999838
21
-92.4998190000000022
0
LINE
8
BLACK
6
CONTINUOUS
10
199.7391769999999838
20
-92.4998190000000022
11
199.6801810000000046
21
-92.5679760000000016
0
LINE
8
BLACK
6
CONTINUOUS
10
199.6801810000000046
20
-92.5679760000000016
11
199.5823759999999822
21
-92.6042619999999914
0
LINE
8
BLACK
6
CONTINUOUS
10
199.5823759999999822
20
-92.6042619999999914
11
199.3953939999999818
21
-92.6199999999999903
0
LINE
8
BLACK
6
CONTINUOUS
10
199.3953939999999818
20
-92.6199999999999903
11
197.4702719999999943
21
-92.6199999999999903
0
LINE
8
BLACK
6
CONTINUOUS
10
197.4702719999999943
20
-92.6199999999999903
11
197.2050239999999803
21
-92.599971999999994
0
LINE
8
BLACK
6
CONTINUOUS
10
197.2050239999999803
20
-92.599971999999994
11
197.111614000000003
21
-92.5686639999999983
0
LINE
8
BLACK
6
CONTINUOUS
10
197.111614000000003
20
-92.5686639999999983
11
197.0450449999999876
21
-92.5193709999999925
0
LINE
8
BLACK
6
CONTINUOUS
10
197.0450449999999876
20
-92.5193709999999925
11
196.9981779999999958
21
-92.4496520000000004
0
LINE
8
BLACK
6
CONTINUOUS
10
196.9981779999999958
20
-92.4496520000000004
11
196.9673760000000016
21
-92.3503549999999933
0
LINE
8
BLACK
6
CONTINUOUS
10
196.9673760000000016
20
-92.3503549999999933
11
196.947591999999986
21
-92.0672780000000017
0
LINE
8
BLACK
6
CONTINUOUS
10
196.947591999999986
20
-92.0672780000000017
11
196.947591999999986
21
-91.2131609999999995
0
LINE
8
BLACK
6
CONTINUOUS
10
196.947591999999986
20
-91.2131609999999995
11
196.9617580000000032
21
-90.9501109999999926
0
LINE
8
BLACK
6
CONTINUOUS
10
196.9617580000000032
20
-90.9501109999999926
11
196.9842589999999802
21
-90.8715329999999994
0
LINE
8
BLACK
6
CONTINUOUS
10
196.9842589999999802
20
-90.8715329999999994
11
197.0218419999999924
21
-90.8040539999999936
0
LINE
8
BLACK
6
CONTINUOUS
10
197.0218419999999924
20
-90.8040539999999936
11
197.0927989999999852
21
-90.7357990000000001
0
LINE
8
BLACK
6
CONTINUOUS
10
197.0927989999999852
20
-90.7357990000000001
11
197.1764479999999935
21
-90.6946329999999961
0
LINE
8
BLACK
6
CONTINUOUS
10
197.1764479999999935
20
-90.6946329999999961
11
197.2803519999999935
21
-90.6745389999999958
0
LINE
8
BLACK
6
CONTINUOUS
10
197.2803519999999935
20
-90.6745389999999958
11
197.4592810000000043
21
-90.666056999999995
0
LINE
8
BLACK
6
CONTINUOUS
10
197.4592810000000043
20
-90.666056999999995
11
198.7461959999999976
21
-90.666056999999995
0
LINE
8
BLACK
6
CONTINUOUS
10
198.7461959999999976
20
-90.666056999999995
11
198.9086179999999899
21
-90.666056999999995
0
LINE
8
BLACK
6
CONTINUOUS
10
198.9086179999999899
20
-90.666056999999995
11
199.0932650000000024
21
-90.6472499999999997
0
LINE
8
BLACK
6
CONTINUOUS
10
199.0932650000000024
20
-90.6472499999999997
11
199.1545299999999941
21
-90.6197609999999969
0
LINE
8
BLACK
6
CONTINUOUS
10
199.1545299999999941
20
-90.6197609999999969
11
199.1990229999999826
21
-90.5773969999999906
0
LINE
8
BLACK
6
CONTINUOUS
10
199.1990229999999826
20
-90.5773969999999906
11
199.228414999999984
21
-90.5184909999999974
0
LINE
8
BLACK
6
CONTINUOUS
10
199.228414999999984
20
-90.5184909999999974
11
199.2476269999999943
21
-90.4247450000000015
0
LINE
8
BLACK
6
CONTINUOUS
10
199.2476269999999943
20
-90.4247450000000015
11
199.2588619999999935
21
-90.156809999999993
0
LINE
8
BLACK
6
CONTINUOUS
10
199.2588619999999935
20
-90.156809999999993
11
199.2588619999999935
21
-89.8510179999999963
0
LINE
8
BLACK
6
CONTINUOUS
10
199.2588619999999935
20
-89.8510179999999963
11
199.2451839999999947
21
-89.5808859999999925
0
LINE
8
BLACK
6
CONTINUOUS
10
199.2451839999999947
20
-89.5808859999999925
11
199.2212849999999946
21
-89.4908300000000025
0
LINE
8
BLACK
6
CONTINUOUS
10
199.2212849999999946
20
-89.4908300000000025
11
199.1826580000000035
21
-89.4314090000000022
0
LINE
8
BLACK
6
CONTINUOUS
10
199.1826580000000035
20
-89.4314090000000022
11
199.1255099999999914
21
-89.3909510000000012
0
LINE
8
BLACK
6
CONTINUOUS
10
199.1255099999999914
20
-89.3909510000000012
11
199.0405089999999859
21
-89.3666849999999897
0
LINE
8
BLACK
6
CONTINUOUS
10
199.0405089999999859
20
-89.3666849999999897
11
198.7855189999999936
21
-89.353006999999991
0
LINE
8
BLACK
6
CONTINUOUS
10
198.7855189999999936
20
-89.353006999999991
11
197.8845079999999825
21
-89.353006999999991
0
LINE
8
BLACK
6
CONTINUOUS
10
197.8845079999999825
20
-89.353006999999991
11
197.6598039999999799
21
-89.3666849999999897
0
LINE
8
BLACK
6
CONTINUOUS
10
197.6598039999999799
20
-89.3666849999999897
11
197.5805719999999894
21
-89.3873119999999943
0
LINE
8
BLACK
6
CONTINUOUS
10
197.5805719999999894
20
-89.3873119999999943
11
197.5257149999999911
21
-89.4177320000000009
0
LINE
8
BLACK
6
CONTINUOUS
10
197.5257149999999911
20
-89.4177320000000009
11
197.484739999999988
21
-89.4609140000000025
0
LINE
8
BLACK
6
CONTINUOUS
10
197.484739999999988
20
-89.4609140000000025
11
197.458059999999989
21
-89.5171380000000028
0
LINE
8
BLACK
6
CONTINUOUS
10
197.458059999999989
20
-89.5171380000000028
11
197.4390089999999987
21
-89.6832239999999956
0
LINE
8
BLACK
6
CONTINUOUS
10
197.4390089999999987
20
-89.6832239999999956
11
197.4333910000000003
21
-89.8048560000000009
0
LINE
8
BLACK
6
CONTINUOUS
10
197.4333910000000003
20
-89.8048560000000009
11
197.4138539999999864
21
-89.984453000000002
0
LINE
8
BLACK
6
CONTINUOUS
10
197.4138539999999864
20
-89.984453000000002
11
197.3784359999999936
21
-90.075721999999999
0
LINE
8
BLACK
6
CONTINUOUS
10
197.3784359999999936
20
-90.075721999999999
11
197.313131999999996
21
-90.1295020000000022
0
LINE
8
BLACK
6
CONTINUOUS
10
197.313131999999996
20
-90.1295020000000022
11
197.1962309999999832
21
-90.1502160000000003
0
LINE
8
BLACK
6
CONTINUOUS
10
197.1962309999999832
20
-90.1502160000000003
11
197.0651479999999935
21
-90.1273350000000022
0
LINE
8
BLACK
6
CONTINUOUS
10
197.0651479999999935
20
-90.1273350000000022
11
196.9969289999999944
21
-90.0693709999999896
0
LINE
8
BLACK
6
CONTINUOUS
10
196.9969289999999944
20
-90.0693709999999896
11
196.9630860000000041
21
-89.9681769999999972
0
LINE
8
BLACK
6
CONTINUOUS
10
196.9630860000000041
20
-89.9681769999999972
11
196.947591999999986
21
-89.7518559999999894
0
LINE
8
BLACK
6
CONTINUOUS
10
196.947591999999986
20
-89.7518559999999894
11
196.947591999999986
21
-89.4116250000000008
0
LINE
8
BLACK
6
CONTINUOUS
10
196.947591999999986
20
-89.4116250000000008
11
196.9676199999999824
21
-89.1305019999999928
0
LINE
8
BLACK
6
CONTINUOUS
10
196.9676199999999824
20
-89.1305019999999928
11
196.9997869999999978
21
-89.0329499999999996
0
LINE
8
BLACK
6
CONTINUOUS
10
196.9997869999999978
20
-89.0329499999999996
11
197.0509069999999952
21
-88.9656379999999984
0
LINE
8
BLACK
6
CONTINUOUS
10
197.0509069999999952
20
-88.9656379999999984
11
197.123677999999984
21
-88.9190749999999923
0
LINE
8
BLACK
6
CONTINUOUS
10
197.123677999999984
20
-88.9190749999999923
11
197.2301809999999875
21
-88.8882129999999933
0
LINE
8
BLACK
6
CONTINUOUS
10
197.2301809999999875
20
-88.8882129999999933
11
197.5374379999999803
21
-88.8684289999999919
0
LINE
8
BLACK
6
CONTINUOUS
10
197.5374379999999803
20
-88.8684289999999919
11
199.1323439999999891
21
-88.8684289999999919
0
LINE
8
BLACK
6
CONTINUOUS
10
199.1323439999999891
20
-88.8684289999999919
11
199.4337400000000002
21
-88.8855259999999987
0
LINE
8
BLACK
6
CONTINUOUS
10
202.5810060000000021
20
-88.8850920000000002
11
202.6870549999999866
21
-88.9226510000000019
0
LINE
8
BLACK
6
CONTINUOUS
10
202.6870549999999866
20
-88.9226510000000019
11
202.7504969999999958
21
-88.9935529999999915
0
LINE
8
BLACK
6
CONTINUOUS
10
202.7504969999999958
20
-88.9935529999999915
11
202.7740049999999883
21
-89.1134050000000002
0
LINE
8
BLACK
6
CONTINUOUS
10
202.7740049999999883
20
-89.1134050000000002
11
202.7533449999999959
21
-89.2294679999999971
0
LINE
8
BLACK
6
CONTINUOUS
10
202.7533449999999959
20
-89.2294679999999971
11
202.6985339999999951
21
-89.2987849999999952
0
LINE
8
BLACK
6
CONTINUOUS
10
202.6985339999999951
20
-89.2987849999999952
11
202.6072429999999827
21
-89.3367859999999894
0
LINE
8
BLACK
6
CONTINUOUS
10
202.6072429999999827
20
-89.3367859999999894
11
202.43597299999999
21
-89.353006999999991
0
LINE
8
BLACK
6
CONTINUOUS
10
202.43597299999999
20
-89.353006999999991
11
201.0872640000000047
21
-89.353006999999991
0
LINE
8
BLACK
6
CONTINUOUS
10
201.0872640000000047
20
-89.353006999999991
11
200.8376480000000015
21
-89.3698600000000027
0
LINE
8
BLACK
6
CONTINUOUS
10
200.8376480000000015
20
-89.3698600000000027
11
200.7581179999999961
21
-89.3938989999999905
0
LINE
8
BLACK
6
CONTINUOUS
10
200.7581179999999961
20
-89.3938989999999905
11
200.7125949999999932
21
-89.4245700000000028
0
LINE
8
BLACK
6
CONTINUOUS
10
200.7125949999999932
20
-89.4245700000000028
11
200.6820519999999988
21
-89.4779279999999915
0
LINE
8
BLACK
6
CONTINUOUS
10
200.6820519999999988
20
-89.4779279999999915
11
200.6554429999999911
21
-89.5774660000000011
0
LINE
8
BLACK
6
CONTINUOUS
10
200.6554429999999911
20
-89.5774660000000011
11
200.636146999999994
21
-89.8795949999999948
0
LINE
8
BLACK
6
CONTINUOUS
10
200.636146999999994
20
-89.8795949999999948
11
200.6525120000000015
21
-90.1216390000000018
0
LINE
8
BLACK
6
CONTINUOUS
10
200.6525120000000015
20
-90.1216390000000018
11
200.6789890000000014
21
-90.2027140000000003
0
LINE
8
BLACK
6
CONTINUOUS
10
200.6789890000000014
20
-90.2027140000000003
11
200.7204109999999844
21
-90.2576830000000001
0
LINE
8
BLACK
6
CONTINUOUS
10
200.7204109999999844
20
-90.2576830000000001
11
200.7795069999999953
21
-90.2953979999999916
0
LINE
8
BLACK
6
CONTINUOUS
10
200.7795069999999953
20
-90.2953979999999916
11
200.8654909999999916
21
-90.3209420000000023
0
LINE
8
BLACK
6
CONTINUOUS
10
200.8654909999999916
20
-90.3209420000000023
11
201.1207249999999931
21
-90.3377940000000024
0
LINE
8
BLACK
6
CONTINUOUS
10
201.1207249999999931
20
-90.3377940000000024
11
202.3631889999999771
21
-90.3377940000000024
0
LINE
8
BLACK
6
CONTINUOUS
10
202.3631889999999771
20
-90.3377940000000024
11
202.6618979999999794
21
-90.3575779999999895
0
LINE
8
BLACK
6
CONTINUOUS
10
202.6618979999999794
20
-90.3575779999999895
11
202.7662619999999833
21
-90.3888019999999983
0
LINE
8
BLACK
6
CONTINUOUS
10
202.7662619999999833
20
-90.3888019999999983
11
202.8411720000000003
21
-90.4376899999999893
0
LINE
8
BLACK
6
CONTINUOUS
10
202.8411720000000003
20
-90.4376899999999893
11
202.8948439999999778
21
-90.5073349999999976
0
LINE
8
BLACK
6
CONTINUOUS
10
202.8948439999999778
20
-90.5073349999999976
11
202.9273900000000026
21
-90.6030420000000021
0
LINE
8
BLACK
6
CONTINUOUS
10
202.9273900000000026
20
-90.6030420000000021
11
202.947417999999999
21
-90.8814789999999988
0
LINE
8
BLACK
6
CONTINUOUS
10
202.947417999999999
20
-90.8814789999999988
11
202.947417999999999
21
-92.0147659999999945
0
LINE
8
BLACK
6
CONTINUOUS
10
202.947417999999999
20
-92.0147659999999945
11
202.9273900000000026
21
-92.3295949999999976
0
LINE
8
BLACK
6
CONTINUOUS
10
202.9273900000000026
20
-92.3295949999999976
11
202.8958729999999946
21
-92.4386499999999955
0
LINE
8
BLACK
6
CONTINUOUS
10
202.8958729999999946
20
-92.4386499999999955
11
202.8470339999999794
21
-92.5144870000000026
0
LINE
8
BLACK
6
CONTINUOUS
10
202.8470339999999794
20
-92.5144870000000026
11
202.7769979999999919
21
-92.5677589999999952
0
LINE
8
BLACK
6
CONTINUOUS
10
202.7769979999999919
20
-92.5677589999999952
11
202.6787499999999795
21
-92.600215999999989
0
LINE
8
BLACK
6
CONTINUOUS
10
202.6787499999999795
20
-92.600215999999989
11
202.3910319999999956
21
-92.6199999999999903
0
LINE
8
BLACK
6
CONTINUOUS
10
202.3910319999999956
20
-92.6199999999999903
11
200.7401949999999999
21
-92.6199999999999903
0
LINE
8
BLACK
6
CONTINUOUS
10
200.7401949999999999
20
-92.6199999999999903
11
200.4385549999999796
21
-92.600215999999989
0
LINE
8
BLACK
6
CONTINUOUS
10
200.4385549999999796
20
-92.600215999999989
11
200.332240999999982
21
-92.5688090000000017
0
LINE
8
BLACK
6
CONTINUOUS
10
200.332240999999982
20
-92.5688090000000017
11
200.2590359999999805
21
-92.5203479999999985
0
LINE
8
BLACK
6
CONTINUOUS
10
200.2590359999999805
20
-92.5203479999999985
11
200.2077840000000037
21
-92.4506229999999931
0
LINE
8
BLACK
6
CONTINUOUS
10
200.2077840000000037
20
-92.4506229999999931
11
200.1757499999999936
21
-92.3525539999999978
0
LINE
8
BLACK
6
CONTINUOUS
10
200.1757499999999936
20
-92.3525539999999978
11
200.1559659999999781
21
-92.065567999999999
0
LINE
8
BLACK
6
CONTINUOUS
10
200.1559659999999781
20
-92.065567999999999
11
200.1559659999999781
21
-91.747563999999997
0
LINE
8
BLACK
6
CONTINUOUS
10
200.1559659999999781
20
-91.747563999999997
11
200.1645149999999944
21
-91.5282339999999976
0
LINE
8
BLACK
6
CONTINUOUS
10
200.1645149999999944
20
-91.5282339999999976
11
200.2082340000000045
21
-91.4249190000000027
0
LINE
8
BLACK
6
CONTINUOUS
10
200.2082340000000045
20
-91.4249190000000027
11
200.2896460000000047
21
-91.3603839999999963
0
LINE
8
BLACK
6
CONTINUOUS
10
200.2896460000000047
20
-91.3603839999999963
11
200.3989880000000028
21
-91.3382129999999961
0
LINE
8
BLACK
6
CONTINUOUS
10
200.3989880000000028
20
-91.3382129999999961
11
200.5166539999999884
21
-91.358869999999996
0
LINE
8
BLACK
6
CONTINUOUS
10
200.5166539999999884
20
-91.358869999999996
11
200.5865660000000048
21
-91.4134399999999943
0
LINE
8
BLACK
6
CONTINUOUS
10
200.5865660000000048
20
-91.4134399999999943
11
200.6253920000000051
21
-91.5037099999999981
0
LINE
8
BLACK
6
CONTINUOUS
10
200.6253920000000051
20
-91.5037099999999981
11
200.6417649999999924
21
-91.6694059999999951
0
LINE
8
BLACK
6
CONTINUOUS
10
200.6417649999999924
20
-91.6694059999999951
11
200.6554429999999911
21
-91.9156029999999902
0
LINE
8
BLACK
6
CONTINUOUS
10
200.6554429999999911
20
-91.9156029999999902
11
200.6772979999999791
21
-91.9988319999999931
0
LINE
8
BLACK
6
CONTINUOUS
10
200.6772979999999791
20
-91.9988319999999931
11
200.7096650000000011
21
-92.0543329999999997
0
LINE
8
BLACK
6
CONTINUOUS
10
200.7096650000000011
20
-92.0543329999999997
11
200.7574209999999937
21
-92.0937759999999912
0
LINE
8
BLACK
6
CONTINUOUS
10
200.7574209999999937
20
-92.0937759999999912
11
200.8266569999999831
21
-92.119056999999998
0
LINE
8
BLACK
6
CONTINUOUS
10
200.8266569999999831
20
-92.119056999999998
11
201.0313319999999919
21
-92.1354219999999913
0
LINE
8
BLACK
6
CONTINUOUS
10
201.0313319999999919
20
-92.1354219999999913
11
201.5852749999999958
21
-92.1354219999999913
0
LINE
8
BLACK
6
CONTINUOUS
10
201.5852749999999958
20
-92.1354219999999913
11
201.8351359999999772
21
-92.1217439999999925
0
LINE
8
BLACK
6
CONTINUOUS
10
201.8351359999999772
20
-92.1217439999999925
11
201.920614999999998
21
-92.0986899999999906
0
LINE
8
BLACK
6
CONTINUOUS
10
201.920614999999998
20
-92.0986899999999906
11
201.9770409999999856
21
-92.0623930000000001
0
LINE
8
BLACK
6
CONTINUOUS
10
201.9770409999999856
20
-92.0623930000000001
11
202.0157600000000002
21
-92.0084679999999935
0
LINE
8
BLACK
6
CONTINUOUS
10
202.0157600000000002
20
-92.0084679999999935
11
202.039322999999996
21
-91.9287920000000014
0
LINE
8
BLACK
6
CONTINUOUS
10
202.039322999999996
20
-91.9287920000000014
11
202.0532439999999781
21
-91.6965170000000001
0
LINE
8
BLACK
6
CONTINUOUS
10
202.0532439999999781
20
-91.6965170000000001
11
202.0532439999999781
21
-91.2947379999999953
0
LINE
8
BLACK
6
CONTINUOUS
10
202.0532439999999781
20
-91.2947379999999953
11
202.039322999999996
21
-91.0346189999999922
0
LINE
8
BLACK
6
CONTINUOUS
10
202.039322999999996
20
-91.0346189999999922
11
202.0144049999999822
21
-90.9501509999999911
0
LINE
8
BLACK
6
CONTINUOUS
10
202.0144049999999822
20
-90.9501509999999911
11
201.9716669999999965
21
-90.892957999999993
0
LINE
8
BLACK
6
CONTINUOUS
10
201.9716669999999965
20
-90.892957999999993
11
201.9081049999999777
21
-90.8554620000000028
0
LINE
8
BLACK
6
CONTINUOUS
10
201.9081049999999777
20
-90.8554620000000028
11
201.8070479999999804
21
-90.8333629999999914
0
LINE
8
BLACK
6
CONTINUOUS
10
201.8070479999999804
20
-90.8333629999999914
11
201.5068729999999846
21
-90.8223720000000014
0
LINE
8
BLACK
6
CONTINUOUS
10
201.5068729999999846
20
-90.8223720000000014
11
200.7179689999999823
21
-90.8223720000000014
0
LINE
8
BLACK
6
CONTINUOUS
10
200.7179689999999823
20
-90.8223720000000014
11
200.4302509999999984
21
-90.8025880000000001
0
LINE
8
BLACK
6
CONTINUOUS
10
200.4302509999999984
20
-90.8025880000000001
11
200.3309889999999882
21
-90.7718679999999978
0
LINE
8
BLACK
6
CONTINUOUS
10
200.3309889999999882
20
-90.7718679999999978
11
200.2592809999999872
21
-90.7246749999999906
0
LINE
8
BLACK
6
CONTINUOUS
10
200.2592809999999872
20
-90.7246749999999906
11
200.2080389999999852
21
-90.6572279999999893
0
LINE
8
BLACK
6
CONTINUOUS
10
200.2080389999999852
20
-90.6572279999999893
11
200.1759940000000029
21
-90.5612769999999898
0
LINE
8
BLACK
6
CONTINUOUS
10
200.1759940000000029
20
-90.5612769999999898
11
200.1559659999999781
21
-90.2865029999999962
0
LINE
8
BLACK
6
CONTINUOUS
10
200.1559659999999781
20
-90.2865029999999962
11
200.1559659999999781
21
-89.3312699999999893
0
LINE
8
BLACK
6
CONTINUOUS
10
200.1559659999999781
20
-89.3312699999999893
11
200.1786809999999832
21
-89.1068099999999959
0
LINE
8
BLACK
6
CONTINUOUS
10
200.1786809999999832
20
-89.1068099999999959
11
200.2115849999999853
21
-89.0255420000000015
0
LINE
8
BLACK
6
CONTINUOUS
10
200.2115849999999853
20
-89.0255420000000015
11
200.2619669999999985
21
-88.9631959999999964
0
LINE
8
BLACK
6
CONTINUOUS
10
200.2619669999999985
20
-88.9631959999999964
11
200.3304399999999816
21
-88.9181859999999915
0
LINE
8
BLACK
6
CONTINUOUS
10
200.3304399999999816
20
-88.9181859999999915
11
200.424633
21
-88.8884570000000025
0
LINE
8
BLACK
6
CONTINUOUS
10
200.424633
20
-88.8884570000000025
11
200.6786459999999863
21
-88.8684289999999919
0
LINE
8
BLACK
6
CONTINUOUS
10
200.6786459999999863
20
-88.8684289999999919
11
202.368805999999978
21
-88.8684289999999919
0
LINE
8
BLACK
6
CONTINUOUS
10
202.368805999999978
20
-88.8684289999999919
11
202.5810060000000021
21
-88.8850920000000002
0
LINE
8
BLACK
6
CONTINUOUS
10
206.0187709999999868
20
-88.8884570000000025
11
206.1175020000000018
21
-88.9197350000000029
0
LINE
8
BLACK
6
CONTINUOUS
10
206.1175020000000018
20
-88.9197350000000029
11
206.1870549999999866
21
-88.9688129999999973
0
LINE
8
BLACK
6
CONTINUOUS
10
206.1870549999999866
20
-88.9688129999999973
11
206.2359899999999868
21
-89.0387559999999922
0
LINE
8
BLACK
6
CONTINUOUS
10
206.2359899999999868
20
-89.0387559999999922
11
206.2674109999999814
21
-89.1400269999999892
0
LINE
8
BLACK
6
CONTINUOUS
10
206.2674109999999814
20
-89.1400269999999892
11
206.2871939999999995
21
-89.4250589999999903
0
LINE
8
BLACK
6
CONTINUOUS
10
206.2871939999999995
20
-89.4250589999999903
11
206.2871939999999995
21
-92.1080659999999938
0
LINE
8
BLACK
6
CONTINUOUS
10
206.2871939999999995
20
-92.1080659999999938
11
206.2671660000000031
21
-92.3652539999999931
0
LINE
8
BLACK
6
CONTINUOUS
10
206.2671660000000031
20
-92.3652539999999931
11
206.2361849999999777
21
-92.4563429999999897
0
LINE
8
BLACK
6
CONTINUOUS
10
206.2361849999999777
20
-92.4563429999999897
11
206.1868099999999799
21
-92.5225469999999888
0
LINE
8
BLACK
6
CONTINUOUS
10
206.1868099999999799
20
-92.5225469999999888
11
206.1179180000000031
21
-92.5695439999999934
0
LINE
8
BLACK
6
CONTINUOUS
10
206.1179180000000031
20
-92.5695439999999934
11
206.0214579999999955
21
-92.600215999999989
0
LINE
8
BLACK
6
CONTINUOUS
10
206.0214579999999955
20
-92.600215999999989
11
205.7479060000000004
21
-92.6199999999999903
0
LINE
8
BLACK
6
CONTINUOUS
10
205.7479060000000004
20
-92.6199999999999903
11
203.9514999999999816
21
-92.6199999999999903
0
LINE
8
BLACK
6
CONTINUOUS
10
203.9514999999999816
20
-92.6199999999999903
11
203.6581639999999993
21
-92.600215999999989
0
LINE
8
BLACK
6
CONTINUOUS
10
203.6581639999999993
20
-92.600215999999989
11
203.5550409999999886
21
-92.5672419999999931
0
LINE
8
BLACK
6
CONTINUOUS
10
203.5550409999999886
20
-92.5672419999999931
11
203.4840189999999893
21
-92.5139980000000008
0
LINE
8
BLACK
6
CONTINUOUS
10
203.4840189999999893
20
-92.5139980000000008
11
203.4351199999999835
21
-92.4388849999999991
0
LINE
8
BLACK
6
CONTINUOUS
10
203.4351199999999835
20
-92.4388849999999991
11
203.4039070000000038
21
-92.3344799999999992
0
LINE
8
BLACK
6
CONTINUOUS
10
203.4039070000000038
20
-92.3344799999999992
11
203.3841239999999857
21
-92.0352819999999952
0
LINE
8
BLACK
6
CONTINUOUS
10
203.3841239999999857
20
-92.0352819999999952
11
203.3841239999999857
21
-91.5880729999999943
0
LINE
8
BLACK
6
CONTINUOUS
10
203.3841239999999857
20
-91.5880729999999943
11
203.3841239999999857
21
-89.8722669999999937
0
LINE
8
BLACK
6
CONTINUOUS
10
203.3841239999999857
20
-89.8722669999999937
11
203.3841239999999857
21
-89.4250589999999903
0
LINE
8
BLACK
6
CONTINUOUS
10
203.3841239999999857
20
-89.4250589999999903
11
203.4039070000000038
21
-89.12879199999999
0
LINE
8
BLACK
6
CONTINUOUS
10
203.4039070000000038
20
-89.12879199999999
11
203.43409699999998
21
-89.042264000000003
0
LINE
8
BLACK
6
CONTINUOUS
10
203.43409699999998
20
-89.042264000000003
11
203.4813319999999806
21
-88.9771169999999927
0
LINE
8
BLACK
6
CONTINUOUS
10
203.4813319999999806
20
-88.9771169999999927
11
203.5518779999999879
21
-88.9245449999999948
0
LINE
8
BLACK
6
CONTINUOUS
10
203.5518779999999879
20
-88.9245449999999948
11
203.6410669999999925
21
-88.891143999999997
0
LINE
8
BLACK
6
CONTINUOUS
10
203.6410669999999925
20
-88.891143999999997
11
203.7516959999999813
21
-88.8752130000000022
0
LINE
8
BLACK
6
CONTINUOUS
10
203.7516959999999813
20
-88.8752130000000022
11
203.9458819999999832
21
-88.8684289999999919
0
LINE
8
BLACK
6
CONTINUOUS
10
203.9458819999999832
20
-88.8684289999999919
11
205.7366710000000012
21
-88.8684289999999919
0
LINE
8
BLACK
6
CONTINUOUS
10
205.7366710000000012
20
-88.8684289999999919
11
206.0187709999999868
21
-88.8884570000000025
0
LINE
8
BLACK
6
CONTINUOUS
10
204.0797269999999912
20
-89.366928999999999
11
203.9928850000000011
21
-89.3914979999999986
0
LINE
8
BLACK
6
CONTINUOUS
10
203.9928850000000011
20
-89.3914979999999986
11
203.937578000000002
21
-89.4318979999999897
0
LINE
8
BLACK
6
CONTINUOUS
10
203.937578000000002
20
-89.4318979999999897
11
203.9020539999999926
21
-89.491895999999997
0
LINE
8
BLACK
6
CONTINUOUS
10
203.9020539999999926
20
-89.491895999999997
11
203.8806689999999833
21
-89.5855260000000015
0
LINE
8
BLACK
6
CONTINUOUS
10
203.8806689999999833
20
-89.5855260000000015
11
203.8696779999999933
21
-89.8722669999999937
0
LINE
8
BLACK
6
CONTINUOUS
10
203.8696779999999933
20
-89.8722669999999937
11
203.8696779999999933
21
-91.5880729999999943
0
LINE
8
BLACK
6
CONTINUOUS
10
203.8696779999999933
20
-91.5880729999999943
11
203.8806689999999833
21
-91.8894689999999912
0
LINE
8
BLACK
6
CONTINUOUS
10
203.8806689999999833
20
-91.8894689999999912
11
203.899550000000005
21
-91.9920910000000021
0
LINE
8
BLACK
6
CONTINUOUS
10
203.899550000000005
20
-91.9920910000000021
11
203.9268309999999929
21
-92.0543329999999997
0
LINE
8
BLACK
6
CONTINUOUS
10
203.9268309999999929
20
-92.0543329999999997
11
203.9707429999999988
21
-92.0971979999999917
0
LINE
8
BLACK
6
CONTINUOUS
10
203.9707429999999988
20
-92.0971979999999917
11
204.0382060000000024
21
-92.1217439999999925
0
LINE
8
BLACK
6
CONTINUOUS
10
204.0382060000000024
20
-92.1217439999999925
11
204.2480109999999911
21
-92.1354219999999913
0
LINE
8
BLACK
6
CONTINUOUS
10
204.2480109999999911
20
-92.1354219999999913
11
204.8356589999999926
21
-92.1354219999999913
0
LINE
8
BLACK
6
CONTINUOUS
10
204.8356589999999926
20
-92.1354219999999913
11
205.1499999999999773
21
-92.1244310000000013
0
LINE
8
BLACK
6
CONTINUOUS
10
205.1499999999999773
20
-92.1244310000000013
11
205.2535369999999944
21
-92.1032849999999996
0
LINE
8
BLACK
6
CONTINUOUS
10
205.2535369999999944
20
-92.1032849999999996
11
205.3143749999999841
21
-92.0702089999999913
0
LINE
8
BLACK
6
CONTINUOUS
10
205.3143749999999841
20
-92.0702089999999913
11
205.3549209999999903
21
-92.0178439999999966
0
LINE
8
BLACK
6
CONTINUOUS
10
205.3549209999999903
20
-92.0178439999999966
11
205.3793440000000032
21
-91.9363639999999975
0
LINE
8
BLACK
6
CONTINUOUS
10
205.3793440000000032
20
-91.9363639999999975
11
205.3930210000000045
21
-91.6833279999999888
0
LINE
8
BLACK
6
CONTINUOUS
10
205.3930210000000045
20
-91.6833279999999888
11
205.3930210000000045
21
-90.9208019999999948
0
LINE
8
BLACK
6
CONTINUOUS
10
205.3930210000000045
20
-90.9208019999999948
11
205.3986390000000029
21
-90.730292999999989
0
LINE
8
BLACK
6
CONTINUOUS
10
205.3986390000000029
20
-90.730292999999989
11
205.4042560000000037
21
-90.5578569999999985
0
LINE
8
BLACK
6
CONTINUOUS
10
205.4042560000000037
20
-90.5578569999999985
11
205.4333209999999781
21
-90.4489250000000027
0
LINE
8
BLACK
6
CONTINUOUS
10
205.4333209999999781
20
-90.4489250000000027
11
205.4995109999999841
21
-90.3763849999999991
0
LINE
8
BLACK
6
CONTINUOUS
10
205.4995109999999841
20
-90.3763849999999991
11
205.6162589999999852
21
-90.3192319999999995
0
LINE
8
BLACK
6
CONTINUOUS
10
205.6162589999999852
20
-90.3192319999999995
11
205.7217489999999884
21
-90.2631039999999985
0
LINE
8
BLACK
6
CONTINUOUS
10
205.7217489999999884
20
-90.2631039999999985
11
205.7691549999999836
21
-90.2132299999999958
0
LINE
8
BLACK
6
CONTINUOUS
10
205.7691549999999836
20
-90.2132299999999958
11
205.7915669999999864
21
-90.143509999999992
0
LINE
8
BLACK
6
CONTINUOUS
10
205.7915669999999864
20
-90.143509999999992
11
205.8016389999999944
21
-90.0012279999999976
0
LINE
8
BLACK
6
CONTINUOUS
10
205.8016389999999944
20
-90.0012279999999976
11
205.8072569999999928
21
-89.7713949999999983
0
LINE
8
BLACK
6
CONTINUOUS
10
205.8072569999999928
20
-89.7713949999999983
11
205.7906480000000045
21
-89.5606140000000011
0
LINE
8
BLACK
6
CONTINUOUS
10
205.7906480000000045
20
-89.5606140000000011
11
205.7658519999999953
21
-89.485092999999992
0
LINE
8
BLACK
6
CONTINUOUS
10
205.7658519999999953
20
-89.485092999999992
11
205.7283669999999915
21
-89.4321419999999989
0
LINE
8
BLACK
6
CONTINUOUS
10
205.7283669999999915
20
-89.4321419999999989
11
205.6750629999999944
21
-89.3947339999999997
0
LINE
8
BLACK
6
CONTINUOUS
10
205.6750629999999944
20
-89.3947339999999997
11
205.5972079999999949
21
-89.3696159999999935
0
LINE
8
BLACK
6
CONTINUOUS
10
205.5972079999999949
20
-89.3696159999999935
11
205.378610999999978
21
-89.353006999999991
0
LINE
8
BLACK
6
CONTINUOUS
10
205.378610999999978
20
-89.353006999999991
11
204.3488830000000007
21
-89.353006999999991
0
LINE
8
BLACK
6
CONTINUOUS
10
204.3488830000000007
20
-89.353006999999991
11
204.0797269999999912
21
-89.366928999999999
0
LINE
8
BLACK
6
CONTINUOUS
10
194.3886699999999905
20
-81.187821999999997
11
194.4862770000000012
21
-81.2370129999999904
0
LINE
8
BLACK
6
CONTINUOUS
10
194.4862770000000012
20
-81.2370129999999904
11
194.5419749999999794
21
-81.3114259999999973
0
LINE
8
BLACK
6
CONTINUOUS
10
194.5419749999999794
20
-81.3114259999999973
11
194.5618629999999882
21
-81.4190229999999957
0
LINE
8
BLACK
6
CONTINUOUS
10
194.5618629999999882
20
-81.4190229999999957
11
194.5414429999999868
21
-81.5302059999999926
0
LINE
8
BLACK
6
CONTINUOUS
10
194.5414429999999868
20
-81.5302059999999926
11
194.4863919999999951
21
-81.5987849999999924
0
LINE
8
BLACK
6
CONTINUOUS
10
194.4863919999999951
20
-81.5987849999999924
11
194.3970389999999782
21
-81.637163000000001
0
LINE
8
BLACK
6
CONTINUOUS
10
194.3970389999999782
20
-81.637163000000001
11
194.24068299999999
21
-81.6530070000000023
0
LINE
8
BLACK
6
CONTINUOUS
10
194.24068299999999
20
-81.6530070000000023
11
193.1381709999999998
21
-81.6530070000000023
0
LINE
8
BLACK
6
CONTINUOUS
10
193.1381709999999998
20
-81.6530070000000023
11
192.9339839999999811
21
-81.672302000000002
0
LINE
8
BLACK
6
CONTINUOUS
10
192.9339839999999811
20
-81.672302000000002
11
192.8654219999999953
21
-81.7011459999999943
0
LINE
8
BLACK
6
CONTINUOUS
10
192.8654219999999953
20
-81.7011459999999943
11
192.8169919999999991
21
-81.7463079999999991
0
LINE
8
BLACK
6
CONTINUOUS
10
192.8169919999999991
20
-81.7463079999999991
11
192.7846649999999897
21
-81.8085629999999924
0
LINE
8
BLACK
6
CONTINUOUS
10
192.7846649999999897
20
-81.8085629999999924
11
192.7625259999999798
21
-81.904088999999999
0
LINE
8
BLACK
6
CONTINUOUS
10
192.7625259999999798
20
-81.904088999999999
11
192.7486040000000003
21
-82.1764199999999931
0
LINE
8
BLACK
6
CONTINUOUS
10
192.7486040000000003
20
-82.1764199999999931
11
192.7622810000000015
21
-82.4260359999999963
0
LINE
8
BLACK
6
CONTINUOUS
10
192.7622810000000015
20
-82.4260359999999963
11
192.7855419999999924
21
-82.5094419999999928
0
LINE
8
BLACK
6
CONTINUOUS
10
192.7855419999999924
20
-82.5094419999999928
11
192.8218770000000006
21
-82.5637889999999999
0
LINE
8
BLACK
6
CONTINUOUS
10
192.8218770000000006
20
-82.5637889999999999
11
192.8755969999999991
21
-82.6006579999999957
0
LINE
8
BLACK
6
CONTINUOUS
10
192.8755969999999991
20
-82.6006579999999957
11
192.9557219999999802
21
-82.6238719999999915
0
LINE
8
BLACK
6
CONTINUOUS
10
192.9557219999999802
20
-82.6238719999999915
11
193.199719999999985
21
-82.6377939999999995
0
LINE
8
BLACK
6
CONTINUOUS
10
193.199719999999985
20
-82.6377939999999995
11
194.2125949999999932
21
-82.6377939999999995
0
LINE
8
BLACK
6
CONTINUOUS
10
194.2125949999999932
20
-82.6377939999999995
11
194.3895819999999901
21
-82.6541369999999915
0
LINE
8
BLACK
6
CONTINUOUS
10
194.3895819999999901
20
-82.6541369999999915
11
194.4863919999999951
21
-82.6927489999999921
0
LINE
8
BLACK
6
CONTINUOUS
10
194.4863919999999951
20
-82.6927489999999921
11
194.5454869999999801
21
-82.7630769999999956
0
LINE
8
BLACK
6
CONTINUOUS
10
194.5454869999999801
20
-82.7630769999999956
11
194.5674799999999891
21
-82.8800829999999991
0
LINE
8
BLACK
6
CONTINUOUS
10
194.5674799999999891
20
-82.8800829999999991
11
194.5460999999999956
21
-82.9974160000000012
0
LINE
8
BLACK
6
CONTINUOUS
10
194.5460999999999956
20
-82.9974160000000012
11
194.4890779999999779
21
-83.0676619999999986
0
LINE
8
BLACK
6
CONTINUOUS
10
194.4890779999999779
20
-83.0676619999999986
11
194.3960909999999842
21
-83.1062349999999981
0
LINE
8
BLACK
6
CONTINUOUS
10
194.3960909999999842
20
-83.1062349999999981
11
194.2294479999999908
21
-83.1223719999999986
0
LINE
8
BLACK
6
CONTINUOUS
10
194.2294479999999908
20
-83.1223719999999986
11
193.5690160000000049
21
-83.1223719999999986
0
LINE
8
BLACK
6
CONTINUOUS
10
193.5690160000000049
20
-83.1223719999999986
11
193.3421139999999809
21
-83.1362939999999924
0
LINE
8
BLACK
6
CONTINUOUS
10
193.3421139999999809
20
-83.1362939999999924
11
193.2681460000000015
21
-83.1611729999999909
0
LINE
8
BLACK
6
CONTINUOUS
10
193.2681460000000015
20
-83.1611729999999909
11
193.2168169999999918
21
-83.2046819999999911
0
LINE
8
BLACK
6
CONTINUOUS
10
193.2168169999999918
20
-83.2046819999999911
11
193.1832409999999811
21
-83.2670009999999934
0
LINE
8
BLACK
6
CONTINUOUS
10
193.1832409999999811
20
-83.2670009999999934
11
193.1625949999999818
21
-83.3622189999999961
0
LINE
8
BLACK
6
CONTINUOUS
10
193.1625949999999818
20
-83.3622189999999961
11
193.1516049999999893
21
-83.639922999999996
0
LINE
8
BLACK
6
CONTINUOUS
10
193.1516049999999893
20
-83.639922999999996
11
193.1516049999999893
21
-84.4759659999999997
0
LINE
8
BLACK
6
CONTINUOUS
10
193.1516049999999893
20
-84.4759659999999997
11
193.1388330000000053
21
-84.6461159999999921
0
LINE
8
BLACK
6
CONTINUOUS
10
193.1388330000000053
20
-84.6461159999999921
11
193.1062609999999893
21
-84.7604649999999964
0
LINE
8
BLACK
6
CONTINUOUS
10
193.1062609999999893
20
-84.7604649999999964
11
193.0597689999999886
21
-84.8345149999999961
0
LINE
8
BLACK
6
CONTINUOUS
10
193.0597689999999886
20
-84.8345149999999961
11
192.9910429999999906
21
-84.8863759999999985
0
LINE
8
BLACK
6
CONTINUOUS
10
192.9910429999999906
20
-84.8863759999999985
11
192.8858069999999998
21
-84.9218479999999971
0
LINE
8
BLACK
6
CONTINUOUS
10
192.8858069999999998
20
-84.9218479999999971
11
192.7297969999999907
21
-84.9356310000000008
0
LINE
8
BLACK
6
CONTINUOUS
10
192.7297969999999907
20
-84.9356310000000008
11
192.5539440000000013
21
-84.921947000000003
0
LINE
8
BLACK
6
CONTINUOUS
10
192.5539440000000013
20
-84.921947000000003
11
192.437388999999996
21
-84.887202000000002
0
LINE
8
BLACK
6
CONTINUOUS
10
192.437388999999996
20
-84.887202000000002
11
192.3631889999999771
21
-84.8376899999999949
0
LINE
8
BLACK
6
CONTINUOUS
10
192.3631889999999771
20
-84.8376899999999949
11
192.3126099999999781
21
-84.7647109999999913
0
LINE
8
BLACK
6
CONTINUOUS
10
192.3126099999999781
20
-84.7647109999999913
11
192.2770819999999787
21
-84.648783999999992
0
LINE
8
BLACK
6
CONTINUOUS
10
192.2770819999999787
20
-84.648783999999992
11
192.2630489999999952
21
-84.4723019999999991
0
LINE
8
BLACK
6
CONTINUOUS
10
192.2630489999999952
20
-84.4723019999999991
11
192.2630489999999952
21
-81.6542280000000034
0
LINE
8
BLACK
6
CONTINUOUS
10
192.2630489999999952
20
-81.6542280000000034
11
192.2857640000000004
21
-81.4212210000000027
0
LINE
8
BLACK
6
CONTINUOUS
10
192.2857640000000004
20
-81.4212210000000027
11
192.3185220000000015
21
-81.3369709999999912
0
LINE
8
BLACK
6
CONTINUOUS
10
192.3185220000000015
20
-81.3369709999999912
11
192.368805999999978
21
-81.2719879999999932
0
LINE
8
BLACK
6
CONTINUOUS
10
192.368805999999978
20
-81.2719879999999932
11
192.4369069999999908
21
-81.2239119999999986
0
LINE
8
BLACK
6
CONTINUOUS
10
192.4369069999999908
20
-81.2239119999999986
11
192.5285409999999899
21
-81.1913879999999892
0
LINE
8
BLACK
6
CONTINUOUS
10
192.5285409999999899
20
-81.1913879999999892
11
192.7801110000000051
21
-81.1684290000000033
0
LINE
8
BLACK
6
CONTINUOUS
10
192.7801110000000051
20
-81.1684290000000033
11
194.2294479999999908
21
-81.1684290000000033
0
LINE
8
BLACK
6
CONTINUOUS
10
194.2294479999999908
20
-81.1684290000000033
11
194.3886699999999905
21
-81.187821999999997
0
LINE
8
BLACK
6
CONTINUOUS
10
202.6406829999999957
20
-81.1913879999999892
11
202.7391999999999825
21
-81.2255789999999962
0
LINE
8
BLACK
6
CONTINUOUS
10
202.7391999999999825
20
-81.2255789999999962
11
202.8089669999999956
21
-81.2776059999999916
0
LINE
8
BLACK
6
CONTINUOUS
10
202.8089669999999956
20
-81.2776059999999916
11
202.8572460000000035
21
-81.3506119999999981
0
LINE
8
BLACK
6
CONTINUOUS
10
202.8572460000000035
20
-81.3506119999999981
11
202.8863920000000007
21
-81.4549260000000004
0
LINE
8
BLACK
6
CONTINUOUS
10
202.8863920000000007
20
-81.4549260000000004
11
202.9034889999999791
21
-81.7546119999999945
0
LINE
8
BLACK
6
CONTINUOUS
10
202.9034889999999791
20
-81.7546119999999945
11
202.8978709999999808
21
-82.0130209999999948
0
LINE
8
BLACK
6
CONTINUOUS
10
202.8978709999999808
20
-82.0130209999999948
11
202.8811409999999853
21
-82.1700939999999918
0
LINE
8
BLACK
6
CONTINUOUS
10
202.8811409999999853
20
-82.1700939999999918
11
202.8399859999999819
21
-82.262393000000003
0
LINE
8
BLACK
6
CONTINUOUS
10
202.8399859999999819
20
-82.262393000000003
11
202.768858999999992
21
-82.3200190000000021
0
LINE
8
BLACK
6
CONTINUOUS
10
202.768858999999992
20
-82.3200190000000021
11
202.6607109999999921
21
-82.340795
0
LINE
8
BLACK
6
CONTINUOUS
10
202.6607109999999921
20
-82.340795
11
202.5433089999999936
21
-82.3205409999999915
0
LINE
8
BLACK
6
CONTINUOUS
10
202.5433089999999936
20
-82.3205409999999915
11
202.4758190000000013
21
-82.2677659999999946
0
LINE
8
BLACK
6
CONTINUOUS
10
202.4758190000000013
20
-82.2677659999999946
11
202.4379509999999982
21
-82.1798639999999949
0
LINE
8
BLACK
6
CONTINUOUS
10
202.4379509999999982
20
-82.1798639999999949
11
202.4179340000000025
21
-82.0174179999999922
0
LINE
8
BLACK
6
CONTINUOUS
10
202.4179340000000025
20
-82.0174179999999922
11
202.3957079999999848
21
-81.8227559999999983
0
LINE
8
BLACK
6
CONTINUOUS
10
202.3957079999999848
20
-81.8227559999999983
11
202.370047999999997
21
-81.7586129999999969
0
LINE
8
BLACK
6
CONTINUOUS
10
202.370047999999997
20
-81.7586129999999969
11
202.3282969999999921
21
-81.7133350000000007
0
LINE
8
BLACK
6
CONTINUOUS
10
202.3282969999999921
20
-81.7133350000000007
11
202.2695760000000007
21
-81.6835080000000033
0
LINE
8
BLACK
6
CONTINUOUS
10
202.2695760000000007
20
-81.6835080000000033
11
202.1775989999999865
21
-81.6642420000000016
0
LINE
8
BLACK
6
CONTINUOUS
10
202.1775989999999865
20
-81.6642420000000016
11
201.910886000000005
21
-81.6530070000000023
0
LINE
8
BLACK
6
CONTINUOUS
10
201.910886000000005
20
-81.6530070000000023
11
201.0489529999999831
21
-81.6530070000000023
0
LINE
8
BLACK
6
CONTINUOUS
10
201.0489529999999831
20
-81.6530070000000023
11
200.8081289999999797
21
-81.6696159999999907
0
LINE
8
BLACK
6
CONTINUOUS
10
200.8081289999999797
20
-81.6696159999999907
11
200.7263909999999782
21
-81.6966809999999981
0
LINE
8
BLACK
6
CONTINUOUS
10
200.7263909999999782
20
-81.6966809999999981
11
200.6713529999999821
21
-81.7404459999999915
0
LINE
8
BLACK
6
CONTINUOUS
10
200.6713529999999821
20
-81.7404459999999915
11
200.6349799999999846
21
-81.8031649999999928
0
LINE
8
BLACK
6
CONTINUOUS
10
200.6349799999999846
20
-81.8031649999999928
11
200.6117579999999805
21
-81.8977390000000014
0
LINE
8
BLACK
6
CONTINUOUS
10
200.6117579999999805
20
-81.8977390000000014
11
200.5980799999999817
21
-82.1742210000000028
0
LINE
8
BLACK
6
CONTINUOUS
10
200.5980799999999817
20
-82.1742210000000028
11
200.6034539999999993
21
-82.3647309999999919
0
LINE
8
BLACK
6
CONTINUOUS
10
200.6034539999999993
20
-82.3647309999999919
11
200.6251910000000009
21
-82.4807459999999963
0
LINE
8
BLACK
6
CONTINUOUS
10
200.6251910000000009
20
-82.4807459999999963
11
200.6737959999999816
21
-82.5542629999999917
0
LINE
8
BLACK
6
CONTINUOUS
10
200.6737959999999816
20
-82.5542629999999917
11
200.7612349999999992
21
-82.6060429999999997
0
LINE
8
BLACK
6
CONTINUOUS
10
200.7612349999999992
20
-82.6060429999999997
11
200.9028959999999984
21
-82.6800479999999993
0
LINE
8
BLACK
6
CONTINUOUS
10
200.9028959999999984
20
-82.6800479999999993
11
200.9477019999999925
21
-82.7144320000000022
0
LINE
8
BLACK
6
CONTINUOUS
10
200.9477019999999925
20
-82.7144320000000022
11
200.9776339999999948
21
-82.7584499999999963
0
LINE
8
BLACK
6
CONTINUOUS
10
200.9776339999999948
20
-82.7584499999999963
11
201.0035239999999988
21
-82.890585999999999
0
LINE
8
BLACK
6
CONTINUOUS
10
201.0035239999999988
20
-82.890585999999999
11
201.0064539999999909
21
-83.1253030000000024
0
LINE
8
BLACK
6
CONTINUOUS
10
201.0064539999999909
20
-83.1253030000000024
11
201.0064539999999909
21
-83.8287219999999991
0
LINE
8
BLACK
6
CONTINUOUS
10
201.0064539999999909
20
-83.8287219999999991
11
201.0091409999999996
21
-84.011415999999997
0
LINE
8
BLACK
6
CONTINUOUS
10
201.0091409999999996
20
-84.011415999999997
11
201.0176899999999875
21
-84.1713949999999897
0
LINE
8
BLACK
6
CONTINUOUS
10
201.0176899999999875
20
-84.1713949999999897
11
201.0340359999999862
21
-84.2752879999999891
0
LINE
8
BLACK
6
CONTINUOUS
10
201.0340359999999862
20
-84.2752879999999891
11
201.0708789999999908
21
-84.3464199999999948
0
LINE
8
BLACK
6
CONTINUOUS
10
201.0708789999999908
20
-84.3464199999999948
11
201.1266219999999976
21
-84.3936559999999929
0
LINE
8
BLACK
6
CONTINUOUS
10
201.1266219999999976
20
-84.3936559999999929
11
201.2548170000000027
21
-84.4330679999999916
0
LINE
8
BLACK
6
CONTINUOUS
10
201.2548170000000027
20
-84.4330679999999916
11
201.524737999999985
21
-84.4510530000000017
0
LINE
8
BLACK
6
CONTINUOUS
10
201.524737999999985
20
-84.4510530000000017
11
201.910886000000005
21
-84.4510530000000017
0
LINE
8
BLACK
6
CONTINUOUS
10
201.910886000000005
20
-84.4510530000000017
11
202.1912769999999853
21
-84.4373760000000004
0
LINE
8
BLACK
6
CONTINUOUS
10
202.1912769999999853
20
-84.4373760000000004
11
202.2828759999999875
21
-84.4112049999999954
0
LINE
8
BLACK
6
CONTINUOUS
10
202.2828759999999875
20
-84.4112049999999954
11
202.3414860000000033
21
-84.3665450000000021
0
LINE
8
BLACK
6
CONTINUOUS
10
202.3414860000000033
20
-84.3665450000000021
11
202.3789929999999799
21
-84.299902000000003
0
LINE
8
BLACK
6
CONTINUOUS
10
202.3789929999999799
20
-84.299902000000003
11
202.4010810000000049
21
-84.1953309999999959
0
LINE
8
BLACK
6
CONTINUOUS
10
202.4010810000000049
20
-84.1953309999999959
11
202.4123160000000041
21
-83.87879199999999
0
LINE
8
BLACK
6
CONTINUOUS
10
202.4123160000000041
20
-83.87879199999999
11
202.4283979999999872
21
-83.7162089999999921
0
LINE
8
BLACK
6
CONTINUOUS
10
202.4283979999999872
20
-83.7162089999999921
11
202.4672709999999825
21
-83.6233139999999935
0
LINE
8
BLACK
6
CONTINUOUS
10
202.4672709999999825
20
-83.6233139999999935
11
202.5375999999999976
21
-83.5659249999999929
0
LINE
8
BLACK
6
CONTINUOUS
10
202.5375999999999976
20
-83.5659249999999929
11
202.6550939999999912
21
-83.5444239999999922
0
LINE
8
BLACK
6
CONTINUOUS
10
202.6550939999999912
20
-83.5444239999999922
11
202.7725879999999847
21
-83.5659249999999929
0
LINE
8
BLACK
6
CONTINUOUS
10
202.7725879999999847
20
-83.5659249999999929
11
202.8429160000000024
21
-83.6233139999999935
0
LINE
8
BLACK
6
CONTINUOUS
10
202.8429160000000024
20
-83.6233139999999935
11
202.8816520000000025
21
-83.7169109999999961
0
LINE
8
BLACK
6
CONTINUOUS
10
202.8816520000000025
20
-83.7169109999999961
11
202.8978709999999808
21
-83.8848979999999926
0
LINE
8
BLACK
6
CONTINUOUS
10
202.8978709999999808
20
-83.8848979999999926
11
202.8978709999999808
21
-84.4825609999999898
0
LINE
8
BLACK
6
CONTINUOUS
10
202.8978709999999808
20
-84.4825609999999898
11
202.8797869999999932
21
-84.6559069999999991
0
LINE
8
BLACK
6
CONTINUOUS
10
202.8797869999999932
20
-84.6559069999999991
11
202.8323819999999955
21
-84.7751700000000028
0
LINE
8
BLACK
6
CONTINUOUS
10
202.8323819999999955
20
-84.7751700000000028
11
202.7606069999999931
21
-84.8552749999999918
0
LINE
8
BLACK
6
CONTINUOUS
10
202.7606069999999931
20
-84.8552749999999918
11
202.6928059999999903
21
-84.8937629999999928
0
LINE
8
BLACK
6
CONTINUOUS
10
202.6928059999999903
20
-84.8937629999999928
11
202.6121069999999804
21
-84.918533999999994
0
LINE
8
BLACK
6
CONTINUOUS
10
202.6121069999999804
20
-84.918533999999994
11
202.3248769999999865
21
-84.9356310000000008
0
LINE
8
BLACK
6
CONTINUOUS
10
202.3248769999999865
20
-84.9356310000000008
11
200.6852749999999901
21
-84.9356310000000008
0
LINE
8
BLACK
6
CONTINUOUS
10
200.6852749999999901
20
-84.9356310000000008
11
200.3948699999999974
21
-84.9158469999999994
0
LINE
8
BLACK
6
CONTINUOUS
10
200.3948699999999974
20
-84.9158469999999994
11
200.2932869999999923
21
-84.8843409999999921
0
LINE
8
BLACK
6
CONTINUOUS
10
200.2932869999999923
20
-84.8843409999999921
11
200.2207249999999874
21
-84.8350030000000004
0
LINE
8
BLACK
6
CONTINUOUS
10
200.2207249999999874
20
-84.8350030000000004
11
200.1694080000000042
21
-84.7651389999999907
0
LINE
8
BLACK
6
CONTINUOUS
10
200.1694080000000042
20
-84.7651389999999907
11
200.1376829999999813
21
-84.6686739999999958
0
LINE
8
BLACK
6
CONTINUOUS
10
200.1376829999999813
20
-84.6686739999999958
11
200.1178989999999942
21
-84.3877939999999995
0
LINE
8
BLACK
6
CONTINUOUS
10
200.1178989999999942
20
-84.3877939999999995
11
200.1178989999999942
21
-81.6825609999999926
0
LINE
8
BLACK
6
CONTINUOUS
10
200.1178989999999942
20
-81.6825609999999926
11
200.1406139999999994
21
-81.4297689999999932
0
LINE
8
BLACK
6
CONTINUOUS
10
200.1406139999999994
20
-81.4297689999999932
11
200.1731709999999964
21
-81.3380920000000032
0
LINE
8
BLACK
6
CONTINUOUS
10
200.1731709999999964
20
-81.3380920000000032
11
200.2207249999999874
21
-81.2719879999999932
0
LINE
8
BLACK
6
CONTINUOUS
10
200.2207249999999874
20
-81.2719879999999932
11
200.2869689999999991
21
-81.2241769999999974
0
LINE
8
BLACK
6
CONTINUOUS
10
200.2869689999999991
20
-81.2241769999999974
11
200.3804599999999994
21
-81.1913879999999892
0
LINE
8
BLACK
6
CONTINUOUS
10
200.3804599999999994
20
-81.1913879999999892
11
200.6349610000000041
21
-81.1684290000000033
0
LINE
8
BLACK
6
CONTINUOUS
10
200.6349610000000041
20
-81.1684290000000033
11
202.3641999999999825
21
-81.1684290000000033
0
LINE
8
BLACK
6
CONTINUOUS
10
202.3641999999999825
20
-81.1684290000000033
11
202.6406829999999957
21
-81.1913879999999892
0
LINE
8
BLACK
6
CONTINUOUS
10
195.2447059999999794
20
-81.1731570000000033
11
195.3055819999999869
21
-81.2285129999999924
0
LINE
8
BLACK
6
CONTINUOUS
10
195.3055819999999869
20
-81.2285129999999924
11
195.3379489999999805
21
-81.3206109999999995
0
LINE
8
BLACK
6
CONTINUOUS
10
195.3379489999999805
20
-81.3206109999999995
11
195.352232999999984
21
-81.5025539999999893
0
LINE
8
BLACK
6
CONTINUOUS
10
195.352232999999984
20
-81.5025539999999893
11
195.352232999999984
21
-81.9961679999999973
0
LINE
8
BLACK
6
CONTINUOUS
10
195.352232999999984
20
-81.9961679999999973
11
195.3621869999999774
21
-82.1165960000000013
0
LINE
8
BLACK
6
CONTINUOUS
10
195.3621869999999774
20
-82.1165960000000013
11
195.3842279999999789
21
-82.1737329999999986
0
LINE
8
BLACK
6
CONTINUOUS
10
195.3842279999999789
20
-82.1737329999999986
11
195.4296619999999791
21
-82.2108889999999946
0
LINE
8
BLACK
6
CONTINUOUS
10
195.4296619999999791
20
-82.2108889999999946
11
195.5310179999999889
21
-82.2465169999999972
0
LINE
8
BLACK
6
CONTINUOUS
10
195.5310179999999889
20
-82.2465169999999972
11
195.6365380000000016
21
-82.2910169999999965
0
LINE
8
BLACK
6
CONTINUOUS
10
195.6365380000000016
20
-82.2910169999999965
11
195.686600999999996
21
-82.3395739999999989
0
LINE
8
BLACK
6
CONTINUOUS
10
195.686600999999996
20
-82.3395739999999989
11
195.7105469999999912
21
-82.4123289999999997
0
LINE
8
BLACK
6
CONTINUOUS
10
195.7105469999999912
20
-82.4123289999999997
11
195.721527999999978
21
-82.5681849999999997
0
LINE
8
BLACK
6
CONTINUOUS
10
195.721527999999978
20
-82.5681849999999997
11
195.721527999999978
21
-84.4354220000000026
0
LINE
8
BLACK
6
CONTINUOUS
10
195.721527999999978
20
-84.4354220000000026
11
195.7073619999999892
21
-84.6757569999999902
0
LINE
8
BLACK
6
CONTINUOUS
10
195.7073619999999892
20
-84.6757569999999902
11
195.684742
21
-84.7627679999999941
0
LINE
8
BLACK
6
CONTINUOUS
10
195.684742
20
-84.7627679999999941
11
195.6497200000000021
21
-84.824744999999993
0
LINE
8
BLACK
6
CONTINUOUS
10
195.6497200000000021
20
-84.824744999999993
11
195.5993699999999933
21
-84.8705429999999978
0
LINE
8
BLACK
6
CONTINUOUS
10
195.5993699999999933
20
-84.8705429999999978
11
195.5317509999999857
21
-84.8999719999999911
0
LINE
8
BLACK
6
CONTINUOUS
10
195.5317509999999857
20
-84.8999719999999911
11
195.3387989999999945
21
-84.9200000000000017
0
LINE
8
BLACK
6
CONTINUOUS
10
195.3387989999999945
20
-84.9200000000000017
11
195.1763049999999851
21
-84.910460999999998
0
LINE
8
BLACK
6
CONTINUOUS
10
195.1763049999999851
20
-84.910460999999998
11
195.0862520000000018
21
-84.8882479999999902
0
LINE
8
BLACK
6
CONTINUOUS
10
195.0862520000000018
20
-84.8882479999999902
11
195.0181199999999819
21
-84.843001000000001
0
LINE
8
BLACK
6
CONTINUOUS
10
195.0181199999999819
20
-84.843001000000001
11
194.9624209999999778
21
-84.7641729999999995
0
LINE
8
BLACK
6
CONTINUOUS
10
194.9624209999999778
20
-84.7641729999999995
11
194.9335999999999842
21
-84.652553999999995
0
LINE
8
BLACK
6
CONTINUOUS
10
194.9335999999999842
20
-84.652553999999995
11
194.9279829999999833
21
-84.4354220000000026
0
LINE
8
BLACK
6
CONTINUOUS
10
194.9279829999999833
20
-84.4354220000000026
11
194.9279829999999833
21
-81.5027979999999985
0
LINE
8
BLACK
6
CONTINUOUS
10
194.9279829999999833
20
-81.5027979999999985
11
194.9421999999999855
21
-81.3206189999999935
0
LINE
8
BLACK
6
CONTINUOUS
10
194.9421999999999855
20
-81.3206189999999935
11
194.9743890000000022
21
-81.2285129999999924
0
LINE
8
BLACK
6
CONTINUOUS
10
194.9743890000000022
20
-81.2285129999999924
11
195.0362169999999935
21
-81.1734089999999924
0
LINE
8
BLACK
6
CONTINUOUS
10
195.0362169999999935
20
-81.1734089999999924
11
195.1429159999999854
21
-81.15279799999999
0
LINE
8
BLACK
6
CONTINUOUS
10
195.1429159999999854
20
-81.15279799999999
11
195.2447059999999794
21
-81.1731570000000033
0
LINE
8
BLACK
6
CONTINUOUS
10
198.0137469999999951
20
-82.2770479999999935
11
198.0915190000000052
21
-82.3010749999999973
0
LINE
8
BLACK
6
CONTINUOUS
10
198.0915190000000052
20
-82.3010749999999973
11
198.1456379999999911
21
-82.340795
0
LINE
8
BLACK
6
CONTINUOUS
10
198.1456379999999911
20
-82.340795
11
198.1830740000000048
21
-82.3974609999999927
0
LINE
8
BLACK
6
CONTINUOUS
10
198.1830740000000048
20
-82.3974609999999927
11
198.2064539999999795
21
-82.4785479999999893
0
LINE
8
BLACK
6
CONTINUOUS
10
198.2064539999999795
20
-82.4785479999999893
11
198.2206209999999942
21
-82.7135099999999994
0
LINE
8
BLACK
6
CONTINUOUS
10
198.2206209999999942
20
-82.7135099999999994
11
198.2206209999999942
21
-84.4803619999999995
0
LINE
8
BLACK
6
CONTINUOUS
10
198.2206209999999942
20
-84.4803619999999995
11
198.2035239999999874
21
-84.70702
0
LINE
8
BLACK
6
CONTINUOUS
10
198.2035239999999874
20
-84.70702
11
198.1782129999999995
21
-84.7856479999999948
0
LINE
8
BLACK
6
CONTINUOUS
10
198.1782129999999995
20
-84.7856479999999948
11
198.1400199999999927
21
-84.8420859999999948
0
LINE
8
BLACK
6
CONTINUOUS
10
198.1400199999999927
20
-84.8420859999999948
11
198.0859269999999981
21
-84.8816709999999972
0
LINE
8
BLACK
6
CONTINUOUS
10
198.0859269999999981
20
-84.8816709999999972
11
198.0081289999999967
21
-84.9058330000000012
0
LINE
8
BLACK
6
CONTINUOUS
10
198.0081289999999967
20
-84.9058330000000012
11
197.781959999999998
21
-84.9200000000000017
0
LINE
8
BLACK
6
CONTINUOUS
10
197.781959999999998
20
-84.9200000000000017
11
196.5900549999999782
21
-84.9200000000000017
0
LINE
8
BLACK
6
CONTINUOUS
10
196.5900549999999782
20
-84.9200000000000017
11
196.3665729999999883
21
-84.9029029999999949
0
LINE
8
BLACK
6
CONTINUOUS
10
196.3665729999999883
20
-84.9029029999999949
11
196.286106999999987
21
-84.8771330000000006
0
LINE
8
BLACK
6
CONTINUOUS
10
196.286106999999987
20
-84.8771330000000006
11
196.2317510000000027
21
-84.839154999999991
0
LINE
8
BLACK
6
CONTINUOUS
10
196.2317510000000027
20
-84.839154999999991
11
196.1939749999999947
21
-84.7847909999999985
0
LINE
8
BLACK
6
CONTINUOUS
10
196.1939749999999947
20
-84.7847909999999985
11
196.1682479999999771
21
-84.7040889999999962
0
LINE
8
BLACK
6
CONTINUOUS
10
196.1682479999999771
20
-84.7040889999999962
11
196.1511509999999987
21
-84.4798739999999952
0
LINE
8
BLACK
6
CONTINUOUS
10
196.1511509999999987
20
-84.4798739999999952
11
196.1511509999999987
21
-84.2055889999999891
0
LINE
8
BLACK
6
CONTINUOUS
10
196.1511509999999987
20
-84.2055889999999891
11
196.1511509999999987
21
-84.024360999999999
0
LINE
8
BLACK
6
CONTINUOUS
10
196.1511509999999987
20
-84.024360999999999
11
196.1511509999999987
21
-83.7613109999999921
0
LINE
8
BLACK
6
CONTINUOUS
10
196.1511509999999987
20
-83.7613109999999921
11
196.1653169999999875
21
-83.5261059999999986
0
LINE
8
BLACK
6
CONTINUOUS
10
196.1653169999999875
20
-83.5261059999999986
11
196.1894789999999773
21
-83.445217999999997
0
LINE
8
BLACK
6
CONTINUOUS
10
196.1894789999999773
20
-83.445217999999997
11
196.2290639999999939
21
-83.3881080000000026
0
LINE
8
BLACK
6
CONTINUOUS
10
196.2290639999999939
20
-83.3881080000000026
11
196.2857719999999802
21
-83.348236
0
LINE
8
BLACK
6
CONTINUOUS
10
196.2857719999999802
20
-83.348236
11
196.3638859999999795
21
-83.3243609999999961
0
LINE
8
BLACK
6
CONTINUOUS
10
196.3638859999999795
20
-83.3243609999999961
11
196.5900549999999782
21
-83.3099509999999981
0
LINE
8
BLACK
6
CONTINUOUS
10
196.5900549999999782
20
-83.3099509999999981
11
197.5076760000000036
21
-83.3099509999999981
0
LINE
8
BLACK
6
CONTINUOUS
10
197.5076760000000036
20
-83.3099509999999981
11
197.6593509999999867
21
-83.2989599999999939
0
LINE
8
BLACK
6
CONTINUOUS
10
197.6593509999999867
20
-83.2989599999999939
11
197.7455679999999916
21
-83.2589040000000011
0
LINE
8
BLACK
6
CONTINUOUS
10
197.7455679999999916
20
-83.2589040000000011
11
197.7856239999999843
21
-83.1721979999999945
0
LINE
8
BLACK
6
CONTINUOUS
10
197.7856239999999843
20
-83.1721979999999945
11
197.7966150000000027
21
-83.0197900000000004
0
LINE
8
BLACK
6
CONTINUOUS
10
197.7966150000000027
20
-83.0197900000000004
11
197.7966150000000027
21
-82.969231999999991
0
LINE
8
BLACK
6
CONTINUOUS
10
197.7966150000000027
20
-82.969231999999991
11
197.7883109999999931
21
-82.8168239999999969
0
LINE
8
BLACK
6
CONTINUOUS
10
197.7883109999999931
20
-82.8168239999999969
11
197.7741450000000043
21
-82.7643719999999945
0
LINE
8
BLACK
6
CONTINUOUS
10
197.7741450000000043
20
-82.7643719999999945
11
197.7511859999999899
21
-82.7301179999999903
0
LINE
8
BLACK
6
CONTINUOUS
10
197.7511859999999899
20
-82.7301179999999903
11
197.7171969999999988
21
-82.7071479999999895
0
LINE
8
BLACK
6
CONTINUOUS
10
197.7171969999999988
20
-82.7071479999999895
11
197.6652119999999968
21
-82.6929930000000013
0
LINE
8
BLACK
6
CONTINUOUS
10
197.6652119999999968
20
-82.6929930000000013
11
197.5076760000000036
21
-82.6846889999999917
0
LINE
8
BLACK
6
CONTINUOUS
10
197.5076760000000036
20
-82.6846889999999917
11
196.8362520000000018
21
-82.6846889999999917
0
LINE
8
BLACK
6
CONTINUOUS
10
196.8362520000000018
20
-82.6846889999999917
11
196.7095400000000041
21
-82.6931189999999958
0
LINE
8
BLACK
6
CONTINUOUS
10
196.7095400000000041
20
-82.6931189999999958
11
196.6476969999999937
21
-82.7117999999999967
0
LINE
8
BLACK
6
CONTINUOUS
10
196.6476969999999937
20
-82.7117999999999967
11
196.6093889999999931
21
-82.7513489999999905
0
LINE
8
BLACK
6
CONTINUOUS
10
196.6093889999999931
20
-82.7513489999999905
11
196.5866359999999986
21
-82.8317229999999967
0
LINE
8
BLACK
6
CONTINUOUS
10
196.5866359999999986
20
-82.8317229999999967
11
196.5754009999999994
21
-82.9118349999999964
0
LINE
8
BLACK
6
CONTINUOUS
10
196.5754009999999994
20
-82.9118349999999964
11
196.5370889999999804
21
-83.023532000000003
0
LINE
8
BLACK
6
CONTINUOUS
10
196.5370889999999804
20
-83.023532000000003
11
196.4697439999999915
21
-83.0849389999999914
0
LINE
8
BLACK
6
CONTINUOUS
10
196.4697439999999915
20
-83.0849389999999914
11
196.3660849999999982
21
-83.1067409999999995
0
LINE
8
BLACK
6
CONTINUOUS
10
196.3660849999999982
20
-83.1067409999999995
11
196.25902099999999
21
-83.0873449999999991
0
LINE
8
BLACK
6
CONTINUOUS
10
196.25902099999999
20
-83.0873449999999991
11
196.1978009999999983
21
-83.036399000000003
0
LINE
8
BLACK
6
CONTINUOUS
10
196.1978009999999983
20
-83.036399000000003
11
196.1653450000000021
21
-82.9507260000000031
0
LINE
8
BLACK
6
CONTINUOUS
10
196.1653450000000021
20
-82.9507260000000031
11
196.1511509999999987
21
-82.7833629999999943
0
LINE
8
BLACK
6
CONTINUOUS
10
196.1511509999999987
20
-82.7833629999999943
11
196.1511509999999987
21
-82.7157079999999922
0
LINE
8
BLACK
6
CONTINUOUS
10
196.1511509999999987
20
-82.7157079999999922
11
196.1653169999999875
21
-82.4797689999999903
0
LINE
8
BLACK
6
CONTINUOUS
10
196.1653169999999875
20
-82.4797689999999903
11
196.1894920000000013
21
-82.3984169999999949
0
LINE
8
BLACK
6
CONTINUOUS
10
196.1894920000000013
20
-82.3984169999999949
11
196.2290639999999939
21
-82.341038999999995
0
LINE
8
BLACK
6
CONTINUOUS
10
196.2290639999999939
20
-82.341038999999995
11
196.285792999999984
21
-82.3009759999999915
0
LINE
8
BLACK
6
CONTINUOUS
10
196.285792999999984
20
-82.3009759999999915
11
196.3638859999999795
21
-82.2770479999999935
0
LINE
8
BLACK
6
CONTINUOUS
10
196.3638859999999795
20
-82.2770479999999935
11
196.5900549999999782
21
-82.262636999999998
0
LINE
8
BLACK
6
CONTINUOUS
10
196.5900549999999782
20
-82.262636999999998
11
197.7875779999999963
21
-82.262636999999998
0
LINE
8
BLACK
6
CONTINUOUS
10
197.7875779999999963
20
-82.262636999999998
11
198.0137469999999951
21
-82.2770479999999935
0
LINE
8
BLACK
6
CONTINUOUS
10
197.0602179999999919
20
-83.7484049999999911
11
196.9898809999999969
21
-83.783537999999993
0
LINE
8
BLACK
6
CONTINUOUS
10
196.9898809999999969
20
-83.783537999999993
11
196.9552949999999782
21
-83.8544440000000009
0
LINE
8
BLACK
6
CONTINUOUS
10
196.9552949999999782
20
-83.8544440000000009
11
196.939077999999995
21
-84.024360999999999
0
LINE
8
BLACK
6
CONTINUOUS
10
196.939077999999995
20
-84.024360999999999
11
196.939077999999995
21
-84.2055889999999891
0
LINE
8
BLACK
6
CONTINUOUS
10
196.939077999999995
20
-84.2055889999999891
11
196.9471379999999954
21
-84.3648359999999968
0
LINE
8
BLACK
6
CONTINUOUS
10
196.9471379999999954
20
-84.3648359999999968
11
196.9620249999999828
21
-84.4171359999999993
0
LINE
8
BLACK
6
CONTINUOUS
10
196.9620249999999828
20
-84.4171359999999993
11
196.9869499999999789
21
-84.4520299999999935
0
LINE
8
BLACK
6
CONTINUOUS
10
196.9869499999999789
20
-84.4520299999999935
11
197.0758539999999925
21
-84.4896439999999984
0
LINE
8
BLACK
6
CONTINUOUS
10
197.0758539999999925
20
-84.4896439999999984
11
197.2336349999999925
21
-84.4979479999999938
0
LINE
8
BLACK
6
CONTINUOUS
10
197.2336349999999925
20
-84.4979479999999938
11
197.5076760000000036
21
-84.4979479999999938
0
LINE
8
BLACK
6
CONTINUOUS
10
197.5076760000000036
20
-84.4979479999999938
11
197.6593509999999867
21
-84.4869569999999896
0
LINE
8
BLACK
6
CONTINUOUS
10
197.6593509999999867
20
-84.4869569999999896
11
197.7455679999999916
21
-84.4464129999999926
0
LINE
8
BLACK
6
CONTINUOUS
10
197.7455679999999916
20
-84.4464129999999926
11
197.7856239999999843
21
-84.361904999999993
0
LINE
8
BLACK
6
CONTINUOUS
10
197.7856239999999843
20
-84.361904999999993
11
197.7966150000000027
21
-84.2112070000000017
0
LINE
8
BLACK
6
CONTINUOUS
10
197.7966150000000027
20
-84.2112070000000017
11
197.7966150000000027
21
-84.0414579999999916
0
LINE
8
BLACK
6
CONTINUOUS
10
197.7966150000000027
20
-84.0414579999999916
11
197.7883109999999931
21
-83.8734189999999984
0
LINE
8
BLACK
6
CONTINUOUS
10
197.7883109999999931
20
-83.8734189999999984
11
197.774140999999986
21
-83.817703999999992
0
LINE
8
BLACK
6
CONTINUOUS
10
197.774140999999986
20
-83.817703999999992
11
197.7511859999999899
21
-83.7806069999999892
0
LINE
8
BLACK
6
CONTINUOUS
10
197.7511859999999899
20
-83.7806069999999892
11
197.7167120000000011
21
-83.7553010000000029
0
LINE
8
BLACK
6
CONTINUOUS
10
197.7167120000000011
20
-83.7553010000000029
11
197.6649679999999876
21
-83.7403070000000014
0
LINE
8
BLACK
6
CONTINUOUS
10
197.6649679999999876
20
-83.7403070000000014
11
197.5076760000000036
21
-83.7320019999999943
0
LINE
8
BLACK
6
CONTINUOUS
10
197.5076760000000036
20
-83.7320019999999943
11
197.2280179999999916
21
-83.7320019999999943
0
LINE
8
BLACK
6
CONTINUOUS
10
197.2280179999999916
20
-83.7320019999999943
11
197.0602179999999919
21
-83.7484049999999911
0
LINE
8
BLACK
6
CONTINUOUS
10
199.1639959999999974
20
-81.3298410000000018
11
199.2256799999999828
21
-81.3853170000000006
0
LINE
8
BLACK
6
CONTINUOUS
10
199.2256799999999828
20
-81.3853170000000006
11
199.258041999999989
21
-81.4779769999999957
0
LINE
8
BLACK
6
CONTINUOUS
10
199.258041999999989
20
-81.4779769999999957
11
199.2723299999999824
21
-81.6610670000000027
0
LINE
8
BLACK
6
CONTINUOUS
10
199.2723299999999824
20
-81.6610670000000027
11
199.2723299999999824
21
-82.0616249999999923
0
LINE
8
BLACK
6
CONTINUOUS
10
199.2723299999999824
20
-82.0616249999999923
11
199.2801179999999874
21
-82.1815589999999929
0
LINE
8
BLACK
6
CONTINUOUS
10
199.2801179999999874
20
-82.1815589999999929
11
199.2955329999999776
21
-82.2260009999999966
0
LINE
8
BLACK
6
CONTINUOUS
10
199.2955329999999776
20
-82.2260009999999966
11
199.3307789999999784
21
-82.2482569999999953
0
LINE
8
BLACK
6
CONTINUOUS
10
199.3307789999999784
20
-82.2482569999999953
11
199.4215629999999919
21
-82.262636999999998
0
LINE
8
BLACK
6
CONTINUOUS
10
199.4215629999999919
20
-82.262636999999998
11
199.5475569999999834
21
-82.2809620000000024
0
LINE
8
BLACK
6
CONTINUOUS
10
199.5475569999999834
20
-82.2809620000000024
11
199.6254879999999901
21
-82.3226469999999892
0
LINE
8
BLACK
6
CONTINUOUS
10
199.6254879999999901
20
-82.3226469999999892
11
199.6702949999999817
21
-82.3846810000000005
0
LINE
8
BLACK
6
CONTINUOUS
10
199.6702949999999817
20
-82.3846810000000005
11
199.6863219999999899
21
-82.4736630000000019
0
LINE
8
BLACK
6
CONTINUOUS
10
199.6863219999999899
20
-82.4736630000000019
11
199.6710159999999803
21
-82.5642569999999978
0
LINE
8
BLACK
6
CONTINUOUS
10
199.6710159999999803
20
-82.5642569999999978
11
199.6289249999999811
21
-82.6262320000000017
0
LINE
8
BLACK
6
CONTINUOUS
10
199.6289249999999811
20
-82.6262320000000017
11
199.5573819999999898
21
-82.6669869999999918
0
LINE
8
BLACK
6
CONTINUOUS
10
199.5573819999999898
20
-82.6669869999999918
11
199.4437889999999811
21
-82.6846889999999917
0
LINE
8
BLACK
6
CONTINUOUS
10
199.4437889999999811
20
-82.6846889999999917
11
199.3369449999999858
21
-82.6992850000000033
0
LINE
8
BLACK
6
CONTINUOUS
10
199.3369449999999858
20
-82.6992850000000033
11
199.2952889999999968
21
-82.7215699999999998
0
LINE
8
BLACK
6
CONTINUOUS
10
199.2952889999999968
20
-82.7215699999999998
11
199.2761759999999924
21
-82.7662509999999969
0
LINE
8
BLACK
6
CONTINUOUS
10
199.2761759999999924
20
-82.7662509999999969
11
199.2667129999999815
21
-82.8847239999999914
0
LINE
8
BLACK
6
CONTINUOUS
10
199.2667129999999815
20
-82.8847239999999914
11
199.2667129999999815
21
-83.0026929999999936
0
LINE
8
BLACK
6
CONTINUOUS
10
199.2667129999999815
20
-83.0026929999999936
11
199.2766619999999875
21
-83.1233719999999892
0
LINE
8
BLACK
6
CONTINUOUS
10
199.2766619999999875
20
-83.1233719999999892
11
199.2987090000000023
21
-83.1807459999999992
0
LINE
8
BLACK
6
CONTINUOUS
10
199.2987090000000023
20
-83.1807459999999992
11
199.3441449999999975
21
-83.2178550000000001
0
LINE
8
BLACK
6
CONTINUOUS
10
199.3441449999999975
20
-83.2178550000000001
11
199.4454979999999864
21
-83.2532860000000028
0
LINE
8
BLACK
6
CONTINUOUS
10
199.4454979999999864
20
-83.2532860000000028
11
199.5510179999999991
21
-83.2977860000000021
0
LINE
8
BLACK
6
CONTINUOUS
10
199.5510179999999991
20
-83.2977860000000021
11
199.6010809999999935
21
-83.3463429999999903
0
LINE
8
BLACK
6
CONTINUOUS
10
199.6010809999999935
20
-83.3463429999999903
11
199.6250320000000045
21
-83.4193379999999962
0
LINE
8
BLACK
6
CONTINUOUS
10
199.6250320000000045
20
-83.4193379999999962
11
199.6360080000000039
21
-83.5754429999999928
0
LINE
8
BLACK
6
CONTINUOUS
10
199.6360080000000039
20
-83.5754429999999928
11
199.6360080000000039
21
-84.4346889999999917
0
LINE
8
BLACK
6
CONTINUOUS
10
199.6360080000000039
20
-84.4346889999999917
11
199.6218419999999867
21
-84.6752680000000026
0
LINE
8
BLACK
6
CONTINUOUS
10
199.6218419999999867
20
-84.6752680000000026
11
199.5992109999999968
21
-84.7624929999999921
0
LINE
8
BLACK
6
CONTINUOUS
10
199.5992109999999968
20
-84.7624929999999921
11
199.5641999999999996
21
-84.8245009999999979
0
LINE
8
BLACK
6
CONTINUOUS
10
199.5641999999999996
20
-84.8245009999999979
11
199.5138299999999845
21
-84.8704939999999937
0
LINE
8
BLACK
6
CONTINUOUS
10
199.5138299999999845
20
-84.8704939999999937
11
199.4462309999999832
21
-84.8999719999999911
0
LINE
8
BLACK
6
CONTINUOUS
10
199.4462309999999832
20
-84.8999719999999911
11
199.253278999999992
21
-84.9200000000000017
0
LINE
8
BLACK
6
CONTINUOUS
10
199.253278999999992
20
-84.9200000000000017
11
199.0904079999999965
21
-84.9105319999999892
0
LINE
8
BLACK
6
CONTINUOUS
10
199.0904079999999965
20
-84.9105319999999892
11
198.9978009999999813
21
-84.8882479999999902
0
LINE
8
BLACK
6
CONTINUOUS
10
198.9978009999999813
20
-84.8882479999999902
11
198.928481000000005
21
-84.8425209999999907
0
LINE
8
BLACK
6
CONTINUOUS
10
198.928481000000005
20
-84.8425209999999907
11
198.8769010000000037
21
-84.7639279999999928
0
LINE
8
BLACK
6
CONTINUOUS
10
198.8769010000000037
20
-84.7639279999999928
11
198.8480799999999817
21
-84.6523090000000025
0
LINE
8
BLACK
6
CONTINUOUS
10
198.8480799999999817
20
-84.6523090000000025
11
198.8424629999999809
21
-84.4346889999999917
0
LINE
8
BLACK
6
CONTINUOUS
10
198.8424629999999809
20
-84.4346889999999917
11
198.8424629999999809
21
-82.9186739999999958
0
LINE
8
BLACK
6
CONTINUOUS
10
198.8424629999999809
20
-82.9186739999999958
11
198.8370899999999892
21
-82.823174999999992
0
LINE
8
BLACK
6
CONTINUOUS
10
198.8370899999999892
20
-82.823174999999992
11
198.8298949999999934
21
-82.7551359999999931
0
LINE
8
BLACK
6
CONTINUOUS
10
198.8298949999999934
20
-82.7551359999999931
11
198.8138859999999966
21
-82.7242559999999969
0
LINE
8
BLACK
6
CONTINUOUS
10
198.8138859999999966
20
-82.7242559999999969
11
198.7208299999999781
21
-82.69030699999999
0
LINE
8
BLACK
6
CONTINUOUS
10
198.7208299999999781
20
-82.69030699999999
11
198.6485339999999837
21
-82.6846889999999917
0
LINE
8
BLACK
6
CONTINUOUS
10
198.6485339999999837
20
-82.6846889999999917
11
198.5210390000000018
21
-82.6511649999999918
0
LINE
8
BLACK
6
CONTINUOUS
10
198.5210390000000018
20
-82.6511649999999918
11
198.4526390000000049
21
-82.5839780000000019
0
LINE
8
BLACK
6
CONTINUOUS
10
198.4526390000000049
20
-82.5839780000000019
11
198.4284710000000018
21
-82.4763499999999965
0
LINE
8
BLACK
6
CONTINUOUS
10
198.4284710000000018
20
-82.4763499999999965
11
198.4441180000000031
21
-82.3816130000000015
0
LINE
8
BLACK
6
CONTINUOUS
10
198.4441180000000031
20
-82.3816130000000015
11
198.4866519999999923
21
-82.3183250000000015
0
LINE
8
BLACK
6
CONTINUOUS
10
198.4866519999999923
20
-82.3183250000000015
11
198.5581849999999804
21
-82.2781069999999914
0
LINE
8
BLACK
6
CONTINUOUS
10
198.5581849999999804
20
-82.2781069999999914
11
198.6712489999999889
21
-82.262636999999998
0
LINE
8
BLACK
6
CONTINUOUS
10
198.6712489999999889
20
-82.262636999999998
11
198.7660149999999817
21
-82.2548219999999901
0
LINE
8
BLACK
6
CONTINUOUS
10
198.7660149999999817
20
-82.2548219999999901
11
198.8160849999999868
21
-82.2181849999999912
0
LINE
8
BLACK
6
CONTINUOUS
10
198.8160849999999868
20
-82.2181849999999912
11
198.8370899999999892
21
-82.1317229999999938
0
LINE
8
BLACK
6
CONTINUOUS
10
198.8370899999999892
20
-82.1317229999999938
11
198.8424629999999809
21
-81.9732099999999946
0
LINE
8
BLACK
6
CONTINUOUS
10
198.8424629999999809
20
-81.9732099999999946
11
198.8424629999999809
21
-81.6647310000000033
0
LINE
8
BLACK
6
CONTINUOUS
10
198.8424629999999809
20
-81.6647310000000033
11
198.8565930000000037
21
-81.4821799999999996
0
LINE
8
BLACK
6
CONTINUOUS
10
198.8565930000000037
20
-81.4821799999999996
11
198.8888689999999997
21
-81.3877590000000026
0
LINE
8
BLACK
6
CONTINUOUS
10
198.8888689999999997
20
-81.3877590000000026
11
198.9510070000000042
21
-81.3303689999999904
0
LINE
8
BLACK
6
CONTINUOUS
10
198.9510070000000042
20
-81.3303689999999904
11
199.0573969999999804
21
-81.3091129999999964
0
LINE
8
BLACK
6
CONTINUOUS
10
199.0573969999999804
20
-81.3091129999999964
11
199.1639959999999974
21
-81.3298410000000018
0
LINE
8
BLACK
6
CONTINUOUS
10
203.6197279999999807
20
-81.1735159999999922
11
203.6792039999999986
21
-81.2285129999999924
0
LINE
8
BLACK
6
CONTINUOUS
10
203.6792039999999986
20
-81.2285129999999924
11
203.7094929999999806
21
-81.3203749999999985
0
LINE
8
BLACK
6
CONTINUOUS
10
203.7094929999999806
20
-81.3203749999999985
11
203.7229229999999802
21
-81.5025539999999893
0
LINE
8
BLACK
6
CONTINUOUS
10
203.7229229999999802
20
-81.5025539999999893
11
203.7229229999999802
21
-82.0125329999999906
0
LINE
8
BLACK
6
CONTINUOUS
10
203.7229229999999802
20
-82.0125329999999906
11
203.7382399999999905
21
-82.1460359999999952
0
LINE
8
BLACK
6
CONTINUOUS
10
203.7382399999999905
20
-82.1460359999999952
11
203.7737259999999822
21
-82.2118349999999936
0
LINE
8
BLACK
6
CONTINUOUS
10
203.7737259999999822
20
-82.2118349999999936
11
203.8399409999999818
21
-82.2471740000000011
0
LINE
8
BLACK
6
CONTINUOUS
10
203.8399409999999818
20
-82.2471740000000011
11
203.9781569999999817
21
-82.262636999999998
0
LINE
8
BLACK
6
CONTINUOUS
10
203.9781569999999817
20
-82.262636999999998
11
204.9294830000000047
21
-82.262636999999998
0
LINE
8
BLACK
6
CONTINUOUS
10
204.9294830000000047
20
-82.262636999999998
11
205.1554079999999942
21
-82.2770479999999935
0
LINE
8
BLACK
6
CONTINUOUS
10
205.1554079999999942
20
-82.2770479999999935
11
205.2336909999999932
21
-82.3009449999999987
0
LINE
8
BLACK
6
CONTINUOUS
10
205.2336909999999932
20
-82.3009449999999987
11
205.2902299999999798
21
-82.340795
0
LINE
8
BLACK
6
CONTINUOUS
10
205.2902299999999798
20
-82.340795
11
205.3299379999999985
21
-82.3977280000000007
0
LINE
8
BLACK
6
CONTINUOUS
10
205.3299379999999985
20
-82.3977280000000007
11
205.3539769999999862
21
-82.4785479999999893
0
LINE
8
BLACK
6
CONTINUOUS
10
205.3539769999999862
20
-82.4785479999999893
11
205.3681430000000034
21
-82.7135099999999994
0
LINE
8
BLACK
6
CONTINUOUS
10
205.3681430000000034
20
-82.7135099999999994
11
205.3681430000000034
21
-84.5643819999999948
0
LINE
8
BLACK
6
CONTINUOUS
10
205.3681430000000034
20
-84.5643819999999948
11
205.3540209999999888
21
-84.7469669999999979
0
LINE
8
BLACK
6
CONTINUOUS
10
205.3540209999999888
20
-84.7469669999999979
11
205.3217369999999846
21
-84.8415979999999905
0
LINE
8
BLACK
6
CONTINUOUS
10
205.3217369999999846
20
-84.8415979999999905
11
205.2597879999999861
21
-84.8987769999999955
0
LINE
8
BLACK
6
CONTINUOUS
10
205.2597879999999861
20
-84.8987769999999955
11
205.1532100000000014
21
-84.9200000000000017
0
LINE
8
BLACK
6
CONTINUOUS
10
205.1532100000000014
20
-84.9200000000000017
11
205.0468999999999937
21
-84.8993159999999989
0
LINE
8
BLACK
6
CONTINUOUS
10
205.0468999999999937
20
-84.8993159999999989
11
204.9876129999999819
21
-84.8445279999999968
0
LINE
8
BLACK
6
CONTINUOUS
10
204.9876129999999819
20
-84.8445279999999968
11
204.9574959999999919
21
-84.7526849999999996
0
LINE
8
BLACK
6
CONTINUOUS
10
204.9574959999999919
20
-84.7526849999999996
11
204.944137999999981
21
-84.5704879999999974
0
LINE
8
BLACK
6
CONTINUOUS
10
204.944137999999981
20
-84.5704879999999974
11
204.944137999999981
21
-82.9738720000000001
0
LINE
8
BLACK
6
CONTINUOUS
10
204.944137999999981
20
-82.9738720000000001
11
204.9278599999999813
21
-82.8058359999999993
0
LINE
8
BLACK
6
CONTINUOUS
10
204.9278599999999813
20
-82.8058359999999993
11
204.8930909999999983
21
-82.7357360000000028
0
LINE
8
BLACK
6
CONTINUOUS
10
204.8930909999999983
20
-82.7357360000000028
11
204.823018999999988
21
-82.7009619999999899
0
LINE
8
BLACK
6
CONTINUOUS
10
204.823018999999988
20
-82.7009619999999899
11
204.6551979999999844
21
-82.6846889999999917
0
LINE
8
BLACK
6
CONTINUOUS
10
204.6551979999999844
20
-82.6846889999999917
11
204.0172359999999969
21
-82.6846889999999917
0
LINE
8
BLACK
6
CONTINUOUS
10
204.0172359999999969
20
-82.6846889999999917
11
203.8494159999999908
21
-82.7009619999999899
0
LINE
8
BLACK
6
CONTINUOUS
10
203.8494159999999908
20
-82.7009619999999899
11
203.7793439999999805
21
-82.7357360000000028
0
LINE
8
BLACK
6
CONTINUOUS
10
203.7793439999999805
20
-82.7357360000000028
11
203.7447489999999846
21
-82.8058059999999898
0
LINE
8
BLACK
6
CONTINUOUS
10
203.7447489999999846
20
-82.8058059999999898
11
203.7285409999999786
21
-82.9738720000000001
0
LINE
8
BLACK
6
CONTINUOUS
10
203.7285409999999786
20
-82.9738720000000001
11
203.7285409999999786
21
-83.130675999999994
0
LINE
8
BLACK
6
CONTINUOUS
10
203.7285409999999786
20
-83.130675999999994
11
203.738490999999982
21
-83.2508880000000033
0
LINE
8
BLACK
6
CONTINUOUS
10
203.738490999999982
20
-83.2508880000000033
11
203.7605369999999994
21
-83.3079970000000003
0
LINE
8
BLACK
6
CONTINUOUS
10
203.7605369999999994
20
-83.3079970000000003
11
203.8059700000000021
21
-83.3451529999999963
0
LINE
8
BLACK
6
CONTINUOUS
10
203.8059700000000021
20
-83.3451529999999963
11
203.9073269999999809
21
-83.3807809999999989
0
LINE
8
BLACK
6
CONTINUOUS
10
203.9073269999999809
20
-83.3807809999999989
11
204.0128770000000031
21
-83.4252290000000016
0
LINE
8
BLACK
6
CONTINUOUS
10
204.0128770000000031
20
-83.4252290000000016
11
204.0629089999999906
21
-83.4735929999999939
0
LINE
8
BLACK
6
CONTINUOUS
10
204.0629089999999906
20
-83.4735929999999939
11
204.0868559999999832
21
-83.5463489999999922
0
LINE
8
BLACK
6
CONTINUOUS
10
204.0868559999999832
20
-83.5463489999999922
11
204.0978360000000009
21
-83.7022049999999922
0
LINE
8
BLACK
6
CONTINUOUS
10
204.0978360000000009
20
-83.7022049999999922
11
204.0978360000000009
21
-84.4359099999999927
0
LINE
8
BLACK
6
CONTINUOUS
10
204.0978360000000009
20
-84.4359099999999927
11
204.0836699999999837
21
-84.6760009999999994
0
LINE
8
BLACK
6
CONTINUOUS
10
204.0836699999999837
20
-84.6760009999999994
11
204.0610389999999938
21
-84.7629739999999998
0
LINE
8
BLACK
6
CONTINUOUS
10
204.0610389999999938
20
-84.7629739999999998
11
204.0260289999999941
21
-84.824744999999993
0
LINE
8
BLACK
6
CONTINUOUS
10
204.0260289999999941
20
-84.824744999999993
11
203.9756789999999853
21
-84.8705429999999978
0
LINE
8
BLACK
6
CONTINUOUS
10
203.9756789999999853
20
-84.8705429999999978
11
203.9080599999999777
21
-84.8999719999999911
0
LINE
8
BLACK
6
CONTINUOUS
10
203.9080599999999777
20
-84.8999719999999911
11
203.7151079999999865
21
-84.9200000000000017
0
LINE
8
BLACK
6
CONTINUOUS
10
203.7151079999999865
20
-84.9200000000000017
11
203.5476689999999849
21
-84.9103949999999941
0
LINE
8
BLACK
6
CONTINUOUS
10
203.5476689999999849
20
-84.9103949999999941
11
203.4569429999999954
21
-84.8882479999999902
0
LINE
8
BLACK
6
CONTINUOUS
10
203.4569429999999954
20
-84.8882479999999902
11
203.388811000000004
21
-84.843001000000001
0
LINE
8
BLACK
6
CONTINUOUS
10
203.388811000000004
20
-84.843001000000001
11
203.3331119999999999
21
-84.7641729999999995
0
LINE
8
BLACK
6
CONTINUOUS
10
203.3331119999999999
20
-84.7641729999999995
11
203.3042909999999779
21
-84.652553999999995
0
LINE
8
BLACK
6
CONTINUOUS
10
203.3042909999999779
20
-84.652553999999995
11
203.298673999999977
21
-84.4354220000000026
0
LINE
8
BLACK
6
CONTINUOUS
10
203.298673999999977
20
-84.4354220000000026
11
203.298673999999977
21
-81.5027979999999985
0
LINE
8
BLACK
6
CONTINUOUS
10
203.298673999999977
20
-81.5027979999999985
11
203.3128909999999792
21
-81.3206189999999935
0
LINE
8
BLACK
6
CONTINUOUS
10
203.3128909999999792
20
-81.3206189999999935
11
203.3450799999999958
21
-81.2285129999999924
0
LINE
8
BLACK
6
CONTINUOUS
10
203.3450799999999958
20
-81.2285129999999924
11
203.4069079999999872
21
-81.1734089999999924
0
LINE
8
BLACK
6
CONTINUOUS
10
203.4069079999999872
20
-81.1734089999999924
11
203.5136069999999791
21
-81.15279799999999
0
LINE
8
BLACK
6
CONTINUOUS
10
203.5136069999999791
20
-81.15279799999999
11
203.6197279999999807
21
-81.1735159999999922
0
LINE
8
BLACK
6
CONTINUOUS
10
208.9468159999999841
20
-76.6445659999999975
11
208.9792879999999968
21
-76.677037999999996
0
LINE
8
BLACK
6
CONTINUOUS
10
208.9792879999999968
20
-76.677037999999996
11
208.9792879999999968
21
-76.7229600000000005
0
LINE
8
BLACK
6
CONTINUOUS
10
208.9792879999999968
20
-76.7229600000000005
11
208.9468159999999841
21
-76.755431999999999
0
LINE
8
BLACK
6
CONTINUOUS
10
208.9468159999999841
20
-76.755431999999999
11
208.9238550000000032
21
-76.7599989999999934
0
LINE
8
BLACK
6
CONTINUOUS
10
208.9238550000000032
20
-76.7599989999999934
11
208.1238549999999918
21
-76.7599989999999934
0
LINE
8
BLACK
6
CONTINUOUS
10
208.1238549999999918
20
-76.7599989999999934
11
208.1008939999999825
21
-76.755431999999999
0
LINE
8
BLACK
6
CONTINUOUS
10
208.1008939999999825
20
-76.755431999999999
11
208.0684219999999982
21
-76.7229600000000005
0
LINE
8
BLACK
6
CONTINUOUS
10
208.0684219999999982
20
-76.7229600000000005
11
208.0684219999999982
21
-76.677037999999996
0
LINE
8
BLACK
6
CONTINUOUS
10
208.0684219999999982
20
-76.677037999999996
11
208.1008939999999825
21
-76.6445659999999975
0
LINE
8
BLACK
6
CONTINUOUS
10
208.1008939999999825
20
-76.6445659999999975
11
208.1238549999999918
21
-76.6399990000000031
0
LINE
8
BLACK
6
CONTINUOUS
10
208.1238549999999918
20
-76.6399990000000031
11
208.9238550000000032
21
-76.6399990000000031
0
LINE
8
BLACK
6
CONTINUOUS
10
208.9238550000000032
20
-76.6399990000000031
11
208.9468159999999841
21
-76.6445659999999975
0
LINE
8
BLACK
6
CONTINUOUS
10
211.4868160000000046
20
-76.6445659999999975
11
211.5192879999999889
21
-76.677037999999996
0
LINE
8
BLACK
6
CONTINUOUS
10
211.5192879999999889
20
-76.677037999999996
11
211.5192879999999889
21
-76.7229600000000005
0
LINE
8
BLACK
6
CONTINUOUS
10
211.5192879999999889
20
-76.7229600000000005
11
211.4868160000000046
21
-76.755431999999999
0
LINE
8
BLACK
6
CONTINUOUS
10
211.4868160000000046
20
-76.755431999999999
11
211.4638549999999952
21
-76.7599989999999934
0
LINE
8
BLACK
6
CONTINUOUS
10
211.4638549999999952
20
-76.7599989999999934
11
210.6638549999999839
21
-76.7599989999999934
0
LINE
8
BLACK
6
CONTINUOUS
10
210.6638549999999839
20
-76.7599989999999934
11
210.640894000000003
21
-76.755431999999999
0
LINE
8
BLACK
6
CONTINUOUS
10
210.640894000000003
20
-76.755431999999999
11
210.6084219999999902
21
-76.7229600000000005
0
LINE
8
BLACK
6
CONTINUOUS
10
210.6084219999999902
20
-76.7229600000000005
11
210.6084219999999902
21
-76.677037999999996
0
LINE
8
BLACK
6
CONTINUOUS
10
210.6084219999999902
20
-76.677037999999996
11
210.640894000000003
21
-76.6445659999999975
0
LINE
8
BLACK
6
CONTINUOUS
10
210.640894000000003
20
-76.6445659999999975
11
210.6638549999999839
21
-76.6399990000000031
0
LINE
8
BLACK
6
CONTINUOUS
10
210.6638549999999839
20
-76.6399990000000031
11
211.4638549999999952
21
-76.6399990000000031
0
LINE
8
BLACK
6
CONTINUOUS
10
211.4638549999999952
20
-76.6399990000000031
11
211.4868160000000046
21
-76.6445659999999975
0
LINE
8
BLACK
6
CONTINUOUS
10
214.0268159999999966
20
-76.6445659999999975
11
214.0592879999999809
21
-76.677037999999996
0
LINE
8
BLACK
6
CONTINUOUS
10
214.0592879999999809
20
-76.677037999999996
11
214.0592879999999809
21
-76.7229600000000005
0
LINE
8
BLACK
6
CONTINUOUS
10
214.0592879999999809
20
-76.7229600000000005
11
214.0268159999999966
21
-76.755431999999999
0
LINE
8
BLACK
6
CONTINUOUS
10
214.0268159999999966
20
-76.755431999999999
11
214.0038549999999873
21
-76.7599989999999934
0
LINE
8
BLACK
6
CONTINUOUS
10
214.0038549999999873
20
-76.7599989999999934
11
213.2038550000000043
21
-76.7599989999999934
0
LINE
8
BLACK
6
CONTINUOUS
10
213.2038550000000043
20
-76.7599989999999934
11
213.180893999999995
21
-76.755431999999999
0
LINE
8
BLACK
6
CONTINUOUS
10
213.180893999999995
20
-76.755431999999999
11
213.1484219999999823
21
-76.7229600000000005
0
LINE
8
BLACK
6
CONTINUOUS
10
213.1484219999999823
20
-76.7229600000000005
11
213.1484219999999823
21
-76.677037999999996
0
LINE
8
BLACK
6
CONTINUOUS
10
213.1484219999999823
20
-76.677037999999996
11
213.180893999999995
21
-76.6445659999999975
0
LINE
8
BLACK
6
CONTINUOUS
10
213.180893999999995
20
-76.6445659999999975
11
213.2038550000000043
21
-76.6399990000000031
0
LINE
8
BLACK
6
CONTINUOUS
10
213.2038550000000043
20
-76.6399990000000031
11
214.0038549999999873
21
-76.6399990000000031
0
LINE
8
BLACK
6
CONTINUOUS
10
214.0038549999999873
20
-76.6399990000000031
11
214.0268159999999966
21
-76.6445659999999975
0
LINE
8
BLACK
6
CONTINUOUS
10
216.5668159999999887
20
-76.6445659999999975
11
216.5992880000000014
21
-76.677037999999996
0
LINE
8
BLACK
6
CONTINUOUS
10
216.5992880000000014
20
-76.677037999999996
11
216.5992880000000014
21
-76.7229600000000005
0
LINE
8
BLACK
6
CONTINUOUS
10
216.5992880000000014
20
-76.7229600000000005
11
216.5668159999999887
21
-76.755431999999999
0
LINE
8
BLACK
6
CONTINUOUS
10
216.5668159999999887
20
-76.755431999999999
11
216.5438549999999793
21
-76.7599989999999934
0
LINE
8
BLACK
6
CONTINUOUS
10
216.5438549999999793
20
-76.7599989999999934
11
215.7438549999999964
21
-76.7599989999999934
0
LINE
8
BLACK
6
CONTINUOUS
10
215.7438549999999964
20
-76.7599989999999934
11
215.720893999999987
21
-76.755431999999999
0
LINE
8
BLACK
6
CONTINUOUS
10
215.720893999999987
20
-76.755431999999999
11
215.6884220000000028
21
-76.7229600000000005
0
LINE
8
BLACK
6
CONTINUOUS
10
215.6884220000000028
20
-76.7229600000000005
11
215.6884220000000028
21
-76.677037999999996
0
LINE
8
BLACK
6
CONTINUOUS
10
215.6884220000000028
20
-76.677037999999996
11
215.720893999999987
21
-76.6445659999999975
0
LINE
8
BLACK
6
CONTINUOUS
10
215.720893999999987
20
-76.6445659999999975
11
215.7438549999999964
21
-76.6399990000000031
0
LINE
8
BLACK
6
CONTINUOUS
10
215.7438549999999964
20
-76.6399990000000031
11
216.5438549999999793
21
-76.6399990000000031
0
LINE
8
BLACK
6
CONTINUOUS
10
216.5438549999999793
20
-76.6399990000000031
11
216.5668159999999887
21
-76.6445659999999975
0
LINE
8
BLACK
6
CONTINUOUS
10
219.1068159999999807
20
-76.6445659999999975
11
219.1392879999999934
21
-76.677037999999996
0
LINE
8
BLACK
6
CONTINUOUS
10
219.1392879999999934
20
-76.677037999999996
11
219.1392879999999934
21
-76.7229600000000005
0
LINE
8
BLACK
6
CONTINUOUS
10
219.1392879999999934
20
-76.7229600000000005
11
219.1068159999999807
21
-76.755431999999999
0
LINE
8
BLACK
6
CONTINUOUS
10
219.1068159999999807
20
-76.755431999999999
11
219.0838549999999998
21
-76.7599989999999934
0
LINE
8
BLACK
6
CONTINUOUS
10
219.0838549999999998
20
-76.7599989999999934
11
218.2838549999999884
21
-76.7599989999999934
0
LINE
8
BLACK
6
CONTINUOUS
10
218.2838549999999884
20
-76.7599989999999934
11
218.2608939999999791
21
-76.755431999999999
0
LINE
8
BLACK
6
CONTINUOUS
10
218.2608939999999791
20
-76.755431999999999
11
218.2284219999999948
21
-76.7229600000000005
0
LINE
8
BLACK
6
CONTINUOUS
10
218.2284219999999948
20
-76.7229600000000005
11
218.2284219999999948
21
-76.677037999999996
0
LINE
8
BLACK
6
CONTINUOUS
10
218.2284219999999948
20
-76.677037999999996
11
218.2608939999999791
21
-76.6445659999999975
0
LINE
8
BLACK
6
CONTINUOUS
10
218.2608939999999791
20
-76.6445659999999975
11
218.2838549999999884
21
-76.6399990000000031
0
LINE
8
BLACK
6
CONTINUOUS
10
218.2838549999999884
20
-76.6399990000000031
11
219.0838549999999998
21
-76.6399990000000031
0
LINE
8
BLACK
6
CONTINUOUS
10
219.0838549999999998
20
-76.6399990000000031
11
219.1068159999999807
21
-76.6445659999999975
0
LINE
8
BLACK
6
CONTINUOUS
10
208.6643949999999847
20
-75.7652420000000006
11
208.6717399999999998
21
-75.7655999999999921
0
LINE
8
BLACK
6
CONTINUOUS
10
208.6717399999999998
20
-75.7655999999999921
11
208.824120999999991
21
-75.8036960000000022
0
LINE
8
BLACK
6
CONTINUOUS
10
208.824120999999991
20
-75.8036960000000022
11
208.8299959999999942
21
-75.8064710000000019
0
LINE
8
BLACK
6
CONTINUOUS
10
208.8299959999999942
20
-75.8064710000000019
11
208.8325299999999913
21
-75.8064710000000019
0
LINE
8
BLACK
6
CONTINUOUS
10
208.8325299999999913
20
-75.8064710000000019
11
208.838641999999993
21
-75.8105549999999937
0
LINE
8
BLACK
6
CONTINUOUS
10
208.838641999999993
20
-75.8105549999999937
11
208.8452889999999798
21
-75.8136949999999956
0
LINE
8
BLACK
6
CONTINUOUS
10
208.8452889999999798
20
-75.8136949999999956
11
208.8465919999999869
21
-75.8158679999999947
0
LINE
8
BLACK
6
CONTINUOUS
10
208.8465919999999869
20
-75.8158679999999947
11
208.8519949999999881
21
-75.8194779999999895
0
LINE
8
BLACK
6
CONTINUOUS
10
208.8519949999999881
20
-75.8194779999999895
11
208.9281859999999824
21
-75.8956680000000006
0
LINE
8
BLACK
6
CONTINUOUS
10
208.9281859999999824
20
-75.8956680000000006
11
208.9335279999999955
21
-75.9036629999999946
0
LINE
8
BLACK
6
CONTINUOUS
10
208.9335279999999955
20
-75.9036629999999946
11
208.9394259999999974
21
-75.9112619999999936
0
LINE
8
BLACK
6
CONTINUOUS
10
208.9394259999999974
20
-75.9112619999999936
11
208.9775209999999959
21
-75.9874519999999904
0
LINE
8
BLACK
6
CONTINUOUS
10
208.9775209999999959
20
-75.9874519999999904
11
208.9783139999999833
21
-75.9903499999999923
0
LINE
8
BLACK
6
CONTINUOUS
10
208.9783139999999833
20
-75.9903499999999923
11
208.9792879999999968
21
-75.9913239999999917
0
LINE
8
BLACK
6
CONTINUOUS
10
208.9792879999999968
20
-75.9913239999999917
11
208.9811639999999784
21
-76.0007559999999955
0
LINE
8
BLACK
6
CONTINUOUS
10
208.9811639999999784
20
-76.0007559999999955
11
208.9837039999999888
21
-76.0100319999999954
0
LINE
8
BLACK
6
CONTINUOUS
10
208.9837039999999888
20
-76.0100319999999954
11
208.9832679999999812
21
-76.0113369999999975
0
LINE
8
BLACK
6
CONTINUOUS
10
208.9832679999999812
20
-76.0113369999999975
11
208.9838549999999771
21
-76.014285000000001
0
LINE
8
BLACK
6
CONTINUOUS
10
208.9838549999999771
20
-76.014285000000001
11
208.9838549999999771
21
-76.1666659999999922
0
LINE
8
BLACK
6
CONTINUOUS
10
208.9838549999999771
20
-76.1666659999999922
11
208.9832679999999812
21
-76.1696129999999982
0
LINE
8
BLACK
6
CONTINUOUS
10
208.9832679999999812
20
-76.1696129999999982
11
208.9837039999999888
21
-76.1709189999999978
0
LINE
8
BLACK
6
CONTINUOUS
10
208.9837039999999888
20
-76.1709189999999978
11
208.9811639999999784
21
-76.180191999999991
0
LINE
8
BLACK
6
CONTINUOUS
10
208.9811639999999784
20
-76.180191999999991
11
208.9792879999999968
21
-76.1896270000000015
0
LINE
8
BLACK
6
CONTINUOUS
10
208.9792879999999968
20
-76.1896270000000015
11
208.9783139999999833
21
-76.1906000000000034
0
LINE
8
BLACK
6
CONTINUOUS
10
208.9783139999999833
20
-76.1906000000000034
11
208.9775209999999959
21
-76.1934979999999911
0
LINE
8
BLACK
6
CONTINUOUS
10
208.9775209999999959
20
-76.1934979999999911
11
208.9394259999999974
21
-76.2696899999999971
0
LINE
8
BLACK
6
CONTINUOUS
10
208.9394259999999974
20
-76.2696899999999971
11
208.9335229999999797
21
-76.2772949999999952
0
LINE
8
BLACK
6
CONTINUOUS
10
208.9335229999999797
20
-76.2772949999999952
11
208.9281859999999824
21
-76.2852829999999926
0
LINE
8
BLACK
6
CONTINUOUS
10
208.9281859999999824
20
-76.2852829999999926
11
208.8519949999999881
21
-76.3614740000000012
0
LINE
8
BLACK
6
CONTINUOUS
10
208.8519949999999881
20
-76.3614740000000012
11
208.8465919999999869
21
-76.365083999999996
0
LINE
8
BLACK
6
CONTINUOUS
10
208.8465919999999869
20
-76.365083999999996
11
208.8452889999999798
21
-76.3672559999999976
0
LINE
8
BLACK
6
CONTINUOUS
10
208.8452889999999798
20
-76.3672559999999976
11
208.8386429999999905
21
-76.370395000000002
0
LINE
8
BLACK
6
CONTINUOUS
10
208.8386429999999905
20
-76.370395000000002
11
208.8325299999999913
21
-76.3744799999999913
0
LINE
8
BLACK
6
CONTINUOUS
10
208.8325299999999913
20
-76.3744799999999913
11
208.8299959999999942
21
-76.3744799999999913
0
LINE
8
BLACK
6
CONTINUOUS
10
208.8299959999999942
20
-76.3744799999999913
11
208.824120999999991
21
-76.377254999999991
0
LINE
8
BLACK
6
CONTINUOUS
10
208.824120999999991
20
-76.377254999999991
11
208.6717399999999998
21
-76.4153510000000011
0
LINE
8
BLACK
6
CONTINUOUS
10
208.6717399999999998
20
-76.4153510000000011
11
208.6643990000000031
21
-76.4157079999999951
0
LINE
8
BLACK
6
CONTINUOUS
10
208.6643990000000031
20
-76.4157079999999951
11
208.6571879999999908
21
-76.4171429999999958
0
LINE
8
BLACK
6
CONTINUOUS
10
208.6571879999999908
20
-76.4171429999999958
11
208.3905209999999784
21
-76.4171429999999958
0
LINE
8
BLACK
6
CONTINUOUS
10
208.3905209999999784
20
-76.4171429999999958
11
208.3833129999999869
21
-76.4157089999999926
0
LINE
8
BLACK
6
CONTINUOUS
10
208.3833129999999869
20
-76.4157089999999926
11
208.3759689999999978
21
-76.4153519999999986
0
LINE
8
BLACK
6
CONTINUOUS
10
208.3759689999999978
20
-76.4153519999999986
11
208.2235879999999781
21
-76.377254999999991
0
LINE
8
BLACK
6
CONTINUOUS
10
208.2235879999999781
20
-76.377254999999991
11
208.2177130000000034
21
-76.3744799999999913
0
LINE
8
BLACK
6
CONTINUOUS
10
208.2177130000000034
20
-76.3744799999999913
11
208.2151789999999778
21
-76.3744799999999913
0
LINE
8
BLACK
6
CONTINUOUS
10
208.2151789999999778
20
-76.3744799999999913
11
208.2090659999999787
21
-76.370395000000002
0
LINE
8
BLACK
6
CONTINUOUS
10
208.2090659999999787
20
-76.370395000000002
11
208.2024199999999894
21
-76.3672559999999976
0
LINE
8
BLACK
6
CONTINUOUS
10
208.2024199999999894
20
-76.3672559999999976
11
208.2011159999999848
21
-76.365082000000001
0
LINE
8
BLACK
6
CONTINUOUS
10
208.2011159999999848
20
-76.365082000000001
11
208.1957139999999811
21
-76.3614729999999895
0
LINE
8
BLACK
6
CONTINUOUS
10
208.1957139999999811
20
-76.3614729999999895
11
208.1195239999999842
21
-76.2852829999999926
0
LINE
8
BLACK
6
CONTINUOUS
10
208.1195239999999842
20
-76.2852829999999926
11
208.1141859999999895
21
-76.2772949999999952
0
LINE
8
BLACK
6
CONTINUOUS
10
208.1141859999999895
20
-76.2772949999999952
11
208.1082839999999976
21
-76.2696899999999971
0
LINE
8
BLACK
6
CONTINUOUS
10
208.1082839999999976
20
-76.2696899999999971
11
208.0701889999999992
21
-76.1934990000000028
0
LINE
8
BLACK
6
CONTINUOUS
10
208.0701889999999992
20
-76.1934990000000028
11
208.0693949999999859
21
-76.1906000000000034
0
LINE
8
BLACK
6
CONTINUOUS
10
208.0693949999999859
20
-76.1906000000000034
11
208.0684219999999982
21
-76.1896270000000015
0
LINE
8
BLACK
6
CONTINUOUS
10
208.0684219999999982
20
-76.1896270000000015
11
208.0665449999999908
21
-76.1801940000000002
0
LINE
8
BLACK
6
CONTINUOUS
10
208.0665449999999908
20
-76.1801940000000002
11
208.0640059999999778
21
-76.1709189999999978
0
LINE
8
BLACK
6
CONTINUOUS
10
208.0640059999999778
20
-76.1709189999999978
11
208.064440999999988
21
-76.1696129999999982
0
LINE
8
BLACK
6
CONTINUOUS
10
208.064440999999988
20
-76.1696129999999982
11
208.0638549999999896
21
-76.1666659999999922
0
LINE
8
BLACK
6
CONTINUOUS
10
208.0638549999999896
20
-76.1666659999999922
11
208.0638549999999896
21
-76.014285000000001
0
LINE
8
BLACK
6
CONTINUOUS
10
208.0638549999999896
20
-76.014285000000001
11
208.064440999999988
21
-76.0113369999999975
0
LINE
8
BLACK
6
CONTINUOUS
10
208.064440999999988
20
-76.0113369999999975
11
208.0640059999999778
21
-76.0100319999999954
0
LINE
8
BLACK
6
CONTINUOUS
10
208.0640059999999778
20
-76.0100319999999954
11
208.0665449999999908
21
-76.0007559999999955
0
LINE
8
BLACK
6
CONTINUOUS
10
208.0665449999999908
20
-76.0007559999999955
11
208.0684219999999982
21
-75.9913239999999917
0
LINE
8
BLACK
6
CONTINUOUS
10
208.0684219999999982
20
-75.9913239999999917
11
208.0693949999999859
21
-75.9903499999999923
0
LINE
8
BLACK
6
CONTINUOUS
10
208.0693949999999859
20
-75.9903499999999923
11
208.0701889999999992
21
-75.9874519999999904
0
LINE
8
BLACK
6
CONTINUOUS
10
208.0701889999999992
20
-75.9874519999999904
11
208.1082839999999976
21
-75.9112619999999936
0
LINE
8
BLACK
6
CONTINUOUS
10
208.1082839999999976
20
-75.9112619999999936
11
208.1141789999999787
21
-75.9036649999999895
0
LINE
8
BLACK
6
CONTINUOUS
10
208.1141789999999787
20
-75.9036649999999895
11
208.1195229999999867
21
-75.8956689999999981
0
LINE
8
BLACK
6
CONTINUOUS
10
208.1195229999999867
20
-75.8956689999999981
11
208.1957139999999811
21
-75.8194779999999895
0
LINE
8
BLACK
6
CONTINUOUS
10
208.1957139999999811
20
-75.8194779999999895
11
208.2011159999999848
21
-75.8158679999999947
0
LINE
8
BLACK
6
CONTINUOUS
10
208.2011159999999848
20
-75.8158679999999947
11
208.2024199999999894
21
-75.8136949999999956
0
LINE
8
BLACK
6
CONTINUOUS
10
208.2024199999999894
20
-75.8136949999999956
11
208.209068000000002
21
-75.8105539999999962
0
LINE
8
BLACK
6
CONTINUOUS
10
208.209068000000002
20
-75.8105539999999962
11
208.2151789999999778
21
-75.8064710000000019
0
LINE
8
BLACK
6
CONTINUOUS
10
208.2151789999999778
20
-75.8064710000000019
11
208.2177119999999775
21
-75.8064710000000019
0
LINE
8
BLACK
6
CONTINUOUS
10
208.2177119999999775
20
-75.8064710000000019
11
208.2235879999999781
21
-75.8036949999999905
0
LINE
8
BLACK
6
CONTINUOUS
10
208.2235879999999781
20
-75.8036949999999905
11
208.3759689999999978
21
-75.7655999999999921
0
LINE
8
BLACK
6
CONTINUOUS
10
208.3759689999999978
20
-75.7655999999999921
11
208.3833129999999869
21
-75.7652420000000006
0
LINE
8
BLACK
6
CONTINUOUS
10
208.3833129999999869
20
-75.7652420000000006
11
208.3905209999999784
21
-75.7638089999999949
0
LINE
8
BLACK
6
CONTINUOUS
10
208.3905209999999784
20
-75.7638089999999949
11
208.6571879999999908
21
-75.7638089999999949
0
LINE
8
BLACK
6
CONTINUOUS
10
208.6571879999999908
20
-75.7638089999999949
11
208.6643949999999847
21
-75.7652420000000006
0
LINE
8
BLACK
6
CONTINUOUS
10
208.2688139999999919
20
-75.9160820000000029
11
208.2112619999999765
21
-75.9736350000000016
0
LINE
8
BLACK
6
CONTINUOUS
10
208.2112619999999765
20
-75.9736350000000016
11
208.1838549999999941
21
-76.0284499999999923
0
LINE
8
BLACK
6
CONTINUOUS
10
208.1838549999999941
20
-76.0284499999999923
11
208.1838549999999941
21
-76.1525010000000009
0
LINE
8
BLACK
6
CONTINUOUS
10
208.1838549999999941
20
-76.1525010000000009
11
208.2112619999999765
21
-76.2073170000000033
0
LINE
8
BLACK
6
CONTINUOUS
10
208.2112619999999765
20
-76.2073170000000033
11
208.2688139999999919
21
-76.2648689999999903
0
LINE
8
BLACK
6
CONTINUOUS
10
208.2688139999999919
20
-76.2648689999999903
11
208.3979049999999802
21
-76.2971429999999913
0
LINE
8
BLACK
6
CONTINUOUS
10
208.3979049999999802
20
-76.2971429999999913
11
208.6498039999999889
21
-76.2971429999999913
0
LINE
8
BLACK
6
CONTINUOUS
10
208.6498039999999889
20
-76.2971429999999913
11
208.7788939999999798
21
-76.2648679999999928
0
LINE
8
BLACK
6
CONTINUOUS
10
208.7788939999999798
20
-76.2648679999999928
11
208.8364469999999926
21
-76.2073149999999941
0
LINE
8
BLACK
6
CONTINUOUS
10
208.8364469999999926
20
-76.2073149999999941
11
208.8638550000000009
21
-76.1525010000000009
0
LINE
8
BLACK
6
CONTINUOUS
10
208.8638550000000009
20
-76.1525010000000009
11
208.8638550000000009
21
-76.0284499999999923
0
LINE
8
BLACK
6
CONTINUOUS
10
208.8638550000000009
20
-76.0284499999999923
11
208.8364469999999926
21
-75.9736350000000016
0
LINE
8
BLACK
6
CONTINUOUS
10
208.8364469999999926
20
-75.9736350000000016
11
208.7788949999999772
21
-75.9160820000000029
0
LINE
8
BLACK
6
CONTINUOUS
10
208.7788949999999772
20
-75.9160820000000029
11
208.649799999999999
21
-75.8838089999999994
0
LINE
8
BLACK
6
CONTINUOUS
10
208.649799999999999
20
-75.8838089999999994
11
208.3979049999999802
21
-75.8838089999999994
0
LINE
8
BLACK
6
CONTINUOUS
10
208.3979049999999802
20
-75.8838089999999994
11
208.2688139999999919
21
-75.9160820000000029
0
LINE
8
BLACK
6
CONTINUOUS
10
211.2043949999999768
20
-75.7652420000000006
11
211.2117399999999918
21
-75.7655999999999921
0
LINE
8
BLACK
6
CONTINUOUS
10
211.2117399999999918
20
-75.7655999999999921
11
211.364120999999983
21
-75.8036960000000022
0
LINE
8
BLACK
6
CONTINUOUS
10
211.364120999999983
20
-75.8036960000000022
11
211.3699959999999862
21
-75.8064710000000019
0
LINE
8
BLACK
6
CONTINUOUS
10
211.3699959999999862
20
-75.8064710000000019
11
211.3725299999999834
21
-75.8064710000000019
0
LINE
8
BLACK
6
CONTINUOUS
10
211.3725299999999834
20
-75.8064710000000019
11
211.378641999999985
21
-75.8105549999999937
0
LINE
8
BLACK
6
CONTINUOUS
10
211.378641999999985
20
-75.8105549999999937
11
211.3852890000000002
21
-75.8136949999999956
0
LINE
8
BLACK
6
CONTINUOUS
10
211.3852890000000002
20
-75.8136949999999956
11
211.386591999999979
21
-75.8158679999999947
0
LINE
8
BLACK
6
CONTINUOUS
10
211.386591999999979
20
-75.8158679999999947
11
211.3919949999999801
21
-75.8194779999999895
0
LINE
8
BLACK
6
CONTINUOUS
10
211.3919949999999801
20
-75.8194779999999895
11
211.4681860000000029
21
-75.8956680000000006
0
LINE
8
BLACK
6
CONTINUOUS
10
211.4681860000000029
20
-75.8956680000000006
11
211.4735279999999875
21
-75.9036629999999946
0
LINE
8
BLACK
6
CONTINUOUS
10
211.4735279999999875
20
-75.9036629999999946
11
211.4794259999999895
21
-75.9112619999999936
0
LINE
8
BLACK
6
CONTINUOUS
10
211.4794259999999895
20
-75.9112619999999936
11
211.5175209999999879
21
-75.9874519999999904
0
LINE
8
BLACK
6
CONTINUOUS
10
211.5175209999999879
20
-75.9874519999999904
11
211.5183140000000037
21
-75.9903499999999923
0
LINE
8
BLACK
6
CONTINUOUS
10
211.5183140000000037
20
-75.9903499999999923
11
211.5192879999999889
21
-75.9913239999999917
0
LINE
8
BLACK
6
CONTINUOUS
10
211.5192879999999889
20
-75.9913239999999917
11
211.5211639999999989
21
-76.0007559999999955
0
LINE
8
BLACK
6
CONTINUOUS
10
211.5211639999999989
20
-76.0007559999999955
11
211.5237039999999809
21
-76.0100319999999954
0
LINE
8
BLACK
6
CONTINUOUS
10
211.5237039999999809
20
-76.0100319999999954
11
211.5232680000000016
21
-76.0113369999999975
0
LINE
8
BLACK
6
CONTINUOUS
10
211.5232680000000016
20
-76.0113369999999975
11
211.5238549999999975
21
-76.014285000000001
0
LINE
8
BLACK
6
CONTINUOUS
10
211.5238549999999975
20
-76.014285000000001
11
211.5238549999999975
21
-76.1666659999999922
0
LINE
8
BLACK
6
CONTINUOUS
10
211.5238549999999975
20
-76.1666659999999922
11
211.5232680000000016
21
-76.1696129999999982
0
LINE
8
BLACK
6
CONTINUOUS
10
211.5232680000000016
20
-76.1696129999999982
11
211.5237039999999809
21
-76.1709189999999978
0
LINE
8
BLACK
6
CONTINUOUS
10
211.5237039999999809
20
-76.1709189999999978
11
211.5211639999999989
21
-76.180191999999991
0
LINE
8
BLACK
6
CONTINUOUS
10
211.5211639999999989
20
-76.180191999999991
11
211.5192879999999889
21
-76.1896270000000015
0
LINE
8
BLACK
6
CONTINUOUS
10
211.5192879999999889
20
-76.1896270000000015
11
211.5183140000000037
21
-76.1906000000000034
0
LINE
8
BLACK
6
CONTINUOUS
10
211.5183140000000037
20
-76.1906000000000034
11
211.5175209999999879
21
-76.1934979999999911
0
LINE
8
BLACK
6
CONTINUOUS
10
211.5175209999999879
20
-76.1934979999999911
11
211.4794259999999895
21
-76.2696899999999971
0
LINE
8
BLACK
6
CONTINUOUS
10
211.4794259999999895
20
-76.2696899999999971
11
211.4735230000000001
21
-76.2772949999999952
0
LINE
8
BLACK
6
CONTINUOUS
10
211.4735230000000001
20
-76.2772949999999952
11
211.4681860000000029
21
-76.2852829999999926
0
LINE
8
BLACK
6
CONTINUOUS
10
211.4681860000000029
20
-76.2852829999999926
11
211.3919949999999801
21
-76.3614740000000012
0
LINE
8
BLACK
6
CONTINUOUS
10
211.3919949999999801
20
-76.3614740000000012
11
211.386591999999979
21
-76.365083999999996
0
LINE
8
BLACK
6
CONTINUOUS
10
211.386591999999979
20
-76.365083999999996
11
211.3852890000000002
21
-76.3672559999999976
0
LINE
8
BLACK
6
CONTINUOUS
10
211.3852890000000002
20
-76.3672559999999976
11
211.3786429999999825
21
-76.370395000000002
0
LINE
8
BLACK
6
CONTINUOUS
10
211.3786429999999825
20
-76.370395000000002
11
211.3725299999999834
21
-76.3744799999999913
0
LINE
8
BLACK
6
CONTINUOUS
10
211.3725299999999834
20
-76.3744799999999913
11
211.3699959999999862
21
-76.3744799999999913
0
LINE
8
BLACK
6
CONTINUOUS
10
211.3699959999999862
20
-76.3744799999999913
11
211.364120999999983
21
-76.377254999999991
0
LINE
8
BLACK
6
CONTINUOUS
10
211.364120999999983
20
-76.377254999999991
11
211.2117399999999918
21
-76.4153510000000011
0
LINE
8
BLACK
6
CONTINUOUS
10
211.2117399999999918
20
-76.4153510000000011
11
211.2043989999999951
21
-76.4157079999999951
0
LINE
8
BLACK
6
CONTINUOUS
10
211.2043989999999951
20
-76.4157079999999951
11
211.1971879999999828
21
-76.4171429999999958
0
LINE
8
BLACK
6
CONTINUOUS
10
211.1971879999999828
20
-76.4171429999999958
11
210.9305209999999988
21
-76.4171429999999958
0
LINE
8
BLACK
6
CONTINUOUS
10
210.9305209999999988
20
-76.4171429999999958
11
210.923312999999979
21
-76.4157089999999926
0
LINE
8
BLACK
6
CONTINUOUS
10
210.923312999999979
20
-76.4157089999999926
11
210.9159689999999898
21
-76.4153519999999986
0
LINE
8
BLACK
6
CONTINUOUS
10
210.9159689999999898
20
-76.4153519999999986
11
210.7635879999999986
21
-76.377254999999991
0
LINE
8
BLACK
6
CONTINUOUS
10
210.7635879999999986
20
-76.377254999999991
11
210.7577129999999954
21
-76.3744799999999913
0
LINE
8
BLACK
6
CONTINUOUS
10
210.7577129999999954
20
-76.3744799999999913
11
210.7551789999999983
21
-76.3744799999999913
0
LINE
8
BLACK
6
CONTINUOUS
10
210.7551789999999983
20
-76.3744799999999913
11
210.7490659999999991
21
-76.370395000000002
0
LINE
8
BLACK
6
CONTINUOUS
10
210.7490659999999991
20
-76.370395000000002
11
210.7424199999999814
21
-76.3672559999999976
0
LINE
8
BLACK
6
CONTINUOUS
10
210.7424199999999814
20
-76.3672559999999976
11
210.7411159999999768
21
-76.365082000000001
0
LINE
8
BLACK
6
CONTINUOUS
10
210.7411159999999768
20
-76.365082000000001
11
210.7357140000000015
21
-76.3614729999999895
0
LINE
8
BLACK
6
CONTINUOUS
10
210.7357140000000015
20
-76.3614729999999895
11
210.6595240000000047
21
-76.2852829999999926
0
LINE
8
BLACK
6
CONTINUOUS
10
210.6595240000000047
20
-76.2852829999999926
11
210.6541859999999815
21
-76.2772949999999952
0
LINE
8
BLACK
6
CONTINUOUS
10
210.6541859999999815
20
-76.2772949999999952
11
210.6482839999999896
21
-76.2696899999999971
0
LINE
8
BLACK
6
CONTINUOUS
10
210.6482839999999896
20
-76.2696899999999971
11
210.6101889999999912
21
-76.1934990000000028
0
LINE
8
BLACK
6
CONTINUOUS
10
210.6101889999999912
20
-76.1934990000000028
11
210.6093949999999779
21
-76.1906000000000034
0
LINE
8
BLACK
6
CONTINUOUS
10
210.6093949999999779
20
-76.1906000000000034
11
210.6084219999999902
21
-76.1896270000000015
0
LINE
8
BLACK
6
CONTINUOUS
10
210.6084219999999902
20
-76.1896270000000015
11
210.6065449999999828
21
-76.1801940000000002
0
LINE
8
BLACK
6
CONTINUOUS
10
210.6065449999999828
20
-76.1801940000000002
11
210.6040059999999983
21
-76.1709189999999978
0
LINE
8
BLACK
6
CONTINUOUS
10
210.6040059999999983
20
-76.1709189999999978
11
210.60444099999998
21
-76.1696129999999982
0
LINE
8
BLACK
6
CONTINUOUS
10
210.60444099999998
20
-76.1696129999999982
11
210.6038549999999816
21
-76.1666659999999922
0
LINE
8
BLACK
6
CONTINUOUS
10
210.6038549999999816
20
-76.1666659999999922
11
210.6038549999999816
21
-76.014285000000001
0
LINE
8
BLACK
6
CONTINUOUS
10
210.6038549999999816
20
-76.014285000000001
11
210.60444099999998
21
-76.0113369999999975
0
LINE
8
BLACK
6
CONTINUOUS
10
210.60444099999998
20
-76.0113369999999975
11
210.6040059999999983
21
-76.0100319999999954
0
LINE
8
BLACK
6
CONTINUOUS
10
210.6040059999999983
20
-76.0100319999999954
11
210.6065449999999828
21
-76.0007559999999955
0
LINE
8
BLACK
6
CONTINUOUS
10
210.6065449999999828
20
-76.0007559999999955
11
210.6084219999999902
21
-75.9913239999999917
0
LINE
8
BLACK
6
CONTINUOUS
10
210.6084219999999902
20
-75.9913239999999917
11
210.6093949999999779
21
-75.9903499999999923
0
LINE
8
BLACK
6
CONTINUOUS
10
210.6093949999999779
20
-75.9903499999999923
11
210.6101889999999912
21
-75.9874519999999904
0
LINE
8
BLACK
6
CONTINUOUS
10
210.6101889999999912
20
-75.9874519999999904
11
210.6482839999999896
21
-75.9112619999999936
0
LINE
8
BLACK
6
CONTINUOUS
10
210.6482839999999896
20
-75.9112619999999936
11
210.6541789999999992
21
-75.9036649999999895
0
LINE
8
BLACK
6
CONTINUOUS
10
210.6541789999999992
20
-75.9036649999999895
11
210.6595229999999788
21
-75.8956689999999981
0
LINE
8
BLACK
6
CONTINUOUS
10
210.6595229999999788
20
-75.8956689999999981
11
210.7357140000000015
21
-75.8194779999999895
0
LINE
8
BLACK
6
CONTINUOUS
10
210.7357140000000015
20
-75.8194779999999895
11
210.7411159999999768
21
-75.8158679999999947
0
LINE
8
BLACK
6
CONTINUOUS
10
210.7411159999999768
20
-75.8158679999999947
11
210.7424199999999814
21
-75.8136949999999956
0
LINE
8
BLACK
6
CONTINUOUS
10
210.7424199999999814
20
-75.8136949999999956
11
210.7490679999999941
21
-75.8105539999999962
0
LINE
8
BLACK
6
CONTINUOUS
10
210.7490679999999941
20
-75.8105539999999962
11
210.7551789999999983
21
-75.8064710000000019
0
LINE
8
BLACK
6
CONTINUOUS
10
210.7551789999999983
20
-75.8064710000000019
11
210.7577119999999979
21
-75.8064710000000019
0
LINE
8
BLACK
6
CONTINUOUS
10
210.7577119999999979
20
-75.8064710000000019
11
210.7635879999999986
21
-75.8036949999999905
0
LINE
8
BLACK
6
CONTINUOUS
10
210.7635879999999986
20
-75.8036949999999905
11
210.9159689999999898
21
-75.7655999999999921
0
LINE
8
BLACK
6
CONTINUOUS
10
210.9159689999999898
20
-75.7655999999999921
11
210.923312999999979
21
-75.7652420000000006
0
LINE
8
BLACK
6
CONTINUOUS
10
210.923312999999979
20
-75.7652420000000006
11
210.9305209999999988
21
-75.7638089999999949
0
LINE
8
BLACK
6
CONTINUOUS
10
210.9305209999999988
20
-75.7638089999999949
11
211.1971879999999828
21
-75.7638089999999949
0
LINE
8
BLACK
6
CONTINUOUS
10
211.1971879999999828
20
-75.7638089999999949
11
211.2043949999999768
21
-75.7652420000000006
0
LINE
8
BLACK
6
CONTINUOUS
10
210.8088139999999839
20
-75.9160820000000029
11
210.751261999999997
21
-75.9736350000000016
0
LINE
8
BLACK
6
CONTINUOUS
10
210.751261999999997
20
-75.9736350000000016
11
210.7238549999999861
21
-76.0284499999999923
0
LINE
8
BLACK
6
CONTINUOUS
10
210.7238549999999861
20
-76.0284499999999923
11
210.7238549999999861
21
-76.1525010000000009
0
LINE
8
BLACK
6
CONTINUOUS
10
210.7238549999999861
20
-76.1525010000000009
11
210.751261999999997
21
-76.2073170000000033
0
LINE
8
BLACK
6
CONTINUOUS
10
210.751261999999997
20
-76.2073170000000033
11
210.8088139999999839
21
-76.2648689999999903
0
LINE
8
BLACK
6
CONTINUOUS
10
210.8088139999999839
20
-76.2648689999999903
11
210.9379050000000007
21
-76.2971429999999913
0
LINE
8
BLACK
6
CONTINUOUS
10
210.9379050000000007
20
-76.2971429999999913
11
211.189803999999981
21
-76.2971429999999913
0
LINE
8
BLACK
6
CONTINUOUS
10
211.189803999999981
20
-76.2971429999999913
11
211.3188940000000002
21
-76.2648679999999928
0
LINE
8
BLACK
6
CONTINUOUS
10
211.3188940000000002
20
-76.2648679999999928
11
211.3764469999999847
21
-76.2073149999999941
0
LINE
8
BLACK
6
CONTINUOUS
10
211.3764469999999847
20
-76.2073149999999941
11
211.403854999999993
21
-76.1525010000000009
0
LINE
8
BLACK
6
CONTINUOUS
10
211.403854999999993
20
-76.1525010000000009
11
211.403854999999993
21
-76.0284499999999923
0
LINE
8
BLACK
6
CONTINUOUS
10
211.403854999999993
20
-76.0284499999999923
11
211.3764469999999847
21
-75.9736350000000016
0
LINE
8
BLACK
6
CONTINUOUS
10
211.3764469999999847
20
-75.9736350000000016
11
211.3188949999999977
21
-75.9160820000000029
0
LINE
8
BLACK
6
CONTINUOUS
10
211.3188949999999977
20
-75.9160820000000029
11
211.1897999999999911
21
-75.8838089999999994
0
LINE
8
BLACK
6
CONTINUOUS
10
211.1897999999999911
20
-75.8838089999999994
11
210.9379050000000007
21
-75.8838089999999994
0
LINE
8
BLACK
6
CONTINUOUS
10
210.9379050000000007
20
-75.8838089999999994
11
210.8088139999999839
21
-75.9160820000000029
0
LINE
8
BLACK
6
CONTINUOUS
10
213.7443949999999973
20
-75.7652420000000006
11
213.7517399999999839
21
-75.7655999999999921
0
LINE
8
BLACK
6
CONTINUOUS
10
213.7517399999999839
20
-75.7655999999999921
11
213.9041210000000035
21
-75.8036960000000022
0
LINE
8
BLACK
6
CONTINUOUS
10
213.9041210000000035
20
-75.8036960000000022
11
213.9099959999999783
21
-75.8064710000000019
0
LINE
8
BLACK
6
CONTINUOUS
10
213.9099959999999783
20
-75.8064710000000019
11
213.9125300000000038
21
-75.8064710000000019
0
LINE
8
BLACK
6
CONTINUOUS
10
213.9125300000000038
20
-75.8064710000000019
11
213.9186419999999771
21
-75.8105549999999937
0
LINE
8
BLACK
6
CONTINUOUS
10
213.9186419999999771
20
-75.8105549999999937
11
213.9252889999999923
21
-75.8136949999999956
0
LINE
8
BLACK
6
CONTINUOUS
10
213.9252889999999923
20
-75.8136949999999956
11
213.9265919999999994
21
-75.8158679999999947
0
LINE
8
BLACK
6
CONTINUOUS
10
213.9265919999999994
20
-75.8158679999999947
11
213.9319950000000006
21
-75.8194779999999895
0
LINE
8
BLACK
6
CONTINUOUS
10
213.9319950000000006
20
-75.8194779999999895
11
214.0081859999999949
21
-75.8956680000000006
0
LINE
8
BLACK
6
CONTINUOUS
10
214.0081859999999949
20
-75.8956680000000006
11
214.0135279999999796
21
-75.9036629999999946
0
LINE
8
BLACK
6
CONTINUOUS
10
214.0135279999999796
20
-75.9036629999999946
11
214.0194259999999815
21
-75.9112619999999936
0
LINE
8
BLACK
6
CONTINUOUS
10
214.0194259999999815
20
-75.9112619999999936
11
214.0575209999999799
21
-75.9874519999999904
0
LINE
8
BLACK
6
CONTINUOUS
10
214.0575209999999799
20
-75.9874519999999904
11
214.0583139999999958
21
-75.9903499999999923
0
LINE
8
BLACK
6
CONTINUOUS
10
214.0583139999999958
20
-75.9903499999999923
11
214.0592879999999809
21
-75.9913239999999917
0
LINE
8
BLACK
6
CONTINUOUS
10
214.0592879999999809
20
-75.9913239999999917
11
214.0611639999999909
21
-76.0007559999999955
0
LINE
8
BLACK
6
CONTINUOUS
10
214.0611639999999909
20
-76.0007559999999955
11
214.0637040000000013
21
-76.0100319999999954
0
LINE
8
BLACK
6
CONTINUOUS
10
214.0637040000000013
20
-76.0100319999999954
11
214.0632679999999937
21
-76.0113369999999975
0
LINE
8
BLACK
6
CONTINUOUS
10
214.0632679999999937
20
-76.0113369999999975
11
214.0638549999999896
21
-76.014285000000001
0
LINE
8
BLACK
6
CONTINUOUS
10
214.0638549999999896
20
-76.014285000000001
11
214.0638549999999896
21
-76.1666659999999922
0
LINE
8
BLACK
6
CONTINUOUS
10
214.0638549999999896
20
-76.1666659999999922
11
214.0632679999999937
21
-76.1696129999999982
0
LINE
8
BLACK
6
CONTINUOUS
10
214.0632679999999937
20
-76.1696129999999982
11
214.0637040000000013
21
-76.1709189999999978
0
LINE
8
BLACK
6
CONTINUOUS
10
214.0637040000000013
20
-76.1709189999999978
11
214.0611639999999909
21
-76.180191999999991
0
LINE
8
BLACK
6
CONTINUOUS
10
214.0611639999999909
20
-76.180191999999991
11
214.0592879999999809
21
-76.1896270000000015
0
LINE
8
BLACK
6
CONTINUOUS
10
214.0592879999999809
20
-76.1896270000000015
11
214.0583139999999958
21
-76.1906000000000034
0
LINE
8
BLACK
6
CONTINUOUS
10
214.0583139999999958
20
-76.1906000000000034
11
214.0575209999999799
21
-76.1934979999999911
0
LINE
8
BLACK
6
CONTINUOUS
10
214.0575209999999799
20
-76.1934979999999911
11
214.0194259999999815
21
-76.2696899999999971
0
LINE
8
BLACK
6
CONTINUOUS
10
214.0194259999999815
20
-76.2696899999999971
11
214.0135229999999922
21
-76.2772949999999952
0
LINE
8
BLACK
6
CONTINUOUS
10
214.0135229999999922
20
-76.2772949999999952
11
214.0081859999999949
21
-76.2852829999999926
0
LINE
8
BLACK
6
CONTINUOUS
10
214.0081859999999949
20
-76.2852829999999926
11
213.9319950000000006
21
-76.3614740000000012
0
LINE
8
BLACK
6
CONTINUOUS
10
213.9319950000000006
20
-76.3614740000000012
11
213.9265919999999994
21
-76.365083999999996
0
LINE
8
BLACK
6
CONTINUOUS
10
213.9265919999999994
20
-76.365083999999996
11
213.9252889999999923
21
-76.3672559999999976
0
LINE
8
BLACK
6
CONTINUOUS
10
213.9252889999999923
20
-76.3672559999999976
11
213.918643000000003
21
-76.370395000000002
0
LINE
8
BLACK
6
CONTINUOUS
10
213.918643000000003
20
-76.370395000000002
11
213.9125300000000038
21
-76.3744799999999913
0
LINE
8
BLACK
6
CONTINUOUS
10
213.9125300000000038
20
-76.3744799999999913
11
213.9099959999999783
21
-76.3744799999999913
0
LINE
8
BLACK
6
CONTINUOUS
10
213.9099959999999783
20
-76.3744799999999913
11
213.9041210000000035
21
-76.377254999999991
0
LINE
8
BLACK
6
CONTINUOUS
10
213.9041210000000035
20
-76.377254999999991
11
213.7517399999999839
21
-76.4153510000000011
0
LINE
8
BLACK
6
CONTINUOUS
10
213.7517399999999839
20
-76.4153510000000011
11
213.7443989999999872
21
-76.4157079999999951
0
LINE
8
BLACK
6
CONTINUOUS
10
213.7443989999999872
20
-76.4157079999999951
11
213.7371880000000033
21
-76.4171429999999958
0
LINE
8
BLACK
6
CONTINUOUS
10
213.7371880000000033
20
-76.4171429999999958
11
213.4705209999999909
21
-76.4171429999999958
0
LINE
8
BLACK
6
CONTINUOUS
10
213.4705209999999909
20
-76.4171429999999958
11
213.4633129999999994
21
-76.4157089999999926
0
LINE
8
BLACK
6
CONTINUOUS
10
213.4633129999999994
20
-76.4157089999999926
11
213.4559689999999819
21
-76.4153519999999986
0
LINE
8
BLACK
6
CONTINUOUS
10
213.4559689999999819
20
-76.4153519999999986
11
213.3035879999999906
21
-76.377254999999991
0
LINE
8
BLACK
6
CONTINUOUS
10
213.3035879999999906
20
-76.377254999999991
11
213.2977129999999875
21
-76.3744799999999913
0
LINE
8
BLACK
6
CONTINUOUS
10
213.2977129999999875
20
-76.3744799999999913
11
213.2951789999999903
21
-76.3744799999999913
0
LINE
8
BLACK
6
CONTINUOUS
10
213.2951789999999903
20
-76.3744799999999913
11
213.2890659999999912
21
-76.370395000000002
0
LINE
8
BLACK
6
CONTINUOUS
10
213.2890659999999912
20
-76.370395000000002
11
213.2824200000000019
21
-76.3672559999999976
0
LINE
8
BLACK
6
CONTINUOUS
10
213.2824200000000019
20
-76.3672559999999976
11
213.2811159999999973
21
-76.365082000000001
0
LINE
8
BLACK
6
CONTINUOUS
10
213.2811159999999973
20
-76.365082000000001
11
213.2757139999999936
21
-76.3614729999999895
0
LINE
8
BLACK
6
CONTINUOUS
10
213.2757139999999936
20
-76.3614729999999895
11
213.1995239999999967
21
-76.2852829999999926
0
LINE
8
BLACK
6
CONTINUOUS
10
213.1995239999999967
20
-76.2852829999999926
11
213.194186000000002
21
-76.2772949999999952
0
LINE
8
BLACK
6
CONTINUOUS
10
213.194186000000002
20
-76.2772949999999952
11
213.1882839999999817
21
-76.2696899999999971
0
LINE
8
BLACK
6
CONTINUOUS
10
213.1882839999999817
20
-76.2696899999999971
11
213.1501889999999833
21
-76.1934990000000028
0
LINE
8
BLACK
6
CONTINUOUS
10
213.1501889999999833
20
-76.1934990000000028
11
213.1493949999999984
21
-76.1906000000000034
0
LINE
8
BLACK
6
CONTINUOUS
10
213.1493949999999984
20
-76.1906000000000034
11
213.1484219999999823
21
-76.1896270000000015
0
LINE
8
BLACK
6
CONTINUOUS
10
213.1484219999999823
20
-76.1896270000000015
11
213.1465450000000033
21
-76.1801940000000002
0
LINE
8
BLACK
6
CONTINUOUS
10
213.1465450000000033
20
-76.1801940000000002
11
213.1440059999999903
21
-76.1709189999999978
0
LINE
8
BLACK
6
CONTINUOUS
10
213.1440059999999903
20
-76.1709189999999978
11
213.1444410000000005
21
-76.1696129999999982
0
LINE
8
BLACK
6
CONTINUOUS
10
213.1444410000000005
20
-76.1696129999999982
11
213.1438550000000021
21
-76.1666659999999922
0
LINE
8
BLACK
6
CONTINUOUS
10
213.1438550000000021
20
-76.1666659999999922
11
213.1438550000000021
21
-76.014285000000001
0
LINE
8
BLACK
6
CONTINUOUS
10
213.1438550000000021
20
-76.014285000000001
11
213.1444410000000005
21
-76.0113369999999975
0
LINE
8
BLACK
6
CONTINUOUS
10
213.1444410000000005
20
-76.0113369999999975
11
213.1440059999999903
21
-76.0100319999999954
0
LINE
8
BLACK
6
CONTINUOUS
10
213.1440059999999903
20
-76.0100319999999954
11
213.1465450000000033
21
-76.0007559999999955
0
LINE
8
BLACK
6
CONTINUOUS
10
213.1465450000000033
20
-76.0007559999999955
11
213.1484219999999823
21
-75.9913239999999917
0
LINE
8
BLACK
6
CONTINUOUS
10
213.1484219999999823
20
-75.9913239999999917
11
213.1493949999999984
21
-75.9903499999999923
0
LINE
8
BLACK
6
CONTINUOUS
10
213.1493949999999984
20
-75.9903499999999923
11
213.1501889999999833
21
-75.9874519999999904
0
LINE
8
BLACK
6
CONTINUOUS
10
213.1501889999999833
20
-75.9874519999999904
11
213.1882839999999817
21
-75.9112619999999936
0
LINE
8
BLACK
6
CONTINUOUS
10
213.1882839999999817
20
-75.9112619999999936
11
213.1941789999999912
21
-75.9036649999999895
0
LINE
8
BLACK
6
CONTINUOUS
10
213.1941789999999912
20
-75.9036649999999895
11
213.1995229999999992
21
-75.8956689999999981
0
LINE
8
BLACK
6
CONTINUOUS
10
213.1995229999999992
20
-75.8956689999999981
11
213.2757139999999936
21
-75.8194779999999895
0
LINE
8
BLACK
6
CONTINUOUS
10
213.2757139999999936
20
-75.8194779999999895
11
213.2811159999999973
21
-75.8158679999999947
0
LINE
8
BLACK
6
CONTINUOUS
10
213.2811159999999973
20
-75.8158679999999947
11
213.2824200000000019
21
-75.8136949999999956
0
LINE
8
BLACK
6
CONTINUOUS
10
213.2824200000000019
20
-75.8136949999999956
11
213.2890679999999861
21
-75.8105539999999962
0
LINE
8
BLACK
6
CONTINUOUS
10
213.2890679999999861
20
-75.8105539999999962
11
213.2951789999999903
21
-75.8064710000000019
0
LINE
8
BLACK
6
CONTINUOUS
10
213.2951789999999903
20
-75.8064710000000019
11
213.29771199999999
21
-75.8064710000000019
0
LINE
8
BLACK
6
CONTINUOUS
10
213.29771199999999
20
-75.8064710000000019
11
213.3035879999999906
21
-75.8036949999999905
0
LINE
8
BLACK
6
CONTINUOUS
10
213.3035879999999906
20
-75.8036949999999905
11
213.4559689999999819
21
-75.7655999999999921
0
LINE
8
BLACK
6
CONTINUOUS
10
213.4559689999999819
20
-75.7655999999999921
11
213.4633129999999994
21
-75.7652420000000006
0
LINE
8
BLACK
6
CONTINUOUS
10
213.4633129999999994
20
-75.7652420000000006
11
213.4705209999999909
21
-75.7638089999999949
0
LINE
8
BLACK
6
CONTINUOUS
10
213.4705209999999909
20
-75.7638089999999949
11
213.7371880000000033
21
-75.7638089999999949
0
LINE
8
BLACK
6
CONTINUOUS
10
213.7371880000000033
20
-75.7638089999999949
11
213.7443949999999973
21
-75.7652420000000006
0
LINE
8
BLACK
6
CONTINUOUS
10
213.3488140000000044
20
-75.9160820000000029
11
213.291261999999989
21
-75.9736350000000016
0
LINE
8
BLACK
6
CONTINUOUS
10
213.291261999999989
20
-75.9736350000000016
11
213.2638549999999782
21
-76.0284499999999923
0
LINE
8
BLACK
6
CONTINUOUS
10
213.2638549999999782
20
-76.0284499999999923
11
213.2638549999999782
21
-76.1525010000000009
0
LINE
8
BLACK
6
CONTINUOUS
10
213.2638549999999782
20
-76.1525010000000009
11
213.291261999999989
21
-76.2073170000000033
0
LINE
8
BLACK
6
CONTINUOUS
10
213.291261999999989
20
-76.2073170000000033
11
213.3488140000000044
21
-76.2648689999999903
0
LINE
8
BLACK
6
CONTINUOUS
10
213.3488140000000044
20
-76.2648689999999903
11
213.4779049999999927
21
-76.2971429999999913
0
LINE
8
BLACK
6
CONTINUOUS
10
213.4779049999999927
20
-76.2971429999999913
11
213.7298040000000015
21
-76.2971429999999913
0
LINE
8
BLACK
6
CONTINUOUS
10
213.7298040000000015
20
-76.2971429999999913
11
213.8588939999999923
21
-76.2648679999999928
0
LINE
8
BLACK
6
CONTINUOUS
10
213.8588939999999923
20
-76.2648679999999928
11
213.9164469999999767
21
-76.2073149999999941
0
LINE
8
BLACK
6
CONTINUOUS
10
213.9164469999999767
20
-76.2073149999999941
11
213.943854999999985
21
-76.1525010000000009
0
LINE
8
BLACK
6
CONTINUOUS
10
213.943854999999985
20
-76.1525010000000009
11
213.943854999999985
21
-76.0284499999999923
0
LINE
8
BLACK
6
CONTINUOUS
10
213.943854999999985
20
-76.0284499999999923
11
213.9164469999999767
21
-75.9736350000000016
0
LINE
8
BLACK
6
CONTINUOUS
10
213.9164469999999767
20
-75.9736350000000016
11
213.8588949999999897
21
-75.9160820000000029
0
LINE
8
BLACK
6
CONTINUOUS
10
213.8588949999999897
20
-75.9160820000000029
11
213.7297999999999831
21
-75.8838089999999994
0
LINE
8
BLACK
6
CONTINUOUS
10
213.7297999999999831
20
-75.8838089999999994
11
213.4779049999999927
21
-75.8838089999999994
0
LINE
8
BLACK
6
CONTINUOUS
10
213.4779049999999927
20
-75.8838089999999994
11
213.3488140000000044
21
-75.9160820000000029
0
LINE
8
BLACK
6
CONTINUOUS
10
216.2843949999999893
20
-75.7652420000000006
11
216.2917400000000043
21
-75.7655999999999921
0
LINE
8
BLACK
6
CONTINUOUS
10
216.2917400000000043
20
-75.7655999999999921
11
216.4441209999999955
21
-75.8036960000000022
0
LINE
8
BLACK
6
CONTINUOUS
10
216.4441209999999955
20
-75.8036960000000022
11
216.4499959999999987
21
-75.8064710000000019
0
LINE
8
BLACK
6
CONTINUOUS
10
216.4499959999999987
20
-75.8064710000000019
11
216.4525299999999959
21
-75.8064710000000019
0
LINE
8
BLACK
6
CONTINUOUS
10
216.4525299999999959
20
-75.8064710000000019
11
216.4586419999999976
21
-75.8105549999999937
0
LINE
8
BLACK
6
CONTINUOUS
10
216.4586419999999976
20
-75.8105549999999937
11
216.4652889999999843
21
-75.8136949999999956
0
LINE
8
BLACK
6
CONTINUOUS
10
216.4652889999999843
20
-75.8136949999999956
11
216.4665919999999915
21
-75.8158679999999947
0
LINE
8
BLACK
6
CONTINUOUS
10
216.4665919999999915
20
-75.8158679999999947
11
216.4719949999999926
21
-75.8194779999999895
0
LINE
8
BLACK
6
CONTINUOUS
10
216.4719949999999926
20
-75.8194779999999895
11
216.548185999999987
21
-75.8956680000000006
0
LINE
8
BLACK
6
CONTINUOUS
10
216.548185999999987
20
-75.8956680000000006
11
216.553528
21
-75.9036629999999946
0
LINE
8
BLACK
6
CONTINUOUS
10
216.553528
20
-75.9036629999999946
11
216.559426000000002
21
-75.9112619999999936
0
LINE
8
BLACK
6
CONTINUOUS
10
216.559426000000002
20
-75.9112619999999936
11
216.5975210000000004
21
-75.9874519999999904
0
LINE
8
BLACK
6
CONTINUOUS
10
216.5975210000000004
20
-75.9874519999999904
11
216.5983139999999878
21
-75.9903499999999923
0
LINE
8
BLACK
6
CONTINUOUS
10
216.5983139999999878
20
-75.9903499999999923
11
216.5992880000000014
21
-75.9913239999999917
0
LINE
8
BLACK
6
CONTINUOUS
10
216.5992880000000014
20
-75.9913239999999917
11
216.6011639999999829
21
-76.0007559999999955
0
LINE
8
BLACK
6
CONTINUOUS
10
216.6011639999999829
20
-76.0007559999999955
11
216.6037039999999934
21
-76.0100319999999954
0
LINE
8
BLACK
6
CONTINUOUS
10
216.6037039999999934
20
-76.0100319999999954
11
216.6032679999999857
21
-76.0113369999999975
0
LINE
8
BLACK
6
CONTINUOUS
10
216.6032679999999857
20
-76.0113369999999975
11
216.6038549999999816
21
-76.014285000000001
0
LINE
8
BLACK
6
CONTINUOUS
10
216.6038549999999816
20
-76.014285000000001
11
216.6038549999999816
21
-76.1666659999999922
0
LINE
8
BLACK
6
CONTINUOUS
10
216.6038549999999816
20
-76.1666659999999922
11
216.6032679999999857
21
-76.1696129999999982
0
LINE
8
BLACK
6
CONTINUOUS
10
216.6032679999999857
20
-76.1696129999999982
11
216.6037039999999934
21
-76.1709189999999978
0
LINE
8
BLACK
6
CONTINUOUS
10
216.6037039999999934
20
-76.1709189999999978
11
216.6011639999999829
21
-76.180191999999991
0
LINE
8
BLACK
6
CONTINUOUS
10
216.6011639999999829
20
-76.180191999999991
11
216.5992880000000014
21
-76.1896270000000015
0
LINE
8
BLACK
6
CONTINUOUS
10
216.5992880000000014
20
-76.1896270000000015
11
216.5983139999999878
21
-76.1906000000000034
0
LINE
8
BLACK
6
CONTINUOUS
10
216.5983139999999878
20
-76.1906000000000034
11
216.5975210000000004
21
-76.1934979999999911
0
LINE
8
BLACK
6
CONTINUOUS
10
216.5975210000000004
20
-76.1934979999999911
11
216.559426000000002
21
-76.2696899999999971
0
LINE
8
BLACK
6
CONTINUOUS
10
216.559426000000002
20
-76.2696899999999971
11
216.5535229999999842
21
-76.2772949999999952
0
LINE
8
BLACK
6
CONTINUOUS
10
216.5535229999999842
20
-76.2772949999999952
11
216.548185999999987
21
-76.2852829999999926
0
LINE
8
BLACK
6
CONTINUOUS
10
216.548185999999987
20
-76.2852829999999926
11
216.4719949999999926
21
-76.3614740000000012
0
LINE
8
BLACK
6
CONTINUOUS
10
216.4719949999999926
20
-76.3614740000000012
11
216.4665919999999915
21
-76.365083999999996
0
LINE
8
BLACK
6
CONTINUOUS
10
216.4665919999999915
20
-76.365083999999996
11
216.4652889999999843
21
-76.3672559999999976
0
LINE
8
BLACK
6
CONTINUOUS
10
216.4652889999999843
20
-76.3672559999999976
11
216.458642999999995
21
-76.370395000000002
0
LINE
8
BLACK
6
CONTINUOUS
10
216.458642999999995
20
-76.370395000000002
11
216.4525299999999959
21
-76.3744799999999913
0
LINE
8
BLACK
6
CONTINUOUS
10
216.4525299999999959
20
-76.3744799999999913
11
216.4499959999999987
21
-76.3744799999999913
0
LINE
8
BLACK
6
CONTINUOUS
10
216.4499959999999987
20
-76.3744799999999913
11
216.4441209999999955
21
-76.377254999999991
0
LINE
8
BLACK
6
CONTINUOUS
10
216.4441209999999955
20
-76.377254999999991
11
216.2917400000000043
21
-76.4153510000000011
0
LINE
8
BLACK
6
CONTINUOUS
10
216.2917400000000043
20
-76.4153510000000011
11
216.2843989999999792
21
-76.4157079999999951
0
LINE
8
BLACK
6
CONTINUOUS
10
216.2843989999999792
20
-76.4157079999999951
11
216.2771879999999953
21
-76.4171429999999958
0
LINE
8
BLACK
6
CONTINUOUS
10
216.2771879999999953
20
-76.4171429999999958
11
216.0105209999999829
21
-76.4171429999999958
0
LINE
8
BLACK
6
CONTINUOUS
10
216.0105209999999829
20
-76.4171429999999958
11
216.0033129999999915
21
-76.4157089999999926
0
LINE
8
BLACK
6
CONTINUOUS
10
216.0033129999999915
20
-76.4157089999999926
11
215.9959690000000023
21
-76.4153519999999986
0
LINE
8
BLACK
6
CONTINUOUS
10
215.9959690000000023
20
-76.4153519999999986
11
215.8435879999999827
21
-76.377254999999991
0
LINE
8
BLACK
6
CONTINUOUS
10
215.8435879999999827
20
-76.377254999999991
11
215.8377129999999795
21
-76.3744799999999913
0
LINE
8
BLACK
6
CONTINUOUS
10
215.8377129999999795
20
-76.3744799999999913
11
215.8351789999999824
21
-76.3744799999999913
0
LINE
8
BLACK
6
CONTINUOUS
10
215.8351789999999824
20
-76.3744799999999913
11
215.8290659999999832
21
-76.370395000000002
0
LINE
8
BLACK
6
CONTINUOUS
10
215.8290659999999832
20
-76.370395000000002
11
215.8224199999999939
21
-76.3672559999999976
0
LINE
8
BLACK
6
CONTINUOUS
10
215.8224199999999939
20
-76.3672559999999976
11
215.8211159999999893
21
-76.365082000000001
0
LINE
8
BLACK
6
CONTINUOUS
10
215.8211159999999893
20
-76.365082000000001
11
215.8157139999999856
21
-76.3614729999999895
0
LINE
8
BLACK
6
CONTINUOUS
10
215.8157139999999856
20
-76.3614729999999895
11
215.7395239999999887
21
-76.2852829999999926
0
LINE
8
BLACK
6
CONTINUOUS
10
215.7395239999999887
20
-76.2852829999999926
11
215.734185999999994
21
-76.2772949999999952
0
LINE
8
BLACK
6
CONTINUOUS
10
215.734185999999994
20
-76.2772949999999952
11
215.7282840000000022
21
-76.2696899999999971
0
LINE
8
BLACK
6
CONTINUOUS
10
215.7282840000000022
20
-76.2696899999999971
11
215.6901890000000037
21
-76.1934990000000028
0
LINE
8
BLACK
6
CONTINUOUS
10
215.6901890000000037
20
-76.1934990000000028
11
215.6893949999999904
21
-76.1906000000000034
0
LINE
8
BLACK
6
CONTINUOUS
10
215.6893949999999904
20
-76.1906000000000034
11
215.6884220000000028
21
-76.1896270000000015
0
LINE
8
BLACK
6
CONTINUOUS
10
215.6884220000000028
20
-76.1896270000000015
11
215.6865449999999953
21
-76.1801940000000002
0
LINE
8
BLACK
6
CONTINUOUS
10
215.6865449999999953
20
-76.1801940000000002
11
215.6840059999999824
21
-76.1709189999999978
0
LINE
8
BLACK
6
CONTINUOUS
10
215.6840059999999824
20
-76.1709189999999978
11
215.6844409999999925
21
-76.1696129999999982
0
LINE
8
BLACK
6
CONTINUOUS
10
215.6844409999999925
20
-76.1696129999999982
11
215.6838549999999941
21
-76.1666659999999922
0
LINE
8
BLACK
6
CONTINUOUS
10
215.6838549999999941
20
-76.1666659999999922
11
215.6838549999999941
21
-76.014285000000001
0
LINE
8
BLACK
6
CONTINUOUS
10
215.6838549999999941
20
-76.014285000000001
11
215.6844409999999925
21
-76.0113369999999975
0
LINE
8
BLACK
6
CONTINUOUS
10
215.6844409999999925
20
-76.0113369999999975
11
215.6840059999999824
21
-76.0100319999999954
0
LINE
8
BLACK
6
CONTINUOUS
10
215.6840059999999824
20
-76.0100319999999954
11
215.6865449999999953
21
-76.0007559999999955
0
LINE
8
BLACK
6
CONTINUOUS
10
215.6865449999999953
20
-76.0007559999999955
11
215.6884220000000028
21
-75.9913239999999917
0
LINE
8
BLACK
6
CONTINUOUS
10
215.6884220000000028
20
-75.9913239999999917
11
215.6893949999999904
21
-75.9903499999999923
0
LINE
8
BLACK
6
CONTINUOUS
10
215.6893949999999904
20
-75.9903499999999923
11
215.6901890000000037
21
-75.9874519999999904
0
LINE
8
BLACK
6
CONTINUOUS
10
215.6901890000000037
20
-75.9874519999999904
11
215.7282840000000022
21
-75.9112619999999936
0
LINE
8
BLACK
6
CONTINUOUS
10
215.7282840000000022
20
-75.9112619999999936
11
215.7341789999999833
21
-75.9036649999999895
0
LINE
8
BLACK
6
CONTINUOUS
10
215.7341789999999833
20
-75.9036649999999895
11
215.7395229999999913
21
-75.8956689999999981
0
LINE
8
BLACK
6
CONTINUOUS
10
215.7395229999999913
20
-75.8956689999999981
11
215.8157139999999856
21
-75.8194779999999895
0
LINE
8
BLACK
6
CONTINUOUS
10
215.8157139999999856
20
-75.8194779999999895
11
215.8211159999999893
21
-75.8158679999999947
0
LINE
8
BLACK
6
CONTINUOUS
10
215.8211159999999893
20
-75.8158679999999947
11
215.8224199999999939
21
-75.8136949999999956
0
LINE
8
BLACK
6
CONTINUOUS
10
215.8224199999999939
20
-75.8136949999999956
11
215.8290679999999782
21
-75.8105539999999962
0
LINE
8
BLACK
6
CONTINUOUS
10
215.8290679999999782
20
-75.8105539999999962
11
215.8351789999999824
21
-75.8064710000000019
0
LINE
8
BLACK
6
CONTINUOUS
10
215.8351789999999824
20
-75.8064710000000019
11
215.837711999999982
21
-75.8064710000000019
0
LINE
8
BLACK
6
CONTINUOUS
10
215.837711999999982
20
-75.8064710000000019
11
215.8435879999999827
21
-75.8036949999999905
0
LINE
8
BLACK
6
CONTINUOUS
10
215.8435879999999827
20
-75.8036949999999905
11
215.9959690000000023
21
-75.7655999999999921
0
LINE
8
BLACK
6
CONTINUOUS
10
215.9959690000000023
20
-75.7655999999999921
11
216.0033129999999915
21
-75.7652420000000006
0
LINE
8
BLACK
6
CONTINUOUS
10
216.0033129999999915
20
-75.7652420000000006
11
216.0105209999999829
21
-75.7638089999999949
0
LINE
8
BLACK
6
CONTINUOUS
10
216.0105209999999829
20
-75.7638089999999949
11
216.2771879999999953
21
-75.7638089999999949
0
LINE
8
BLACK
6
CONTINUOUS
10
216.2771879999999953
20
-75.7638089999999949
11
216.2843949999999893
21
-75.7652420000000006
0
LINE
8
BLACK
6
CONTINUOUS
10
215.8888139999999964
20
-75.9160820000000029
11
215.8312619999999811
21
-75.9736350000000016
0
LINE
8
BLACK
6
CONTINUOUS
10
215.8312619999999811
20
-75.9736350000000016
11
215.8038549999999987
21
-76.0284499999999923
0
LINE
8
BLACK
6
CONTINUOUS
10
215.8038549999999987
20
-76.0284499999999923
11
215.8038549999999987
21
-76.1525010000000009
0
LINE
8
BLACK
6
CONTINUOUS
10
215.8038549999999987
20
-76.1525010000000009
11
215.8312619999999811
21
-76.2073170000000033
0
LINE
8
BLACK
6
CONTINUOUS
10
215.8312619999999811
20
-76.2073170000000033
11
215.8888139999999964
21
-76.2648689999999903
0
LINE
8
BLACK
6
CONTINUOUS
10
215.8888139999999964
20
-76.2648689999999903
11
216.0179049999999847
21
-76.2971429999999913
0
LINE
8
BLACK
6
CONTINUOUS
10
216.0179049999999847
20
-76.2971429999999913
11
216.2698039999999935
21
-76.2971429999999913
0
LINE
8
BLACK
6
CONTINUOUS
10
216.2698039999999935
20
-76.2971429999999913
11
216.3988939999999843
21
-76.2648679999999928
0
LINE
8
BLACK
6
CONTINUOUS
10
216.3988939999999843
20
-76.2648679999999928
11
216.4564469999999972
21
-76.2073149999999941
0
LINE
8
BLACK
6
CONTINUOUS
10
216.4564469999999972
20
-76.2073149999999941
11
216.4838549999999771
21
-76.1525010000000009
0
LINE
8
BLACK
6
CONTINUOUS
10
216.4838549999999771
20
-76.1525010000000009
11
216.4838549999999771
21
-76.0284499999999923
0
LINE
8
BLACK
6
CONTINUOUS
10
216.4838549999999771
20
-76.0284499999999923
11
216.4564469999999972
21
-75.9736350000000016
0
LINE
8
BLACK
6
CONTINUOUS
10
216.4564469999999972
20
-75.9736350000000016
11
216.3988949999999818
21
-75.9160820000000029
0
LINE
8
BLACK
6
CONTINUOUS
10
216.3988949999999818
20
-75.9160820000000029
11
216.2698000000000036
21
-75.8838089999999994
0
LINE
8
BLACK
6
CONTINUOUS
10
216.2698000000000036
20
-75.8838089999999994
11
216.0179049999999847
21
-75.8838089999999994
0
LINE
8
BLACK
6
CONTINUOUS
10
216.0179049999999847
20
-75.8838089999999994
11
215.8888139999999964
21
-75.9160820000000029
0
LINE
8
BLACK
6
CONTINUOUS
10
218.8243949999999813
20
-75.7652420000000006
11
218.8317399999999964
21
-75.7655999999999921
0
LINE
8
BLACK
6
CONTINUOUS
10
218.8317399999999964
20
-75.7655999999999921
11
218.9841209999999876
21
-75.8036960000000022
0
LINE
8
BLACK
6
CONTINUOUS
10
218.9841209999999876
20
-75.8036960000000022
11
218.9899959999999908
21
-75.8064710000000019
0
LINE
8
BLACK
6
CONTINUOUS
10
218.9899959999999908
20
-75.8064710000000019
11
218.9925299999999879
21
-75.8064710000000019
0
LINE
8
BLACK
6
CONTINUOUS
10
218.9925299999999879
20
-75.8064710000000019
11
218.9986419999999896
21
-75.8105549999999937
0
LINE
8
BLACK
6
CONTINUOUS
10
218.9986419999999896
20
-75.8105549999999937
11
219.0052889999999763
21
-75.8136949999999956
0
LINE
8
BLACK
6
CONTINUOUS
10
219.0052889999999763
20
-75.8136949999999956
11
219.0065919999999835
21
-75.8158679999999947
0
LINE
8
BLACK
6
CONTINUOUS
10
219.0065919999999835
20
-75.8158679999999947
11
219.0119949999999847
21
-75.8194779999999895
0
LINE
8
BLACK
6
CONTINUOUS
10
219.0119949999999847
20
-75.8194779999999895
11
219.088185999999979
21
-75.8956680000000006
0
LINE
8
BLACK
6
CONTINUOUS
10
219.088185999999979
20
-75.8956680000000006
11
219.0935279999999921
21
-75.9036629999999946
0
LINE
8
BLACK
6
CONTINUOUS
10
219.0935279999999921
20
-75.9036629999999946
11
219.099425999999994
21
-75.9112619999999936
0
LINE
8
BLACK
6
CONTINUOUS
10
219.099425999999994
20
-75.9112619999999936
11
219.1375209999999925
21
-75.9874519999999904
0
LINE
8
BLACK
6
CONTINUOUS
10
219.1375209999999925
20
-75.9874519999999904
11
219.1383139999999798
21
-75.9903499999999923
0
LINE
8
BLACK
6
CONTINUOUS
10
219.1383139999999798
20
-75.9903499999999923
11
219.1392879999999934
21
-75.9913239999999917
0
LINE
8
BLACK
6
CONTINUOUS
10
219.1392879999999934
20
-75.9913239999999917
11
219.1411640000000034
21
-76.0007559999999955
0
LINE
8
BLACK
6
CONTINUOUS
10
219.1411640000000034
20
-76.0007559999999955
11
219.1437039999999854
21
-76.0100319999999954
0
LINE
8
BLACK
6
CONTINUOUS
10
219.1437039999999854
20
-76.0100319999999954
11
219.1432679999999777
21
-76.0113369999999975
0
LINE
8
BLACK
6
CONTINUOUS
10
219.1432679999999777
20
-76.0113369999999975
11
219.1438550000000021
21
-76.014285000000001
0
LINE
8
BLACK
6
CONTINUOUS
10
219.1438550000000021
20
-76.014285000000001
11
219.1438550000000021
21
-76.1666659999999922
0
LINE
8
BLACK
6
CONTINUOUS
10
219.1438550000000021
20
-76.1666659999999922
11
219.1432679999999777
21
-76.1696129999999982
0
LINE
8
BLACK
6
CONTINUOUS
10
219.1432679999999777
20
-76.1696129999999982
11
219.1437039999999854
21
-76.1709189999999978
0
LINE
8
BLACK
6
CONTINUOUS
10
219.1437039999999854
20
-76.1709189999999978
11
219.1411640000000034
21
-76.180191999999991
0
LINE
8
BLACK
6
CONTINUOUS
10
219.1411640000000034
20
-76.180191999999991
11
219.1392879999999934
21
-76.1896270000000015
0
LINE
8
BLACK
6
CONTINUOUS
10
219.1392879999999934
20
-76.1896270000000015
11
219.1383139999999798
21
-76.1906000000000034
0
LINE
8
BLACK
6
CONTINUOUS
10
219.1383139999999798
20
-76.1906000000000034
11
219.1375209999999925
21
-76.1934979999999911
0
LINE
8
BLACK
6
CONTINUOUS
10
219.1375209999999925
20
-76.1934979999999911
11
219.099425999999994
21
-76.2696899999999971
0
LINE
8
BLACK
6
CONTINUOUS
10
219.099425999999994
20
-76.2696899999999971
11
219.0935229999999763
21
-76.2772949999999952
0
LINE
8
BLACK
6
CONTINUOUS
10
219.0935229999999763
20
-76.2772949999999952
11
219.088185999999979
21
-76.2852829999999926
0
LINE
8
BLACK
6
CONTINUOUS
10
219.088185999999979
20
-76.2852829999999926
11
219.0119949999999847
21
-76.3614740000000012
0
LINE
8
BLACK
6
CONTINUOUS
10
219.0119949999999847
20
-76.3614740000000012
11
219.0065919999999835
21
-76.365083999999996
0
LINE
8
BLACK
6
CONTINUOUS
10
219.0065919999999835
20
-76.365083999999996
11
219.0052889999999763
21
-76.3672559999999976
0
LINE
8
BLACK
6
CONTINUOUS
10
219.0052889999999763
20
-76.3672559999999976
11
218.9986429999999871
21
-76.370395000000002
0
LINE
8
BLACK
6
CONTINUOUS
10
218.9986429999999871
20
-76.370395000000002
11
218.9925299999999879
21
-76.3744799999999913
0
LINE
8
BLACK
6
CONTINUOUS
10
218.9925299999999879
20
-76.3744799999999913
11
218.9899959999999908
21
-76.3744799999999913
0
LINE
8
BLACK
6
CONTINUOUS
10
218.9899959999999908
20
-76.3744799999999913
11
218.9841209999999876
21
-76.377254999999991
0
LINE
8
BLACK
6
CONTINUOUS
10
218.9841209999999876
20
-76.377254999999991
11
218.8317399999999964
21
-76.4153510000000011
0
LINE
8
BLACK
6
CONTINUOUS
10
218.8317399999999964
20
-76.4153510000000011
11
218.8243989999999997
21
-76.4157079999999951
0
LINE
8
BLACK
6
CONTINUOUS
10
218.8243989999999997
20
-76.4157079999999951
11
218.8171879999999874
21
-76.4171429999999958
0
LINE
8
BLACK
6
CONTINUOUS
10
218.8171879999999874
20
-76.4171429999999958
11
218.5505210000000034
21
-76.4171429999999958
0
LINE
8
BLACK
6
CONTINUOUS
10
218.5505210000000034
20
-76.4171429999999958
11
218.5433129999999835
21
-76.4157089999999926
0
LINE
8
BLACK
6
CONTINUOUS
10
218.5433129999999835
20
-76.4157089999999926
11
218.5359689999999944
21
-76.4153519999999986
0
LINE
8
BLACK
6
CONTINUOUS
10
218.5359689999999944
20
-76.4153519999999986
11
218.3835880000000031
21
-76.377254999999991
0
LINE
8
BLACK
6
CONTINUOUS
10
218.3835880000000031
20
-76.377254999999991
11
218.377713
21
-76.3744799999999913
0
LINE
8
BLACK
6
CONTINUOUS
10
218.377713
20
-76.3744799999999913
11
218.3751790000000028
21
-76.3744799999999913
0
LINE
8
BLACK
6
CONTINUOUS
10
218.3751790000000028
20
-76.3744799999999913
11
218.3690660000000037
21
-76.370395000000002
0
LINE
8
BLACK
6
CONTINUOUS
10
218.3690660000000037
20
-76.370395000000002
11
218.362419999999986
21
-76.3672559999999976
0
LINE
8
BLACK
6
CONTINUOUS
10
218.362419999999986
20
-76.3672559999999976
11
218.3611159999999813
21
-76.365082000000001
0
LINE
8
BLACK
6
CONTINUOUS
10
218.3611159999999813
20
-76.365082000000001
11
218.3557139999999777
21
-76.3614729999999895
0
LINE
8
BLACK
6
CONTINUOUS
10
218.3557139999999777
20
-76.3614729999999895
11
218.2795239999999808
21
-76.2852829999999926
0
LINE
8
BLACK
6
CONTINUOUS
10
218.2795239999999808
20
-76.2852829999999926
11
218.2741859999999861
21
-76.2772949999999952
0
LINE
8
BLACK
6
CONTINUOUS
10
218.2741859999999861
20
-76.2772949999999952
11
218.2682839999999942
21
-76.2696899999999971
0
LINE
8
BLACK
6
CONTINUOUS
10
218.2682839999999942
20
-76.2696899999999971
11
218.2301889999999958
21
-76.1934990000000028
0
LINE
8
BLACK
6
CONTINUOUS
10
218.2301889999999958
20
-76.1934990000000028
11
218.2293949999999825
21
-76.1906000000000034
0
LINE
8
BLACK
6
CONTINUOUS
10
218.2293949999999825
20
-76.1906000000000034
11
218.2284219999999948
21
-76.1896270000000015
0
LINE
8
BLACK
6
CONTINUOUS
10
218.2284219999999948
20
-76.1896270000000015
11
218.2265449999999873
21
-76.1801940000000002
0
LINE
8
BLACK
6
CONTINUOUS
10
218.2265449999999873
20
-76.1801940000000002
11
218.2240060000000028
21
-76.1709189999999978
0
LINE
8
BLACK
6
CONTINUOUS
10
218.2240060000000028
20
-76.1709189999999978
11
218.2244409999999846
21
-76.1696129999999982
0
LINE
8
BLACK
6
CONTINUOUS
10
218.2244409999999846
20
-76.1696129999999982
11
218.2238549999999861
21
-76.1666659999999922
0
LINE
8
BLACK
6
CONTINUOUS
10
218.2238549999999861
20
-76.1666659999999922
11
218.2238549999999861
21
-76.014285000000001
0
LINE
8
BLACK
6
CONTINUOUS
10
218.2238549999999861
20
-76.014285000000001
11
218.2244409999999846
21
-76.0113369999999975
0
LINE
8
BLACK
6
CONTINUOUS
10
218.2244409999999846
20
-76.0113369999999975
11
218.2240060000000028
21
-76.0100319999999954
0
LINE
8
BLACK
6
CONTINUOUS
10
218.2240060000000028
20
-76.0100319999999954
11
218.2265449999999873
21
-76.0007559999999955
0
LINE
8
BLACK
6
CONTINUOUS
10
218.2265449999999873
20
-76.0007559999999955
11
218.2284219999999948
21
-75.9913239999999917
0
LINE
8
BLACK
6
CONTINUOUS
10
218.2284219999999948
20
-75.9913239999999917
11
218.2293949999999825
21
-75.9903499999999923
0
LINE
8
BLACK
6
CONTINUOUS
10
218.2293949999999825
20
-75.9903499999999923
11
218.2301889999999958
21
-75.9874519999999904
0
LINE
8
BLACK
6
CONTINUOUS
10
218.2301889999999958
20
-75.9874519999999904
11
218.2682839999999942
21
-75.9112619999999936
0
LINE
8
BLACK
6
CONTINUOUS
10
218.2682839999999942
20
-75.9112619999999936
11
218.2741790000000037
21
-75.9036649999999895
0
LINE
8
BLACK
6
CONTINUOUS
10
218.2741790000000037
20
-75.9036649999999895
11
218.2795229999999833
21
-75.8956689999999981
0
LINE
8
BLACK
6
CONTINUOUS
10
218.2795229999999833
20
-75.8956689999999981
11
218.3557139999999777
21
-75.8194779999999895
0
LINE
8
BLACK
6
CONTINUOUS
10
218.3557139999999777
20
-75.8194779999999895
11
218.3611159999999813
21
-75.8158679999999947
0
LINE
8
BLACK
6
CONTINUOUS
10
218.3611159999999813
20
-75.8158679999999947
11
218.362419999999986
21
-75.8136949999999956
0
LINE
8
BLACK
6
CONTINUOUS
10
218.362419999999986
20
-75.8136949999999956
11
218.3690679999999986
21
-75.8105539999999962
0
LINE
8
BLACK
6
CONTINUOUS
10
218.3690679999999986
20
-75.8105539999999962
11
218.3751790000000028
21
-75.8064710000000019
0
LINE
8
BLACK
6
CONTINUOUS
10
218.3751790000000028
20
-75.8064710000000019
11
218.3777120000000025
21
-75.8064710000000019
0
LINE
8
BLACK
6
CONTINUOUS
10
218.3777120000000025
20
-75.8064710000000019
11
218.3835880000000031
21
-75.8036949999999905
0
LINE
8
BLACK
6
CONTINUOUS
10
218.3835880000000031
20
-75.8036949999999905
11
218.5359689999999944
21
-75.7655999999999921
0
LINE
8
BLACK
6
CONTINUOUS
10
218.5359689999999944
20
-75.7655999999999921
11
218.5433129999999835
21
-75.7652420000000006
0
LINE
8
BLACK
6
CONTINUOUS
10
218.5433129999999835
20
-75.7652420000000006
11
218.5505210000000034
21
-75.7638089999999949
0
LINE
8
BLACK
6
CONTINUOUS
10
218.5505210000000034
20
-75.7638089999999949
11
218.8171879999999874
21
-75.7638089999999949
0
LINE
8
BLACK
6
CONTINUOUS
10
218.8171879999999874
20
-75.7638089999999949
11
218.8243949999999813
21
-75.7652420000000006
0
LINE
8
BLACK
6
CONTINUOUS
10
218.4288139999999885
20
-75.9160820000000029
11
218.3712620000000015
21
-75.9736350000000016
0
LINE
8
BLACK
6
CONTINUOUS
10
218.3712620000000015
20
-75.9736350000000016
11
218.3438549999999907
21
-76.0284499999999923
0
LINE
8
BLACK
6
CONTINUOUS
10
218.3438549999999907
20
-76.0284499999999923
11
218.3438549999999907
21
-76.1525010000000009
0
LINE
8
BLACK
6
CONTINUOUS
10
218.3438549999999907
20
-76.1525010000000009
11
218.3712620000000015
21
-76.2073170000000033
0
LINE
8
BLACK
6
CONTINUOUS
10
218.3712620000000015
20
-76.2073170000000033
11
218.4288139999999885
21
-76.2648689999999903
0
LINE
8
BLACK
6
CONTINUOUS
10
218.4288139999999885
20
-76.2648689999999903
11
218.5579049999999768
21
-76.2971429999999913
0
LINE
8
BLACK
6
CONTINUOUS
10
218.5579049999999768
20
-76.2971429999999913
11
218.8098039999999855
21
-76.2971429999999913
0
LINE
8
BLACK
6
CONTINUOUS
10
218.8098039999999855
20
-76.2971429999999913
11
218.9388939999999764
21
-76.2648679999999928
0
LINE
8
BLACK
6
CONTINUOUS
10
218.9388939999999764
20
-76.2648679999999928
11
218.9964469999999892
21
-76.2073149999999941
0
LINE
8
BLACK
6
CONTINUOUS
10
218.9964469999999892
20
-76.2073149999999941
11
219.0238549999999975
21
-76.1525010000000009
0
LINE
8
BLACK
6
CONTINUOUS
10
219.0238549999999975
20
-76.1525010000000009
11
219.0238549999999975
21
-76.0284499999999923
0
LINE
8
BLACK
6
CONTINUOUS
10
219.0238549999999975
20
-76.0284499999999923
11
218.9964469999999892
21
-75.9736350000000016
0
LINE
8
BLACK
6
CONTINUOUS
10
218.9964469999999892
20
-75.9736350000000016
11
218.9388950000000023
21
-75.9160820000000029
0
LINE
8
BLACK
6
CONTINUOUS
10
218.9388950000000023
20
-75.9160820000000029
11
218.8097999999999956
21
-75.8838089999999994
0
LINE
8
BLACK
6
CONTINUOUS
10
218.8097999999999956
20
-75.8838089999999994
11
218.5579049999999768
21
-75.8838089999999994
0
LINE
8
BLACK
6
CONTINUOUS
10
218.5579049999999768
20
-75.8838089999999994
11
218.4288139999999885
21
-75.9160820000000029
0
LINE
8
BLACK
6
CONTINUOUS
10
208.1461479999999824
20
-74.9683759999999921
11
208.1468160000000012
21
-74.9683759999999921
0
LINE
8
BLACK
6
CONTINUOUS
10
208.1468160000000012
20
-74.9683759999999921
11
208.146995000000004
21
-74.9685549999999949
0
LINE
8
BLACK
6
CONTINUOUS
10
208.146995000000004
20
-74.9685549999999949
11
208.1474900000000048
21
-74.9686599999999999
0
LINE
8
BLACK
6
CONTINUOUS
10
208.1474900000000048
20
-74.9686599999999999
11
208.9474899999999877
21
-75.3115179999999924
0
LINE
8
BLACK
6
CONTINUOUS
10
208.9474899999999877
20
-75.3115179999999924
11
208.9667949999999905
21
-75.3247609999999952
0
LINE
8
BLACK
6
CONTINUOUS
10
208.9667949999999905
20
-75.3247609999999952
11
208.9838499999999897
21
-75.3673989999999918
0
LINE
8
BLACK
6
CONTINUOUS
10
208.9838499999999897
20
-75.3673989999999918
11
208.9657609999999863
21
-75.4096069999999941
0
LINE
8
BLACK
6
CONTINUOUS
10
208.9657609999999863
20
-75.4096069999999941
11
208.9231230000000039
21
-75.4266629999999907
0
LINE
8
BLACK
6
CONTINUOUS
10
208.9231230000000039
20
-75.4266629999999907
11
208.9002189999999928
21
-75.4218159999999926
0
LINE
8
BLACK
6
CONTINUOUS
10
208.9002189999999928
20
-75.4218159999999926
11
208.1838549999999941
21
-75.1148009999999999
0
LINE
8
BLACK
6
CONTINUOUS
10
208.1838549999999941
20
-75.1148009999999999
11
208.1838549999999941
21
-75.5571429999999964
0
LINE
8
BLACK
6
CONTINUOUS
10
208.1838549999999941
20
-75.5571429999999964
11
208.1792879999999855
21
-75.5801039999999915
0
LINE
8
BLACK
6
CONTINUOUS
10
208.1792879999999855
20
-75.5801039999999915
11
208.1468160000000012
21
-75.61257599999999
0
LINE
8
BLACK
6
CONTINUOUS
10
208.1468160000000012
20
-75.61257599999999
11
208.1008939999999825
21
-75.61257599999999
0
LINE
8
BLACK
6
CONTINUOUS
10
208.1008939999999825
20
-75.61257599999999
11
208.0684219999999982
21
-75.5801039999999915
0
LINE
8
BLACK
6
CONTINUOUS
10
208.0684219999999982
20
-75.5801039999999915
11
208.0638549999999896
21
-75.5571429999999964
0
LINE
8
BLACK
6
CONTINUOUS
10
208.0638549999999896
20
-75.5571429999999964
11
208.0638549999999896
21
-75.023809
0
LINE
8
BLACK
6
CONTINUOUS
10
208.0638549999999896
20
-75.023809
11
208.0639529999999979
21
-75.0233130000000017
0
LINE
8
BLACK
6
CONTINUOUS
10
208.0639529999999979
20
-75.0233130000000017
11
208.0638589999999795
21
-75.0230770000000007
0
LINE
8
BLACK
6
CONTINUOUS
10
208.0638589999999795
20
-75.0230770000000007
11
208.064122999999995
21
-75.0224599999999953
0
LINE
8
BLACK
6
CONTINUOUS
10
208.064122999999995
20
-75.0224599999999953
11
208.0684219999999982
21
-75.0008479999999906
0
LINE
8
BLACK
6
CONTINUOUS
10
208.0684219999999982
20
-75.0008479999999906
11
208.0771089999999788
21
-74.9921599999999984
0
LINE
8
BLACK
6
CONTINUOUS
10
208.0771089999999788
20
-74.9921599999999984
11
208.0819489999999803
21
-74.980868000000001
0
LINE
8
BLACK
6
CONTINUOUS
10
208.0819489999999803
20
-74.980868000000001
11
208.0927030000000002
21
-74.9765659999999912
0
LINE
8
BLACK
6
CONTINUOUS
10
208.0927030000000002
20
-74.9765659999999912
11
208.1008939999999825
21
-74.9683759999999921
0
LINE
8
BLACK
6
CONTINUOUS
10
208.1008939999999825
20
-74.9683759999999921
11
208.1131790000000024
21
-74.9683759999999921
0
LINE
8
BLACK
6
CONTINUOUS
10
208.1131790000000024
20
-74.9683759999999921
11
208.1245869999999911
21
-74.9638130000000018
0
LINE
8
BLACK
6
CONTINUOUS
10
208.1245869999999911
20
-74.9638130000000018
11
208.1461479999999824
21
-74.9683759999999921
0
LINE
8
BLACK
6
CONTINUOUS
10
218.9344209999999862
20
-75.002490999999992
11
218.9357269999999858
21
-75.0020559999999961
0
LINE
8
BLACK
6
CONTINUOUS
10
218.9357269999999858
20
-75.0020559999999961
11
218.9450019999999881
21
-75.0045949999999948
0
LINE
8
BLACK
6
CONTINUOUS
10
218.9450019999999881
20
-75.0045949999999948
11
218.9544349999999895
21
-75.0064720000000023
0
LINE
8
BLACK
6
CONTINUOUS
10
218.9544349999999895
20
-75.0064720000000023
11
218.9554079999999772
21
-75.0074449999999899
0
LINE
8
BLACK
6
CONTINUOUS
10
218.9554079999999772
20
-75.0074449999999899
11
218.9583069999999907
21
-75.0082390000000032
0
LINE
8
BLACK
6
CONTINUOUS
10
218.9583069999999907
20
-75.0082390000000032
11
219.0344969999999876
21
-75.0463340000000017
0
LINE
8
BLACK
6
CONTINUOUS
10
219.0344969999999876
20
-75.0463340000000017
11
219.0420949999999891
21
-75.0522309999999919
0
LINE
8
BLACK
6
CONTINUOUS
10
219.0420949999999891
20
-75.0522309999999919
11
219.0500899999999831
21
-75.0575729999999908
0
LINE
8
BLACK
6
CONTINUOUS
10
219.0500899999999831
20
-75.0575729999999908
11
219.088185999999979
21
-75.0956680000000034
0
LINE
8
BLACK
6
CONTINUOUS
10
219.088185999999979
20
-75.0956680000000034
11
219.0935279999999921
21
-75.1036619999999999
0
LINE
8
BLACK
6
CONTINUOUS
10
219.0935279999999921
20
-75.1036619999999999
11
219.099425999999994
21
-75.1112619999999964
0
LINE
8
BLACK
6
CONTINUOUS
10
219.099425999999994
20
-75.1112619999999964
11
219.1375209999999925
21
-75.1874540000000025
0
LINE
8
BLACK
6
CONTINUOUS
10
219.1375209999999925
20
-75.1874540000000025
11
219.1383139999999798
21
-75.1903509999999926
0
LINE
8
BLACK
6
CONTINUOUS
10
219.1383139999999798
20
-75.1903509999999926
11
219.1392879999999934
21
-75.191324999999992
0
LINE
8
BLACK
6
CONTINUOUS
10
219.1392879999999934
20
-75.191324999999992
11
219.1411640000000034
21
-75.2007589999999908
0
LINE
8
BLACK
6
CONTINUOUS
10
219.1411640000000034
20
-75.2007589999999908
11
219.1437039999999854
21
-75.2100329999999957
0
LINE
8
BLACK
6
CONTINUOUS
10
219.1437039999999854
20
-75.2100329999999957
11
219.1432679999999777
21
-75.2113379999999978
0
LINE
8
BLACK
6
CONTINUOUS
10
219.1432679999999777
20
-75.2113379999999978
11
219.1438550000000021
21
-75.2142860000000013
0
LINE
8
BLACK
6
CONTINUOUS
10
219.1438550000000021
20
-75.2142860000000013
11
219.1438550000000021
21
-75.4428570000000036
0
LINE
8
BLACK
6
CONTINUOUS
10
219.1438550000000021
20
-75.4428570000000036
11
219.1432679999999777
21
-75.4458039999999954
0
LINE
8
BLACK
6
CONTINUOUS
10
219.1432679999999777
20
-75.4458039999999954
11
219.1437039999999854
21
-75.447109999999995
0
LINE
8
BLACK
6
CONTINUOUS
10
219.1437039999999854
20
-75.447109999999995
11
219.1411640000000034
21
-75.4563830000000024
0
LINE
8
BLACK
6
CONTINUOUS
10
219.1411640000000034
20
-75.4563830000000024
11
219.1392879999999934
21
-75.4658179999999987
0
LINE
8
BLACK
6
CONTINUOUS
10
219.1392879999999934
20
-75.4658179999999987
11
219.1383139999999798
21
-75.4667910000000006
0
LINE
8
BLACK
6
CONTINUOUS
10
219.1383139999999798
20
-75.4667910000000006
11
219.1375209999999925
21
-75.4696890000000025
0
LINE
8
BLACK
6
CONTINUOUS
10
219.1375209999999925
20
-75.4696890000000025
11
219.099425999999994
21
-75.5458809999999943
0
LINE
8
BLACK
6
CONTINUOUS
10
219.099425999999994
20
-75.5458809999999943
11
219.0935279999999921
21
-75.5534799999999933
0
LINE
8
BLACK
6
CONTINUOUS
10
219.0935279999999921
20
-75.5534799999999933
11
219.088185999999979
21
-75.5614750000000015
0
LINE
8
BLACK
6
CONTINUOUS
10
219.088185999999979
20
-75.5614750000000015
11
219.0500899999999831
21
-75.5995699999999999
0
LINE
8
BLACK
6
CONTINUOUS
10
219.0500899999999831
20
-75.5995699999999999
11
219.0306239999999889
21
-75.61257599999999
0
LINE
8
BLACK
6
CONTINUOUS
10
219.0306239999999889
20
-75.61257599999999
11
218.9847019999999986
21
-75.61257599999999
0
LINE
8
BLACK
6
CONTINUOUS
10
218.9847019999999986
20
-75.61257599999999
11
218.9522309999999834
21
-75.580102999999994
0
LINE
8
BLACK
6
CONTINUOUS
10
218.9522309999999834
20
-75.580102999999994
11
218.9522309999999834
21
-75.5341809999999896
0
LINE
8
BLACK
6
CONTINUOUS
10
218.9522309999999834
20
-75.5341809999999896
11
218.9652379999999994
21
-75.5147159999999928
0
LINE
8
BLACK
6
CONTINUOUS
10
218.9652379999999994
20
-75.5147159999999928
11
218.9964479999999867
21
-75.4835059999999913
0
LINE
8
BLACK
6
CONTINUOUS
10
218.9964479999999867
20
-75.4835059999999913
11
219.0238549999999975
21
-75.4286919999999981
0
LINE
8
BLACK
6
CONTINUOUS
10
219.0238549999999975
20
-75.4286919999999981
11
219.0238549999999975
21
-75.2284499999999952
0
LINE
8
BLACK
6
CONTINUOUS
10
219.0238549999999975
20
-75.2284499999999952
11
218.9964479999999867
21
-75.1736360000000019
0
LINE
8
BLACK
6
CONTINUOUS
10
218.9964479999999867
20
-75.1736360000000019
11
218.9721229999999821
21
-75.1493119999999948
0
LINE
8
BLACK
6
CONTINUOUS
10
218.9721229999999821
20
-75.1493119999999948
11
218.9173089999999888
21
-75.1219049999999982
0
LINE
8
BLACK
6
CONTINUOUS
10
218.9173089999999888
20
-75.1219049999999982
11
218.7551629999999818
21
-75.1219049999999982
0
LINE
8
BLACK
6
CONTINUOUS
10
218.7551629999999818
20
-75.1219049999999982
11
218.7003469999999936
21
-75.1493119999999948
0
LINE
8
BLACK
6
CONTINUOUS
10
218.7003469999999936
20
-75.1493119999999948
11
218.676023999999984
21
-75.1736349999999902
0
LINE
8
BLACK
6
CONTINUOUS
10
218.676023999999984
20
-75.1736349999999902
11
218.6486170000000016
21
-75.2284499999999952
0
LINE
8
BLACK
6
CONTINUOUS
10
218.6486170000000016
20
-75.2284499999999952
11
218.6486170000000016
21
-75.3285709999999966
0
LINE
8
BLACK
6
CONTINUOUS
10
218.6486170000000016
20
-75.3285709999999966
11
218.6452879999999936
21
-75.3453030000000012
0
LINE
8
BLACK
6
CONTINUOUS
10
218.6452879999999936
20
-75.3453030000000012
11
218.6454549999999983
21
-75.3477939999999933
0
LINE
8
BLACK
6
CONTINUOUS
10
218.6454549999999983
20
-75.3477939999999933
11
218.644598000000002
21
-75.3487719999999968
0
LINE
8
BLACK
6
CONTINUOUS
10
218.644598000000002
20
-75.3487719999999968
11
218.6440499999999929
21
-75.3515319999999917
0
LINE
8
BLACK
6
CONTINUOUS
10
218.6440499999999929
20
-75.3515319999999917
11
218.6291239999999902
21
-75.3664579999999944
0
LINE
8
BLACK
6
CONTINUOUS
10
218.6291239999999902
20
-75.3664579999999944
11
218.6152149999999779
21
-75.3823539999999923
0
LINE
8
BLACK
6
CONTINUOUS
10
218.6152149999999779
20
-75.3823539999999923
11
218.6130859999999814
21
-75.3824949999999916
0
LINE
8
BLACK
6
CONTINUOUS
10
218.6130859999999814
20
-75.3824949999999916
11
218.6115779999999802
21
-75.3840039999999902
0
LINE
8
BLACK
6
CONTINUOUS
10
218.6115779999999802
20
-75.3840039999999902
11
218.5904669999999896
21
-75.3840039999999902
0
LINE
8
BLACK
6
CONTINUOUS
10
218.5904669999999896
20
-75.3840039999999902
11
218.5693939999999884
21
-75.3854089999999957
0
LINE
8
BLACK
6
CONTINUOUS
10
218.5693939999999884
20
-75.3854089999999957
11
218.5669539999999813
21
-75.3840039999999902
0
LINE
8
BLACK
6
CONTINUOUS
10
218.5669539999999813
20
-75.3840039999999902
11
218.5656559999999899
21
-75.3840039999999902
0
LINE
8
BLACK
6
CONTINUOUS
10
218.5656559999999899
20
-75.3840039999999902
11
218.5638929999999789
21
-75.3822409999999934
0
LINE
8
BLACK
6
CONTINUOUS
10
218.5638929999999789
20
-75.3822409999999934
11
218.5491069999999922
21
-75.3737259999999907
0
LINE
8
BLACK
6
CONTINUOUS
10
218.5491069999999922
20
-75.3737259999999907
11
218.3438549999999907
21
-75.1941309999999987
0
LINE
8
BLACK
6
CONTINUOUS
10
218.3438549999999907
20
-75.1941309999999987
11
218.3438549999999907
21
-75.5571429999999964
0
LINE
8
BLACK
6
CONTINUOUS
10
218.3438549999999907
20
-75.5571429999999964
11
218.339287999999982
21
-75.5801039999999915
0
LINE
8
BLACK
6
CONTINUOUS
10
218.339287999999982
20
-75.5801039999999915
11
218.3068159999999978
21
-75.61257599999999
0
LINE
8
BLACK
6
CONTINUOUS
10
218.3068159999999978
20
-75.61257599999999
11
218.2608939999999791
21
-75.61257599999999
0
LINE
8
BLACK
6
CONTINUOUS
10
218.2608939999999791
20
-75.61257599999999
11
218.2284219999999948
21
-75.5801039999999915
0
LINE
8
BLACK
6
CONTINUOUS
10
218.2284219999999948
20
-75.5801039999999915
11
218.2238549999999861
21
-75.5571429999999964
0
LINE
8
BLACK
6
CONTINUOUS
10
218.2238549999999861
20
-75.5571429999999964
11
218.2238549999999861
21
-75.0619049999999959
0
LINE
8
BLACK
6
CONTINUOUS
10
218.2238549999999861
20
-75.0619049999999959
11
218.2271829999999966
21
-75.0451719999999938
0
LINE
8
BLACK
6
CONTINUOUS
10
218.2271829999999966
20
-75.0451719999999938
11
218.2270169999999894
21
-75.0426819999999992
0
LINE
8
BLACK
6
CONTINUOUS
10
218.2270169999999894
20
-75.0426819999999992
11
218.2278729999999882
21
-75.0417029999999983
0
LINE
8
BLACK
6
CONTINUOUS
10
218.2278729999999882
20
-75.0417029999999983
11
218.2284219999999948
21
-75.0389440000000008
0
LINE
8
BLACK
6
CONTINUOUS
10
218.2284219999999948
20
-75.0389440000000008
11
218.2433479999999975
21
-75.0240179999999981
0
LINE
8
BLACK
6
CONTINUOUS
10
218.2433479999999975
20
-75.0240179999999981
11
218.2572569999999814
21
-75.0081220000000002
0
LINE
8
BLACK
6
CONTINUOUS
10
218.2572569999999814
20
-75.0081220000000002
11
218.2593849999999804
21
-75.0079800000000034
0
LINE
8
BLACK
6
CONTINUOUS
10
218.2593849999999804
20
-75.0079800000000034
11
218.2608939999999791
21
-75.0064720000000023
0
LINE
8
BLACK
6
CONTINUOUS
10
218.2608939999999791
20
-75.0064720000000023
11
218.2820049999999981
21
-75.0064720000000023
0
LINE
8
BLACK
6
CONTINUOUS
10
218.2820049999999981
20
-75.0064720000000023
11
218.3030779999999993
21
-75.0050669999999968
0
LINE
8
BLACK
6
CONTINUOUS
10
218.3030779999999993
20
-75.0050669999999968
11
218.305517999999978
21
-75.0064720000000023
0
LINE
8
BLACK
6
CONTINUOUS
10
218.305517999999978
20
-75.0064720000000023
11
218.3068159999999978
21
-75.0064720000000023
0
LINE
8
BLACK
6
CONTINUOUS
10
218.3068159999999978
20
-75.0064720000000023
11
218.3085779999999829
21
-75.0082340000000016
0
LINE
8
BLACK
6
CONTINUOUS
10
218.3085779999999829
20
-75.0082340000000016
11
218.3233649999999955
21
-75.0167500000000018
0
LINE
8
BLACK
6
CONTINUOUS
10
218.3233649999999955
20
-75.0167500000000018
11
218.5316559999999981
21
-75.1990040000000022
0
LINE
8
BLACK
6
CONTINUOUS
10
218.5316559999999981
20
-75.1990040000000022
11
218.5331839999999772
21
-75.191324999999992
0
LINE
8
BLACK
6
CONTINUOUS
10
218.5331839999999772
20
-75.191324999999992
11
218.5341569999999933
21
-75.1903509999999926
0
LINE
8
BLACK
6
CONTINUOUS
10
218.5341569999999933
20
-75.1903509999999926
11
218.5349509999999782
21
-75.1874529999999908
0
LINE
8
BLACK
6
CONTINUOUS
10
218.5349509999999782
20
-75.1874529999999908
11
218.5730459999999766
21
-75.1112619999999964
0
LINE
8
BLACK
6
CONTINUOUS
10
218.5730459999999766
20
-75.1112619999999964
11
218.5789479999999969
21
-75.1036560000000009
0
LINE
8
BLACK
6
CONTINUOUS
10
218.5789479999999969
20
-75.1036560000000009
11
218.5842859999999916
21
-75.0956690000000009
0
LINE
8
BLACK
6
CONTINUOUS
10
218.5842859999999916
20
-75.0956690000000009
11
218.6223799999999926
21
-75.0575740000000025
0
LINE
8
BLACK
6
CONTINUOUS
10
218.6223799999999926
20
-75.0575740000000025
11
218.6303739999999891
21
-75.0522309999999919
0
LINE
8
BLACK
6
CONTINUOUS
10
218.6303739999999891
20
-75.0522309999999919
11
218.6379739999999856
21
-75.0463340000000017
0
LINE
8
BLACK
6
CONTINUOUS
10
218.6379739999999856
20
-75.0463340000000017
11
218.7141659999999774
21
-75.0082390000000032
0
LINE
8
BLACK
6
CONTINUOUS
10
218.7141659999999774
20
-75.0082390000000032
11
218.717062999999996
21
-75.0074449999999899
0
LINE
8
BLACK
6
CONTINUOUS
10
218.717062999999996
20
-75.0074449999999899
11
218.7180369999999812
21
-75.0064720000000023
0
LINE
8
BLACK
6
CONTINUOUS
10
218.7180369999999812
20
-75.0064720000000023
11
218.72747099999998
21
-75.0045949999999948
0
LINE
8
BLACK
6
CONTINUOUS
10
218.72747099999998
20
-75.0045949999999948
11
218.7367449999999849
21
-75.0020559999999961
0
LINE
8
BLACK
6
CONTINUOUS
10
218.7367449999999849
20
-75.0020559999999961
11
218.738049999999987
21
-75.002490999999992
0
LINE
8
BLACK
6
CONTINUOUS
10
218.738049999999987
20
-75.002490999999992
11
218.7409979999999905
21
-75.0019049999999936
0
LINE
8
BLACK
6
CONTINUOUS
10
218.7409979999999905
20
-75.0019049999999936
11
218.9314739999999802
21
-75.0019049999999936
0
LINE
8
BLACK
6
CONTINUOUS
10
218.9314739999999802
20
-75.0019049999999936
11
218.9344209999999862
21
-75.002490999999992
0
LINE
8
BLACK
6
CONTINUOUS
10
211.3144209999999816
20
-75.002490999999992
11
211.3157269999999812
21
-75.0020559999999961
0
LINE
8
BLACK
6
CONTINUOUS
10
211.3157269999999812
20
-75.0020559999999961
11
211.3250019999999836
21
-75.0045949999999948
0
LINE
8
BLACK
6
CONTINUOUS
10
211.3250019999999836
20
-75.0045949999999948
11
211.3344349999999849
21
-75.0064720000000023
0
LINE
8
BLACK
6
CONTINUOUS
10
211.3344349999999849
20
-75.0064720000000023
11
211.335408000000001
21
-75.0074449999999899
0
LINE
8
BLACK
6
CONTINUOUS
10
211.335408000000001
20
-75.0074449999999899
11
211.3383069999999861
21
-75.0082390000000032
0
LINE
8
BLACK
6
CONTINUOUS
10
211.3383069999999861
20
-75.0082390000000032
11
211.414496999999983
21
-75.0463340000000017
0
LINE
8
BLACK
6
CONTINUOUS
10
211.414496999999983
20
-75.0463340000000017
11
211.4220949999999846
21
-75.0522309999999919
0
LINE
8
BLACK
6
CONTINUOUS
10
211.4220949999999846
20
-75.0522309999999919
11
211.4300899999999785
21
-75.0575729999999908
0
LINE
8
BLACK
6
CONTINUOUS
10
211.4300899999999785
20
-75.0575729999999908
11
211.4681860000000029
21
-75.0956680000000034
0
LINE
8
BLACK
6
CONTINUOUS
10
211.4681860000000029
20
-75.0956680000000034
11
211.4735279999999875
21
-75.1036619999999999
0
LINE
8
BLACK
6
CONTINUOUS
10
211.4735279999999875
20
-75.1036619999999999
11
211.4794259999999895
21
-75.1112619999999964
0
LINE
8
BLACK
6
CONTINUOUS
10
211.4794259999999895
20
-75.1112619999999964
11
211.5175209999999879
21
-75.1874540000000025
0
LINE
8
BLACK
6
CONTINUOUS
10
211.5175209999999879
20
-75.1874540000000025
11
211.5183140000000037
21
-75.1903509999999926
0
LINE
8
BLACK
6
CONTINUOUS
10
211.5183140000000037
20
-75.1903509999999926
11
211.5192879999999889
21
-75.191324999999992
0
LINE
8
BLACK
6
CONTINUOUS
10
211.5192879999999889
20
-75.191324999999992
11
211.5211639999999989
21
-75.2007589999999908
0
LINE
8
BLACK
6
CONTINUOUS
10
211.5211639999999989
20
-75.2007589999999908
11
211.5237039999999809
21
-75.2100329999999957
0
LINE
8
BLACK
6
CONTINUOUS
10
211.5237039999999809
20
-75.2100329999999957
11
211.5232680000000016
21
-75.2113379999999978
0
LINE
8
BLACK
6
CONTINUOUS
10
211.5232680000000016
20
-75.2113379999999978
11
211.5238549999999975
21
-75.2142860000000013
0
LINE
8
BLACK
6
CONTINUOUS
10
211.5238549999999975
20
-75.2142860000000013
11
211.5238549999999975
21
-75.3666669999999925
0
LINE
8
BLACK
6
CONTINUOUS
10
211.5238549999999975
20
-75.3666669999999925
11
211.5232680000000016
21
-75.3696139999999986
0
LINE
8
BLACK
6
CONTINUOUS
10
211.5232680000000016
20
-75.3696139999999986
11
211.5237039999999809
21
-75.3709199999999981
0
LINE
8
BLACK
6
CONTINUOUS
10
211.5237039999999809
20
-75.3709199999999981
11
211.5211639999999989
21
-75.3801950000000005
0
LINE
8
BLACK
6
CONTINUOUS
10
211.5211639999999989
20
-75.3801950000000005
11
211.5192879999999889
21
-75.3896280000000019
0
LINE
8
BLACK
6
CONTINUOUS
10
211.5192879999999889
20
-75.3896280000000019
11
211.5183140000000037
21
-75.3906009999999895
0
LINE
8
BLACK
6
CONTINUOUS
10
211.5183140000000037
20
-75.3906009999999895
11
211.5175209999999879
21
-75.3935000000000031
0
LINE
8
BLACK
6
CONTINUOUS
10
211.5175209999999879
20
-75.3935000000000031
11
211.4794259999999895
21
-75.4696899999999999
0
LINE
8
BLACK
6
CONTINUOUS
10
211.4794259999999895
20
-75.4696899999999999
11
211.4735299999999825
21
-75.4772849999999949
0
LINE
8
BLACK
6
CONTINUOUS
10
211.4735299999999825
20
-75.4772849999999949
11
211.4681860000000029
21
-75.4852839999999929
0
LINE
8
BLACK
6
CONTINUOUS
10
211.4681860000000029
20
-75.4852839999999929
11
211.4300899999999785
21
-75.5233789999999914
0
LINE
8
BLACK
6
CONTINUOUS
10
211.4300899999999785
20
-75.5233789999999914
11
211.4220949999999846
21
-75.5287199999999928
0
LINE
8
BLACK
6
CONTINUOUS
10
211.4220949999999846
20
-75.5287199999999928
11
211.414496999999983
21
-75.5346179999999947
0
LINE
8
BLACK
6
CONTINUOUS
10
211.414496999999983
20
-75.5346179999999947
11
211.3383069999999861
21
-75.5727129999999931
0
LINE
8
BLACK
6
CONTINUOUS
10
211.3383069999999861
20
-75.5727129999999931
11
211.3354089999999985
21
-75.5735059999999947
0
LINE
8
BLACK
6
CONTINUOUS
10
211.3354089999999985
20
-75.5735059999999947
11
211.3344349999999849
21
-75.5744809999999916
0
LINE
8
BLACK
6
CONTINUOUS
10
211.3344349999999849
20
-75.5744809999999916
11
211.3249979999999937
21
-75.5763570000000016
0
LINE
8
BLACK
6
CONTINUOUS
10
211.3249979999999937
20
-75.5763570000000016
11
211.3157279999999787
21
-75.5788969999999978
0
LINE
8
BLACK
6
CONTINUOUS
10
211.3157279999999787
20
-75.5788969999999978
11
211.3144209999999816
21
-75.5784609999999901
0
LINE
8
BLACK
6
CONTINUOUS
10
211.3144209999999816
20
-75.5784609999999901
11
211.311474000000004
21
-75.5790480000000002
0
LINE
8
BLACK
6
CONTINUOUS
10
211.311474000000004
20
-75.5790480000000002
11
211.0067119999999932
21
-75.5790480000000002
0
LINE
8
BLACK
6
CONTINUOUS
10
211.0067119999999932
20
-75.5790480000000002
11
210.9995040000000017
21
-75.577613999999997
0
LINE
8
BLACK
6
CONTINUOUS
10
210.9995040000000017
20
-75.577613999999997
11
210.9921599999999842
21
-75.577257000000003
0
LINE
8
BLACK
6
CONTINUOUS
10
210.9921599999999842
20
-75.577257000000003
11
210.8397789999999929
21
-75.5391599999999954
0
LINE
8
BLACK
6
CONTINUOUS
10
210.8397789999999929
20
-75.5391599999999954
11
210.8305179999999837
21
-75.5347849999999994
0
LINE
8
BLACK
6
CONTINUOUS
10
210.8305179999999837
20
-75.5347849999999994
11
210.8210489999999879
21
-75.5308749999999947
0
LINE
8
BLACK
6
CONTINUOUS
10
210.8210489999999879
20
-75.5308749999999947
11
210.7067629999999951
21
-75.4546849999999978
0
LINE
8
BLACK
6
CONTINUOUS
10
210.7067629999999951
20
-75.4546849999999978
11
210.702557999999982
21
-75.4504889999999904
0
LINE
8
BLACK
6
CONTINUOUS
10
210.702557999999982
20
-75.4504889999999904
11
210.6976179999999772
21
-75.447187999999997
0
LINE
8
BLACK
6
CONTINUOUS
10
210.6976179999999772
20
-75.447187999999997
11
210.6595240000000047
21
-75.4090929999999986
0
LINE
8
BLACK
6
CONTINUOUS
10
210.6595240000000047
20
-75.4090929999999986
11
210.6541859999999815
21
-75.4011050000000012
0
LINE
8
BLACK
6
CONTINUOUS
10
210.6541859999999815
20
-75.4011050000000012
11
210.6482839999999896
21
-75.3935000000000031
0
LINE
8
BLACK
6
CONTINUOUS
10
210.6482839999999896
20
-75.3935000000000031
11
210.6101889999999912
21
-75.3173089999999945
0
LINE
8
BLACK
6
CONTINUOUS
10
210.6101889999999912
20
-75.3173089999999945
11
210.6093949999999779
21
-75.3144099999999952
0
LINE
8
BLACK
6
CONTINUOUS
10
210.6093949999999779
20
-75.3144099999999952
11
210.6084219999999902
21
-75.3134369999999933
0
LINE
8
BLACK
6
CONTINUOUS
10
210.6084219999999902
20
-75.3134369999999933
11
210.6065449999999828
21
-75.3040039999999919
0
LINE
8
BLACK
6
CONTINUOUS
10
210.6065449999999828
20
-75.3040039999999919
11
210.6040059999999983
21
-75.2947289999999896
0
LINE
8
BLACK
6
CONTINUOUS
10
210.6040059999999983
20
-75.2947289999999896
11
210.60444099999998
21
-75.29342299999999
0
LINE
8
BLACK
6
CONTINUOUS
10
210.60444099999998
20
-75.29342299999999
11
210.6038549999999816
21
-75.2904759999999982
0
LINE
8
BLACK
6
CONTINUOUS
10
210.6038549999999816
20
-75.2904759999999982
11
210.6038549999999816
21
-75.1380949999999928
0
LINE
8
BLACK
6
CONTINUOUS
10
210.6038549999999816
20
-75.1380949999999928
11
210.6084219999999902
21
-75.1151339999999976
0
LINE
8
BLACK
6
CONTINUOUS
10
210.6084219999999902
20
-75.1151339999999976
11
210.640894000000003
21
-75.0826619999999991
0
LINE
8
BLACK
6
CONTINUOUS
10
210.640894000000003
20
-75.0826619999999991
11
210.6868159999999932
21
-75.0826619999999991
0
LINE
8
BLACK
6
CONTINUOUS
10
210.6868159999999932
20
-75.0826619999999991
11
210.7192879999999775
21
-75.1151339999999976
0
LINE
8
BLACK
6
CONTINUOUS
10
210.7192879999999775
20
-75.1151339999999976
11
210.7238549999999861
21
-75.1380949999999928
0
LINE
8
BLACK
6
CONTINUOUS
10
210.7238549999999861
20
-75.1380949999999928
11
210.7238549999999861
21
-75.2763109999999926
0
LINE
8
BLACK
6
CONTINUOUS
10
210.7238549999999861
20
-75.2763109999999926
11
210.751261999999997
21
-75.3311259999999976
0
LINE
8
BLACK
6
CONTINUOUS
10
210.751261999999997
20
-75.3311259999999976
11
210.778269999999992
21
-75.3581339999999926
0
LINE
8
BLACK
6
CONTINUOUS
10
210.778269999999992
20
-75.3581339999999926
11
210.8789659999999913
21
-75.425264999999996
0
LINE
8
BLACK
6
CONTINUOUS
10
210.8789659999999913
20
-75.425264999999996
11
210.9382429999999999
21
-75.4400839999999988
0
LINE
8
BLACK
6
CONTINUOUS
10
210.9382429999999999
20
-75.4400839999999988
11
210.9149510000000021
21
-75.3935000000000031
0
LINE
8
BLACK
6
CONTINUOUS
10
210.9149510000000021
20
-75.3935000000000031
11
210.9141569999999888
21
-75.3906009999999895
0
LINE
8
BLACK
6
CONTINUOUS
10
210.9141569999999888
20
-75.3906009999999895
11
210.9131840000000011
21
-75.3896280000000019
0
LINE
8
BLACK
6
CONTINUOUS
10
210.9131840000000011
20
-75.3896280000000019
11
210.9113069999999936
21
-75.3801950000000005
0
LINE
8
BLACK
6
CONTINUOUS
10
210.9113069999999936
20
-75.3801950000000005
11
210.9087679999999807
21
-75.3709199999999981
0
LINE
8
BLACK
6
CONTINUOUS
10
210.9087679999999807
20
-75.3709199999999981
11
210.9092029999999909
21
-75.3696139999999986
0
LINE
8
BLACK
6
CONTINUOUS
10
210.9092029999999909
20
-75.3696139999999986
11
210.9086169999999925
21
-75.3666669999999925
0
LINE
8
BLACK
6
CONTINUOUS
10
210.9086169999999925
20
-75.3666669999999925
11
210.9086169999999925
21
-75.2142860000000013
0
LINE
8
BLACK
6
CONTINUOUS
10
210.9086169999999925
20
-75.2142860000000013
11
210.9092029999999909
21
-75.2113379999999978
0
LINE
8
BLACK
6
CONTINUOUS
10
210.9092029999999909
20
-75.2113379999999978
11
210.9087679999999807
21
-75.2100329999999957
0
LINE
8
BLACK
6
CONTINUOUS
10
210.9087679999999807
20
-75.2100329999999957
11
210.9113069999999936
21
-75.2007569999999959
0
LINE
8
BLACK
6
CONTINUOUS
10
210.9113069999999936
20
-75.2007569999999959
11
210.9131840000000011
21
-75.191324999999992
0
LINE
8
BLACK
6
CONTINUOUS
10
210.9131840000000011
20
-75.191324999999992
11
210.9141569999999888
21
-75.1903509999999926
0
LINE
8
BLACK
6
CONTINUOUS
10
210.9141569999999888
20
-75.1903509999999926
11
210.9149510000000021
21
-75.1874529999999908
0
LINE
8
BLACK
6
CONTINUOUS
10
210.9149510000000021
20
-75.1874529999999908
11
210.9530460000000005
21
-75.1112619999999964
0
LINE
8
BLACK
6
CONTINUOUS
10
210.9530460000000005
20
-75.1112619999999964
11
210.9589479999999924
21
-75.1036560000000009
0
LINE
8
BLACK
6
CONTINUOUS
10
210.9589479999999924
20
-75.1036560000000009
11
210.9642859999999871
21
-75.0956690000000009
0
LINE
8
BLACK
6
CONTINUOUS
10
210.9642859999999871
20
-75.0956690000000009
11
211.0023799999999881
21
-75.0575740000000025
0
LINE
8
BLACK
6
CONTINUOUS
10
211.0023799999999881
20
-75.0575740000000025
11
211.0103739999999846
21
-75.0522309999999919
0
LINE
8
BLACK
6
CONTINUOUS
10
211.0103739999999846
20
-75.0522309999999919
11
211.0179739999999811
21
-75.0463340000000017
0
LINE
8
BLACK
6
CONTINUOUS
10
211.0179739999999811
20
-75.0463340000000017
11
211.0941660000000013
21
-75.0082390000000032
0
LINE
8
BLACK
6
CONTINUOUS
10
211.0941660000000013
20
-75.0082390000000032
11
211.0970629999999915
21
-75.0074449999999899
0
LINE
8
BLACK
6
CONTINUOUS
10
211.0970629999999915
20
-75.0074449999999899
11
211.0980369999999766
21
-75.0064720000000023
0
LINE
8
BLACK
6
CONTINUOUS
10
211.0980369999999766
20
-75.0064720000000023
11
211.1074710000000039
21
-75.0045949999999948
0
LINE
8
BLACK
6
CONTINUOUS
10
211.1074710000000039
20
-75.0045949999999948
11
211.1167449999999803
21
-75.0020559999999961
0
LINE
8
BLACK
6
CONTINUOUS
10
211.1167449999999803
20
-75.0020559999999961
11
211.1180499999999824
21
-75.002490999999992
0
LINE
8
BLACK
6
CONTINUOUS
10
211.1180499999999824
20
-75.002490999999992
11
211.120997999999986
21
-75.0019049999999936
0
LINE
8
BLACK
6
CONTINUOUS
10
211.120997999999986
20
-75.0019049999999936
11
211.311474000000004
21
-75.0019049999999936
0
LINE
8
BLACK
6
CONTINUOUS
10
211.311474000000004
20
-75.0019049999999936
11
211.3144209999999816
21
-75.002490999999992
0
LINE
8
BLACK
6
CONTINUOUS
10
211.0803469999999891
20
-75.1493119999999948
11
211.0560239999999794
21
-75.1736349999999902
0
LINE
8
BLACK
6
CONTINUOUS
10
211.0560239999999794
20
-75.1736349999999902
11
211.028616999999997
21
-75.2284499999999952
0
LINE
8
BLACK
6
CONTINUOUS
10
211.028616999999997
20
-75.2284499999999952
11
211.028616999999997
21
-75.3525020000000012
0
LINE
8
BLACK
6
CONTINUOUS
10
211.028616999999997
20
-75.3525020000000012
11
211.0560239999999794
21
-75.4073169999999919
0
LINE
8
BLACK
6
CONTINUOUS
10
211.0560239999999794
20
-75.4073169999999919
11
211.080348999999984
21
-75.4316409999999991
0
LINE
8
BLACK
6
CONTINUOUS
10
211.080348999999984
20
-75.4316409999999991
11
211.1351629999999773
21
-75.4590479999999957
0
LINE
8
BLACK
6
CONTINUOUS
10
211.1351629999999773
20
-75.4590479999999957
11
211.2973109999999792
21
-75.4590479999999957
0
LINE
8
BLACK
6
CONTINUOUS
10
211.2973109999999792
20
-75.4590479999999957
11
211.3521219999999801
21
-75.4316409999999991
0
LINE
8
BLACK
6
CONTINUOUS
10
211.3521219999999801
20
-75.4316409999999991
11
211.3764479999999821
21
-75.407314999999997
0
LINE
8
BLACK
6
CONTINUOUS
10
211.3764479999999821
20
-75.407314999999997
11
211.403854999999993
21
-75.3525020000000012
0
LINE
8
BLACK
6
CONTINUOUS
10
211.403854999999993
20
-75.3525020000000012
11
211.403854999999993
21
-75.2284499999999952
0
LINE
8
BLACK
6
CONTINUOUS
10
211.403854999999993
20
-75.2284499999999952
11
211.3764479999999821
21
-75.1736360000000019
0
LINE
8
BLACK
6
CONTINUOUS
10
211.3764479999999821
20
-75.1736360000000019
11
211.3521229999999775
21
-75.1493119999999948
0
LINE
8
BLACK
6
CONTINUOUS
10
211.3521229999999775
20
-75.1493119999999948
11
211.2973089999999843
21
-75.1219049999999982
0
LINE
8
BLACK
6
CONTINUOUS
10
211.2973089999999843
20
-75.1219049999999982
11
211.1351629999999773
21
-75.1219049999999982
0
LINE
8
BLACK
6
CONTINUOUS
10
211.1351629999999773
20
-75.1219049999999982
11
211.0803469999999891
21
-75.1493119999999948
0
LINE
8
BLACK
6
CONTINUOUS
10
216.332620999999989
20
-75.0008479999999906
11
216.3371879999999976
21
-75.023809
0
LINE
8
BLACK
6
CONTINUOUS
10
216.3371879999999976
20
-75.023809
11
216.3371879999999976
21
-75.0780949999999905
0
LINE
8
BLACK
6
CONTINUOUS
10
216.3371879999999976
20
-75.0780949999999905
11
216.5438549999999793
21
-75.0780949999999905
0
LINE
8
BLACK
6
CONTINUOUS
10
216.5438549999999793
20
-75.0780949999999905
11
216.5668159999999887
21
-75.0826619999999991
0
LINE
8
BLACK
6
CONTINUOUS
10
216.5668159999999887
20
-75.0826619999999991
11
216.5992880000000014
21
-75.1151339999999976
0
LINE
8
BLACK
6
CONTINUOUS
10
216.5992880000000014
20
-75.1151339999999976
11
216.5992880000000014
21
-75.1610560000000021
0
LINE
8
BLACK
6
CONTINUOUS
10
216.5992880000000014
20
-75.1610560000000021
11
216.5668159999999887
21
-75.1935280000000006
0
LINE
8
BLACK
6
CONTINUOUS
10
216.5668159999999887
20
-75.1935280000000006
11
216.5438549999999793
21
-75.198094999999995
0
LINE
8
BLACK
6
CONTINUOUS
10
216.5438549999999793
20
-75.198094999999995
11
216.3371879999999976
21
-75.198094999999995
0
LINE
8
BLACK
6
CONTINUOUS
10
216.3371879999999976
20
-75.198094999999995
11
216.3371879999999976
21
-75.519047999999998
0
LINE
8
BLACK
6
CONTINUOUS
10
216.3371879999999976
20
-75.519047999999998
11
216.332620999999989
21
-75.5420089999999931
0
LINE
8
BLACK
6
CONTINUOUS
10
216.332620999999989
20
-75.5420089999999931
11
216.3256370000000004
21
-75.5489919999999984
0
LINE
8
BLACK
6
CONTINUOUS
10
216.3256370000000004
20
-75.5489919999999984
11
216.3225149999999815
21
-75.5583599999999933
0
LINE
8
BLACK
6
CONTINUOUS
10
216.3225149999999815
20
-75.5583599999999933
11
216.310024999999996
21
-75.5646050000000002
0
LINE
8
BLACK
6
CONTINUOUS
10
216.310024999999996
20
-75.5646050000000002
11
216.3001489999999762
21
-75.5744809999999916
0
LINE
8
BLACK
6
CONTINUOUS
10
216.3001489999999762
20
-75.5744809999999916
11
216.2902729999999849
21
-75.5744809999999916
0
LINE
8
BLACK
6
CONTINUOUS
10
216.2902729999999849
20
-75.5744809999999916
11
216.2814410000000009
21
-75.5788969999999978
0
LINE
8
BLACK
6
CONTINUOUS
10
216.2814410000000009
20
-75.5788969999999978
11
216.2582139999999811
21
-75.5759690000000006
0
LINE
8
BLACK
6
CONTINUOUS
10
216.2582139999999811
20
-75.5759690000000006
11
215.6867859999999837
21
-75.3854919999999993
0
LINE
8
BLACK
6
CONTINUOUS
10
215.6867859999999837
20
-75.3854919999999993
11
215.6664480000000026
21
-75.373897999999997
0
LINE
8
BLACK
6
CONTINUOUS
10
215.6664480000000026
20
-75.373897999999997
11
215.6459109999999839
21
-75.3328240000000022
0
LINE
8
BLACK
6
CONTINUOUS
10
215.6459109999999839
20
-75.3328240000000022
11
215.6604329999999834
21
-75.2892590000000013
0
LINE
8
BLACK
6
CONTINUOUS
10
215.6604329999999834
20
-75.2892590000000013
11
215.7015069999999923
21
-75.2687219999999968
0
LINE
8
BLACK
6
CONTINUOUS
10
215.7015069999999923
20
-75.2687219999999968
11
215.7247339999999838
21
-75.271649999999994
0
LINE
8
BLACK
6
CONTINUOUS
10
215.7247339999999838
20
-75.271649999999994
11
216.2171879999999931
21
-75.4358019999999954
0
LINE
8
BLACK
6
CONTINUOUS
10
216.2171879999999931
20
-75.4358019999999954
11
216.2171879999999931
21
-75.198094999999995
0
LINE
8
BLACK
6
CONTINUOUS
10
216.2171879999999931
20
-75.198094999999995
11
216.0105209999999829
21
-75.198094999999995
0
LINE
8
BLACK
6
CONTINUOUS
10
216.0105209999999829
20
-75.198094999999995
11
215.987560000000002
21
-75.1935280000000006
0
LINE
8
BLACK
6
CONTINUOUS
10
215.987560000000002
20
-75.1935280000000006
11
215.9550879999999893
21
-75.1610560000000021
0
LINE
8
BLACK
6
CONTINUOUS
10
215.9550879999999893
20
-75.1610560000000021
11
215.9550879999999893
21
-75.1151339999999976
0
LINE
8
BLACK
6
CONTINUOUS
10
215.9550879999999893
20
-75.1151339999999976
11
215.987560000000002
21
-75.0826619999999991
0
LINE
8
BLACK
6
CONTINUOUS
10
215.987560000000002
20
-75.0826619999999991
11
216.0105209999999829
21
-75.0780949999999905
0
LINE
8
BLACK
6
CONTINUOUS
10
216.0105209999999829
20
-75.0780949999999905
11
216.2171879999999931
21
-75.0780949999999905
0
LINE
8
BLACK
6
CONTINUOUS
10
216.2171879999999931
20
-75.0780949999999905
11
216.2171879999999931
21
-75.023809
0
LINE
8
BLACK
6
CONTINUOUS
10
216.2171879999999931
20
-75.023809
11
216.2217550000000017
21
-75.0008479999999906
0
LINE
8
BLACK
6
CONTINUOUS
10
216.2217550000000017
20
-75.0008479999999906
11
216.254226999999986
21
-74.9683759999999921
0
LINE
8
BLACK
6
CONTINUOUS
10
216.254226999999986
20
-74.9683759999999921
11
216.3001489999999762
21
-74.9683759999999921
0
LINE
8
BLACK
6
CONTINUOUS
10
216.3001489999999762
20
-74.9683759999999921
11
216.332620999999989
21
-75.0008479999999906
0
LINE
8
BLACK
6
CONTINUOUS
10
213.8544210000000021
20
-75.002490999999992
11
213.8557270000000017
21
-75.0020559999999961
0
LINE
8
BLACK
6
CONTINUOUS
10
213.8557270000000017
20
-75.0020559999999961
11
213.865002000000004
21
-75.0045949999999948
0
LINE
8
BLACK
6
CONTINUOUS
10
213.865002000000004
20
-75.0045949999999948
11
213.874434999999977
21
-75.0064720000000023
0
LINE
8
BLACK
6
CONTINUOUS
10
213.874434999999977
20
-75.0064720000000023
11
213.8754079999999931
21
-75.0074449999999899
0
LINE
8
BLACK
6
CONTINUOUS
10
213.8754079999999931
20
-75.0074449999999899
11
213.8783069999999782
21
-75.0082390000000032
0
LINE
8
BLACK
6
CONTINUOUS
10
213.8783069999999782
20
-75.0082390000000032
11
213.9544970000000035
21
-75.0463340000000017
0
LINE
8
BLACK
6
CONTINUOUS
10
213.9544970000000035
20
-75.0463340000000017
11
213.9620949999999766
21
-75.0522309999999919
0
LINE
8
BLACK
6
CONTINUOUS
10
213.9620949999999766
20
-75.0522309999999919
11
213.970089999999999
21
-75.0575729999999908
0
LINE
8
BLACK
6
CONTINUOUS
10
213.970089999999999
20
-75.0575729999999908
11
214.0081859999999949
21
-75.0956680000000034
0
LINE
8
BLACK
6
CONTINUOUS
10
214.0081859999999949
20
-75.0956680000000034
11
214.0135279999999796
21
-75.1036619999999999
0
LINE
8
BLACK
6
CONTINUOUS
10
214.0135279999999796
20
-75.1036619999999999
11
214.0194259999999815
21
-75.1112619999999964
0
LINE
8
BLACK
6
CONTINUOUS
10
214.0194259999999815
20
-75.1112619999999964
11
214.0575209999999799
21
-75.1874540000000025
0
LINE
8
BLACK
6
CONTINUOUS
10
214.0575209999999799
20
-75.1874540000000025
11
214.0583139999999958
21
-75.1903509999999926
0
LINE
8
BLACK
6
CONTINUOUS
10
214.0583139999999958
20
-75.1903509999999926
11
214.0592879999999809
21
-75.191324999999992
0
LINE
8
BLACK
6
CONTINUOUS
10
214.0592879999999809
20
-75.191324999999992
11
214.0611639999999909
21
-75.2007589999999908
0
LINE
8
BLACK
6
CONTINUOUS
10
214.0611639999999909
20
-75.2007589999999908
11
214.0637040000000013
21
-75.2100329999999957
0
LINE
8
BLACK
6
CONTINUOUS
10
214.0637040000000013
20
-75.2100329999999957
11
214.0632679999999937
21
-75.2113379999999978
0
LINE
8
BLACK
6
CONTINUOUS
10
214.0632679999999937
20
-75.2113379999999978
11
214.0638549999999896
21
-75.2142860000000013
0
LINE
8
BLACK
6
CONTINUOUS
10
214.0638549999999896
20
-75.2142860000000013
11
214.0638549999999896
21
-75.404761999999991
0
LINE
8
BLACK
6
CONTINUOUS
10
214.0638549999999896
20
-75.404761999999991
11
214.0632679999999937
21
-75.407708999999997
0
LINE
8
BLACK
6
CONTINUOUS
10
214.0632679999999937
20
-75.407708999999997
11
214.0637040000000013
21
-75.4090149999999966
0
LINE
8
BLACK
6
CONTINUOUS
10
214.0637040000000013
20
-75.4090149999999966
11
214.0611639999999909
21
-75.4182899999999989
0
LINE
8
BLACK
6
CONTINUOUS
10
214.0611639999999909
20
-75.4182899999999989
11
214.0592879999999809
21
-75.4277230000000003
0
LINE
8
BLACK
6
CONTINUOUS
10
214.0592879999999809
20
-75.4277230000000003
11
214.0583139999999958
21
-75.4286960000000022
0
LINE
8
BLACK
6
CONTINUOUS
10
214.0583139999999958
20
-75.4286960000000022
11
214.0575209999999799
21
-75.4315950000000015
0
LINE
8
BLACK
6
CONTINUOUS
10
214.0575209999999799
20
-75.4315950000000015
11
214.0194259999999815
21
-75.5077849999999984
0
LINE
8
BLACK
6
CONTINUOUS
10
214.0194259999999815
20
-75.5077849999999984
11
214.0135249999999871
21
-75.5153859999999924
0
LINE
8
BLACK
6
CONTINUOUS
10
214.0135249999999871
20
-75.5153859999999924
11
214.0081859999999949
21
-75.5233779999999939
0
LINE
8
BLACK
6
CONTINUOUS
10
214.0081859999999949
20
-75.5233779999999939
11
213.970089999999999
21
-75.5614739999999898
0
LINE
8
BLACK
6
CONTINUOUS
10
213.970089999999999
20
-75.5614739999999898
11
213.9506250000000023
21
-75.5744809999999916
0
LINE
8
BLACK
6
CONTINUOUS
10
213.9506250000000023
20
-75.5744809999999916
11
213.9047029999999836
21
-75.5744809999999916
0
LINE
8
BLACK
6
CONTINUOUS
10
213.9047029999999836
20
-75.5744809999999916
11
213.8722309999999993
21
-75.5420089999999931
0
LINE
8
BLACK
6
CONTINUOUS
10
213.8722309999999993
20
-75.5420089999999931
11
213.8722309999999993
21
-75.4960870000000028
0
LINE
8
BLACK
6
CONTINUOUS
10
213.8722309999999993
20
-75.4960870000000028
11
213.8852379999999869
21
-75.4766219999999919
0
LINE
8
BLACK
6
CONTINUOUS
10
213.8852379999999869
20
-75.4766219999999919
11
213.9164469999999767
21
-75.4454130000000021
0
LINE
8
BLACK
6
CONTINUOUS
10
213.9164469999999767
20
-75.4454130000000021
11
213.943854999999985
21
-75.3905969999999996
0
LINE
8
BLACK
6
CONTINUOUS
10
213.943854999999985
20
-75.3905969999999996
11
213.943854999999985
21
-75.2284499999999952
0
LINE
8
BLACK
6
CONTINUOUS
10
213.943854999999985
20
-75.2284499999999952
11
213.9164480000000026
21
-75.1736360000000019
0
LINE
8
BLACK
6
CONTINUOUS
10
213.9164480000000026
20
-75.1736360000000019
11
213.892122999999998
21
-75.1493119999999948
0
LINE
8
BLACK
6
CONTINUOUS
10
213.892122999999998
20
-75.1493119999999948
11
213.8373089999999763
21
-75.1219049999999982
0
LINE
8
BLACK
6
CONTINUOUS
10
213.8373089999999763
20
-75.1219049999999982
11
213.6751629999999977
21
-75.1219049999999982
0
LINE
8
BLACK
6
CONTINUOUS
10
213.6751629999999977
20
-75.1219049999999982
11
213.6203469999999811
21
-75.1493119999999948
0
LINE
8
BLACK
6
CONTINUOUS
10
213.6203469999999811
20
-75.1493119999999948
11
213.5960239999999999
21
-75.1736349999999902
0
LINE
8
BLACK
6
CONTINUOUS
10
213.5960239999999999
20
-75.1736349999999902
11
213.568616999999989
21
-75.2284499999999952
0
LINE
8
BLACK
6
CONTINUOUS
10
213.568616999999989
20
-75.2284499999999952
11
213.568616999999989
21
-75.3905969999999996
0
LINE
8
BLACK
6
CONTINUOUS
10
213.568616999999989
20
-75.3905969999999996
11
213.5960239999999999
21
-75.4454109999999929
0
LINE
8
BLACK
6
CONTINUOUS
10
213.5960239999999999
20
-75.4454109999999929
11
213.6272339999999872
21
-75.4766219999999919
0
LINE
8
BLACK
6
CONTINUOUS
10
213.6272339999999872
20
-75.4766219999999919
11
213.6402399999999773
21
-75.4960870000000028
0
LINE
8
BLACK
6
CONTINUOUS
10
213.6402399999999773
20
-75.4960870000000028
11
213.6402399999999773
21
-75.4992599999999925
0
LINE
8
BLACK
6
CONTINUOUS
10
213.6402399999999773
20
-75.4992599999999925
11
213.64224999999999
21
-75.5017169999999993
0
LINE
8
BLACK
6
CONTINUOUS
10
213.64224999999999
20
-75.5017169999999993
11
213.6402399999999773
21
-75.521813999999992
0
LINE
8
BLACK
6
CONTINUOUS
10
213.6402399999999773
20
-75.521813999999992
11
213.6402399999999773
21
-75.5420099999999906
0
LINE
8
BLACK
6
CONTINUOUS
10
213.6402399999999773
20
-75.5420099999999906
11
213.6379949999999894
21
-75.5442539999999951
0
LINE
8
BLACK
6
CONTINUOUS
10
213.6379949999999894
20
-75.5442539999999951
11
213.6376799999999889
21
-75.5474109999999968
0
LINE
8
BLACK
6
CONTINUOUS
10
213.6376799999999889
20
-75.5474109999999968
11
213.6220469999999807
21
-75.5601999999999947
0
LINE
8
BLACK
6
CONTINUOUS
10
213.6220469999999807
20
-75.5601999999999947
11
213.6077669999999955
21
-75.5744809999999916
0
LINE
8
BLACK
6
CONTINUOUS
10
213.6077669999999955
20
-75.5744809999999916
11
213.6045949999999891
21
-75.5744809999999916
0
LINE
8
BLACK
6
CONTINUOUS
10
213.6045949999999891
20
-75.5744809999999916
11
213.6021379999999965
21
-75.5764909999999901
0
LINE
8
BLACK
6
CONTINUOUS
10
213.6021379999999965
20
-75.5764909999999901
11
213.5788369999999929
21
-75.5787499999999994
0
LINE
8
BLACK
6
CONTINUOUS
10
213.5788369999999929
20
-75.5787499999999994
11
213.1978849999999852
21
-75.5406540000000035
0
LINE
8
BLACK
6
CONTINUOUS
10
213.1978849999999852
20
-75.5406540000000035
11
213.1838869999999986
21
-75.5363849999999957
0
LINE
8
BLACK
6
CONTINUOUS
10
213.1838869999999986
20
-75.5363849999999957
11
213.180893999999995
21
-75.5363849999999957
0
LINE
8
BLACK
6
CONTINUOUS
10
213.180893999999995
20
-75.5363849999999957
11
213.1795799999999872
21
-75.5350710000000021
0
LINE
8
BLACK
6
CONTINUOUS
10
213.1795799999999872
20
-75.5350710000000021
11
213.1754919999999913
21
-75.5338249999999931
0
LINE
8
BLACK
6
CONTINUOUS
10
213.1754919999999913
20
-75.5338249999999931
11
213.1627019999999959
21
-75.5181929999999966
0
LINE
8
BLACK
6
CONTINUOUS
10
213.1627019999999959
20
-75.5181929999999966
11
213.1484219999999823
21
-75.5039129999999972
0
LINE
8
BLACK
6
CONTINUOUS
10
213.1484219999999823
20
-75.5039129999999972
11
213.1475879999999847
21
-75.4997199999999964
0
LINE
8
BLACK
6
CONTINUOUS
10
213.1475879999999847
20
-75.4997199999999964
11
213.146411999999998
21
-75.4982830000000007
0
LINE
8
BLACK
6
CONTINUOUS
10
213.146411999999998
20
-75.4982830000000007
11
213.1467089999999871
21
-75.4953039999999902
0
LINE
8
BLACK
6
CONTINUOUS
10
213.1467089999999871
20
-75.4953039999999902
11
213.1438550000000021
21
-75.480952000000002
0
LINE
8
BLACK
6
CONTINUOUS
10
213.1438550000000021
20
-75.480952000000002
11
213.1438550000000021
21
-75.0999999999999943
0
LINE
8
BLACK
6
CONTINUOUS
10
213.1438550000000021
20
-75.0999999999999943
11
213.1484219999999823
21
-75.0770389999999992
0
LINE
8
BLACK
6
CONTINUOUS
10
213.1484219999999823
20
-75.0770389999999992
11
213.180893999999995
21
-75.0445670000000007
0
LINE
8
BLACK
6
CONTINUOUS
10
213.180893999999995
20
-75.0445670000000007
11
213.2268159999999853
21
-75.0445670000000007
0
LINE
8
BLACK
6
CONTINUOUS
10
213.2268159999999853
20
-75.0445670000000007
11
213.259287999999998
21
-75.0770389999999992
0
LINE
8
BLACK
6
CONTINUOUS
10
213.259287999999998
20
-75.0770389999999992
11
213.2638549999999782
21
-75.0999999999999943
0
LINE
8
BLACK
6
CONTINUOUS
10
213.2638549999999782
20
-75.0999999999999943
11
213.2638549999999782
21
-75.4266530000000017
0
LINE
8
BLACK
6
CONTINUOUS
10
213.2638549999999782
20
-75.4266530000000017
11
213.4624069999999847
21
-75.4465079999999944
0
LINE
8
BLACK
6
CONTINUOUS
10
213.4624069999999847
20
-75.4465079999999944
11
213.4549509999999941
21
-75.4315950000000015
0
LINE
8
BLACK
6
CONTINUOUS
10
213.4549509999999941
20
-75.4315950000000015
11
213.4541569999999808
21
-75.4286960000000022
0
LINE
8
BLACK
6
CONTINUOUS
10
213.4541569999999808
20
-75.4286960000000022
11
213.4531839999999931
21
-75.4277230000000003
0
LINE
8
BLACK
6
CONTINUOUS
10
213.4531839999999931
20
-75.4277230000000003
11
213.4513069999999857
21
-75.4182899999999989
0
LINE
8
BLACK
6
CONTINUOUS
10
213.4513069999999857
20
-75.4182899999999989
11
213.4487680000000012
21
-75.4090149999999966
0
LINE
8
BLACK
6
CONTINUOUS
10
213.4487680000000012
20
-75.4090149999999966
11
213.4492029999999829
21
-75.407708999999997
0
LINE
8
BLACK
6
CONTINUOUS
10
213.4492029999999829
20
-75.407708999999997
11
213.4486169999999845
21
-75.404761999999991
0
LINE
8
BLACK
6
CONTINUOUS
10
213.4486169999999845
20
-75.404761999999991
11
213.4486169999999845
21
-75.2142860000000013
0
LINE
8
BLACK
6
CONTINUOUS
10
213.4486169999999845
20
-75.2142860000000013
11
213.4492029999999829
21
-75.2113379999999978
0
LINE
8
BLACK
6
CONTINUOUS
10
213.4492029999999829
20
-75.2113379999999978
11
213.4487680000000012
21
-75.2100329999999957
0
LINE
8
BLACK
6
CONTINUOUS
10
213.4487680000000012
20
-75.2100329999999957
11
213.4513069999999857
21
-75.2007569999999959
0
LINE
8
BLACK
6
CONTINUOUS
10
213.4513069999999857
20
-75.2007569999999959
11
213.4531839999999931
21
-75.191324999999992
0
LINE
8
BLACK
6
CONTINUOUS
10
213.4531839999999931
20
-75.191324999999992
11
213.4541569999999808
21
-75.1903509999999926
0
LINE
8
BLACK
6
CONTINUOUS
10
213.4541569999999808
20
-75.1903509999999926
11
213.4549509999999941
21
-75.1874529999999908
0
LINE
8
BLACK
6
CONTINUOUS
10
213.4549509999999941
20
-75.1874529999999908
11
213.4930459999999925
21
-75.1112619999999964
0
LINE
8
BLACK
6
CONTINUOUS
10
213.4930459999999925
20
-75.1112619999999964
11
213.4989479999999844
21
-75.1036560000000009
0
LINE
8
BLACK
6
CONTINUOUS
10
213.4989479999999844
20
-75.1036560000000009
11
213.5042859999999791
21
-75.0956690000000009
0
LINE
8
BLACK
6
CONTINUOUS
10
213.5042859999999791
20
-75.0956690000000009
11
213.5423799999999801
21
-75.0575740000000025
0
LINE
8
BLACK
6
CONTINUOUS
10
213.5423799999999801
20
-75.0575740000000025
11
213.5503739999999766
21
-75.0522309999999919
0
LINE
8
BLACK
6
CONTINUOUS
10
213.5503739999999766
20
-75.0522309999999919
11
213.5579740000000015
21
-75.0463340000000017
0
LINE
8
BLACK
6
CONTINUOUS
10
213.5579740000000015
20
-75.0463340000000017
11
213.6341659999999933
21
-75.0082390000000032
0
LINE
8
BLACK
6
CONTINUOUS
10
213.6341659999999933
20
-75.0082390000000032
11
213.6370629999999835
21
-75.0074449999999899
0
LINE
8
BLACK
6
CONTINUOUS
10
213.6370629999999835
20
-75.0074449999999899
11
213.6380369999999971
21
-75.0064720000000023
0
LINE
8
BLACK
6
CONTINUOUS
10
213.6380369999999971
20
-75.0064720000000023
11
213.6474709999999959
21
-75.0045949999999948
0
LINE
8
BLACK
6
CONTINUOUS
10
213.6474709999999959
20
-75.0045949999999948
11
213.6567450000000008
21
-75.0020559999999961
0
LINE
8
BLACK
6
CONTINUOUS
10
213.6567450000000008
20
-75.0020559999999961
11
213.6580500000000029
21
-75.002490999999992
0
LINE
8
BLACK
6
CONTINUOUS
10
213.6580500000000029
20
-75.002490999999992
11
213.660997999999978
21
-75.0019049999999936
0
LINE
8
BLACK
6
CONTINUOUS
10
213.660997999999978
20
-75.0019049999999936
11
213.8514739999999961
21
-75.0019049999999936
0
LINE
8
BLACK
6
CONTINUOUS
10
213.8514739999999961
20
-75.0019049999999936
11
213.8544210000000021
21
-75.002490999999992
0
LINE
8
BLACK
6
CONTINUOUS
10
209.5276429999999834
20
-73.1805480000000017
11
209.5296179999999993
21
-73.1804079999999999
0
LINE
8
BLACK
6
CONTINUOUS
10
209.5296179999999993
20
-73.1804079999999999
11
209.5322149999999795
21
-73.1809980000000024
0
LINE
8
BLACK
6
CONTINUOUS
10
209.5322149999999795
20
-73.1809980000000024
11
209.5348699999999837
21
-73.1812599999999946
0
LINE
8
BLACK
6
CONTINUOUS
10
209.5348699999999837
20
-73.1812599999999946
11
209.5367009999999937
21
-73.1820179999999993
0
LINE
8
BLACK
6
CONTINUOUS
10
209.5367009999999937
20
-73.1820179999999993
11
209.5439549999999826
21
-73.1836679999999973
0
LINE
8
BLACK
6
CONTINUOUS
10
209.5439549999999826
20
-73.1836679999999973
11
209.6868120000000033
21
-73.2312869999999947
0
LINE
8
BLACK
6
CONTINUOUS
10
209.6868120000000033
20
-73.2312869999999947
11
209.7002369999999871
21
-73.2372809999999959
0
LINE
8
BLACK
6
CONTINUOUS
10
209.7002369999999871
20
-73.2372809999999959
11
209.7223439999999925
21
-73.2564550000000025
0
LINE
8
BLACK
6
CONTINUOUS
10
209.7223439999999925
20
-73.2564550000000025
11
209.7354309999999771
21
-73.2826280000000025
0
LINE
8
BLACK
6
CONTINUOUS
10
209.7354309999999771
20
-73.2826280000000025
11
209.7375059999999962
21
-73.3118180000000024
0
LINE
8
BLACK
6
CONTINUOUS
10
209.7375059999999962
20
-73.3118180000000024
11
209.7282519999999977
21
-73.339579999999998
0
LINE
8
BLACK
6
CONTINUOUS
10
209.7282519999999977
20
-73.339579999999998
11
209.7090779999999768
21
-73.3616880000000009
0
LINE
8
BLACK
6
CONTINUOUS
10
209.7090779999999768
20
-73.3616880000000009
11
209.6829039999999793
21
-73.3747740000000022
0
LINE
8
BLACK
6
CONTINUOUS
10
209.6829039999999793
20
-73.3747740000000022
11
209.6537139999999795
21
-73.3768489999999929
0
LINE
8
BLACK
6
CONTINUOUS
10
209.6537139999999795
20
-73.3768489999999929
11
209.6393769999999961
21
-73.3735889999999955
0
LINE
8
BLACK
6
CONTINUOUS
10
209.6393769999999961
20
-73.3735889999999955
11
209.5080679999999802
21
-73.3298190000000005
0
LINE
8
BLACK
6
CONTINUOUS
10
209.5080679999999802
20
-73.3298190000000005
11
209.2998479999999972
21
-73.3298190000000005
0
LINE
8
BLACK
6
CONTINUOUS
10
209.2998479999999972
20
-73.3298190000000005
11
209.2313319999999806
21
-73.3640769999999947
0
LINE
8
BLACK
6
CONTINUOUS
10
209.2313319999999806
20
-73.3640769999999947
11
209.2009249999999838
21
-73.3944839999999914
0
LINE
8
BLACK
6
CONTINUOUS
10
209.2009249999999838
20
-73.3944839999999914
11
209.1666669999999897
21
-73.4629999999999939
0
LINE
8
BLACK
6
CONTINUOUS
10
209.1666669999999897
20
-73.4629999999999939
11
209.1666669999999897
21
-73.5228279999999899
0
LINE
8
BLACK
6
CONTINUOUS
10
209.1666669999999897
20
-73.5228279999999899
11
209.2009249999999838
21
-73.5913439999999923
0
LINE
8
BLACK
6
CONTINUOUS
10
209.2009249999999838
20
-73.5913439999999923
11
209.2313319999999806
21
-73.6217510000000033
0
LINE
8
BLACK
6
CONTINUOUS
10
209.2313319999999806
20
-73.6217510000000033
11
209.3083189999999831
21
-73.6602439999999916
0
LINE
8
BLACK
6
CONTINUOUS
10
209.3083189999999831
20
-73.6602439999999916
11
209.4908089999999845
21
-73.7058669999999978
0
LINE
8
BLACK
6
CONTINUOUS
10
209.4908089999999845
20
-73.7058669999999978
11
209.4918879999999888
21
-73.7062519999999921
0
LINE
8
BLACK
6
CONTINUOUS
10
209.4918879999999888
20
-73.7062519999999921
11
209.4924279999999897
21
-73.7062909999999931
0
LINE
8
BLACK
6
CONTINUOUS
10
209.4924279999999897
20
-73.7062909999999931
11
209.4985089999999843
21
-73.7086180000000013
0
LINE
8
BLACK
6
CONTINUOUS
10
209.4985089999999843
20
-73.7086180000000013
11
209.5046549999999854
21
-73.7108139999999992
0
LINE
8
BLACK
6
CONTINUOUS
10
209.5046549999999854
20
-73.7108139999999992
11
209.5050899999999956
21
-73.7111359999999962
0
LINE
8
BLACK
6
CONTINUOUS
10
209.5050899999999956
20
-73.7111359999999962
11
209.5061599999999942
21
-73.7115459999999985
0
LINE
8
BLACK
6
CONTINUOUS
10
209.5061599999999942
20
-73.7115459999999985
11
209.601397999999989
21
-73.7591649999999959
0
LINE
8
BLACK
6
CONTINUOUS
10
209.601397999999989
20
-73.7591649999999959
11
209.6076970000000017
21
-73.7631289999999922
0
LINE
8
BLACK
6
CONTINUOUS
10
209.6076970000000017
20
-73.7631289999999922
11
209.6095249999999908
21
-73.7638869999999969
0
LINE
8
BLACK
6
CONTINUOUS
10
209.6095249999999908
20
-73.7638869999999969
11
209.611581000000001
21
-73.7655749999999983
0
LINE
8
BLACK
6
CONTINUOUS
10
209.611581000000001
20
-73.7655749999999983
11
209.6138409999999794
21
-73.7669970000000035
0
LINE
8
BLACK
6
CONTINUOUS
10
209.6138409999999794
20
-73.7669970000000035
11
209.6151399999999967
21
-73.7684950000000015
0
LINE
8
BLACK
6
CONTINUOUS
10
209.6151399999999967
20
-73.7684950000000015
11
209.6208900000000028
21
-73.7732139999999958
0
LINE
8
BLACK
6
CONTINUOUS
10
209.6208900000000028
20
-73.7732139999999958
11
209.6685090000000002
21
-73.8208329999999933
0
LINE
8
BLACK
6
CONTINUOUS
10
209.6685090000000002
20
-73.8208329999999933
11
209.6732269999999971
21
-73.8265820000000019
0
LINE
8
BLACK
6
CONTINUOUS
10
209.6732269999999971
20
-73.8265820000000019
11
209.6747259999999926
21
-73.8278820000000024
0
LINE
8
BLACK
6
CONTINUOUS
10
209.6747259999999926
20
-73.8278820000000024
11
209.6761469999999861
21
-73.8301409999999976
0
LINE
8
BLACK
6
CONTINUOUS
10
209.6761469999999861
20
-73.8301409999999976
11
209.677835999999985
21
-73.8321979999999911
0
LINE
8
BLACK
6
CONTINUOUS
10
209.677835999999985
20
-73.8321979999999911
11
209.678592999999978
21
-73.8340249999999969
0
LINE
8
BLACK
6
CONTINUOUS
10
209.678592999999978
20
-73.8340249999999969
11
209.6825580000000002
21
-73.8403249999999929
0
LINE
8
BLACK
6
CONTINUOUS
10
209.6825580000000002
20
-73.8403249999999929
11
209.7301769999999976
21
-73.9355630000000019
0
LINE
8
BLACK
6
CONTINUOUS
10
209.7301769999999976
20
-73.9355630000000019
11
209.735432000000003
21
-73.9492939999999948
0
LINE
8
BLACK
6
CONTINUOUS
10
209.735432000000003
20
-73.9492939999999948
11
209.7356230000000039
21
-73.9519829999999985
0
LINE
8
BLACK
6
CONTINUOUS
10
209.7356230000000039
20
-73.9519829999999985
11
209.7366539999999873
21
-73.9544719999999955
0
LINE
8
BLACK
6
CONTINUOUS
10
209.7366539999999873
20
-73.9544719999999955
11
209.7380949999999871
21
-73.9691040000000015
0
LINE
8
BLACK
6
CONTINUOUS
10
209.7380949999999871
20
-73.9691040000000015
11
209.7380949999999871
21
-74.0643419999999963
0
LINE
8
BLACK
6
CONTINUOUS
10
209.7380949999999871
20
-74.0643419999999963
11
209.7366539999999873
21
-74.0789740000000023
0
LINE
8
BLACK
6
CONTINUOUS
10
209.7366539999999873
20
-74.0789740000000023
11
209.7356230000000039
21
-74.0814620000000019
0
LINE
8
BLACK
6
CONTINUOUS
10
209.7356230000000039
20
-74.0814620000000019
11
209.735432000000003
21
-74.0841520000000031
0
LINE
8
BLACK
6
CONTINUOUS
10
209.735432000000003
20
-74.0841520000000031
11
209.7301769999999976
21
-74.0978829999999959
0
LINE
8
BLACK
6
CONTINUOUS
10
209.7301769999999976
20
-74.0978829999999959
11
209.6825580000000002
21
-74.1931209999999908
0
LINE
8
BLACK
6
CONTINUOUS
10
209.6825580000000002
20
-74.1931209999999908
11
209.6785940000000039
21
-74.1994169999999968
0
LINE
8
BLACK
6
CONTINUOUS
10
209.6785940000000039
20
-74.1994169999999968
11
209.6778369999999825
21
-74.2012469999999951
0
LINE
8
BLACK
6
CONTINUOUS
10
209.6778369999999825
20
-74.2012469999999951
11
209.6761469999999861
21
-74.2033050000000003
0
LINE
8
BLACK
6
CONTINUOUS
10
209.6761469999999861
20
-74.2033050000000003
11
209.6747259999999926
21
-74.2055639999999954
0
LINE
8
BLACK
6
CONTINUOUS
10
209.6747259999999926
20
-74.2055639999999954
11
209.6732269999999971
21
-74.2068629999999985
0
LINE
8
BLACK
6
CONTINUOUS
10
209.6732269999999971
20
-74.2068629999999985
11
209.6685090000000002
21
-74.2126129999999904
0
LINE
8
BLACK
6
CONTINUOUS
10
209.6685090000000002
20
-74.2126129999999904
11
209.6208910000000003
21
-74.260232000000002
0
LINE
8
BLACK
6
CONTINUOUS
10
209.6208910000000003
20
-74.260232000000002
11
209.6151409999999942
21
-74.2649499999999989
0
LINE
8
BLACK
6
CONTINUOUS
10
209.6151409999999942
20
-74.2649499999999989
11
209.6138409999999794
21
-74.2664499999999919
0
LINE
8
BLACK
6
CONTINUOUS
10
209.6138409999999794
20
-74.2664499999999919
11
209.611581000000001
21
-74.267871999999997
0
LINE
8
BLACK
6
CONTINUOUS
10
209.611581000000001
20
-74.267871999999997
11
209.6095249999999908
21
-74.2695599999999985
0
LINE
8
BLACK
6
CONTINUOUS
10
209.6095249999999908
20
-74.2695599999999985
11
209.6076970000000017
21
-74.2703169999999915
0
LINE
8
BLACK
6
CONTINUOUS
10
209.6076970000000017
20
-74.2703169999999915
11
209.601397999999989
21
-74.2742819999999995
0
LINE
8
BLACK
6
CONTINUOUS
10
209.601397999999989
20
-74.2742819999999995
11
209.5061599999999942
21
-74.3219009999999969
0
LINE
8
BLACK
6
CONTINUOUS
10
209.5061599999999942
20
-74.3219009999999969
11
209.4924279999999897
21
-74.3271560000000022
0
LINE
8
BLACK
6
CONTINUOUS
10
209.4924279999999897
20
-74.3271560000000022
11
209.4897399999999834
21
-74.3273459999999915
0
LINE
8
BLACK
6
CONTINUOUS
10
209.4897399999999834
20
-74.3273459999999915
11
209.4872509999999863
21
-74.3283780000000007
0
LINE
8
BLACK
6
CONTINUOUS
10
209.4872509999999863
20
-74.3283780000000007
11
209.4726189999999804
21
-74.3298190000000005
0
LINE
8
BLACK
6
CONTINUOUS
10
209.4726189999999804
20
-74.3298190000000005
11
209.2345239999999933
21
-74.3298190000000005
0
LINE
8
BLACK
6
CONTINUOUS
10
209.2345239999999933
20
-74.3298190000000005
11
209.2271169999999927
21
-74.3290889999999962
0
LINE
8
BLACK
6
CONTINUOUS
10
209.2271169999999927
20
-74.3290889999999962
11
209.2251430000000028
21
-74.3292299999999955
0
LINE
8
BLACK
6
CONTINUOUS
10
209.2251430000000028
20
-74.3292299999999955
11
209.2225449999999967
21
-74.3286389999999955
0
LINE
8
BLACK
6
CONTINUOUS
10
209.2225449999999967
20
-74.3286389999999955
11
209.2198919999999873
21
-74.3283780000000007
0
LINE
8
BLACK
6
CONTINUOUS
10
209.2198919999999873
20
-74.3283780000000007
11
209.2180609999999774
21
-74.3276189999999986
0
LINE
8
BLACK
6
CONTINUOUS
10
209.2180609999999774
20
-74.3276189999999986
11
209.2108059999999909
21
-74.3259699999999981
0
LINE
8
BLACK
6
CONTINUOUS
10
209.2108059999999909
20
-74.3259699999999981
11
209.0679499999999962
21
-74.2783510000000007
0
LINE
8
BLACK
6
CONTINUOUS
10
209.0679499999999962
20
-74.2783510000000007
11
209.0545239999999865
21
-74.2723569999999995
0
LINE
8
BLACK
6
CONTINUOUS
10
209.0545239999999865
20
-74.2723569999999995
11
209.032416999999981
21
-74.2531829999999928
0
LINE
8
BLACK
6
CONTINUOUS
10
209.032416999999981
20
-74.2531829999999928
11
209.019330999999994
21
-74.2270099999999928
0
LINE
8
BLACK
6
CONTINUOUS
10
209.019330999999994
20
-74.2270099999999928
11
209.0172560000000033
21
-74.197819999999993
0
LINE
8
BLACK
6
CONTINUOUS
10
209.0172560000000033
20
-74.197819999999993
11
209.0265100000000018
21
-74.1700569999999999
0
LINE
8
BLACK
6
CONTINUOUS
10
209.0265100000000018
20
-74.1700569999999999
11
209.0456839999999943
21
-74.1479499999999945
0
LINE
8
BLACK
6
CONTINUOUS
10
209.0456839999999943
20
-74.1479499999999945
11
209.0718569999999943
21
-74.1348639999999932
0
LINE
8
BLACK
6
CONTINUOUS
10
209.0718569999999943
20
-74.1348639999999932
11
209.1010469999999941
21
-74.1327890000000025
0
LINE
8
BLACK
6
CONTINUOUS
10
209.1010469999999941
20
-74.1327890000000025
11
209.1153839999999775
21
-74.1360489999999999
0
LINE
8
BLACK
6
CONTINUOUS
10
209.1153839999999775
20
-74.1360489999999999
11
209.2466939999999909
21
-74.1798189999999948
0
LINE
8
BLACK
6
CONTINUOUS
10
209.2466939999999909
20
-74.1798189999999948
11
209.4549140000000023
21
-74.1798189999999948
0
LINE
8
BLACK
6
CONTINUOUS
10
209.4549140000000023
20
-74.1798189999999948
11
209.523428999999993
21
-74.1455610000000007
0
LINE
8
BLACK
6
CONTINUOUS
10
209.523428999999993
20
-74.1455610000000007
11
209.5538359999999898
21
-74.1151529999999923
0
LINE
8
BLACK
6
CONTINUOUS
10
209.5538359999999898
20
-74.1151529999999923
11
209.5880949999999814
21
-74.0466369999999898
0
LINE
8
BLACK
6
CONTINUOUS
10
209.5880949999999814
20
-74.0466369999999898
11
209.5880949999999814
21
-73.9868089999999938
0
LINE
8
BLACK
6
CONTINUOUS
10
209.5880949999999814
20
-73.9868089999999938
11
209.5538369999999873
21
-73.9182929999999914
0
LINE
8
BLACK
6
CONTINUOUS
10
209.5538369999999873
20
-73.9182929999999914
11
209.5234299999999905
21
-73.8878859999999946
0
LINE
8
BLACK
6
CONTINUOUS
10
209.5234299999999905
20
-73.8878859999999946
11
209.4464429999999879
21
-73.8493919999999946
0
LINE
8
BLACK
6
CONTINUOUS
10
209.4464429999999879
20
-73.8493919999999946
11
209.2639529999999866
21
-73.8037700000000001
0
LINE
8
BLACK
6
CONTINUOUS
10
209.2639529999999866
20
-73.8037700000000001
11
209.2628729999999848
21
-73.8033839999999941
0
LINE
8
BLACK
6
CONTINUOUS
10
209.2628729999999848
20
-73.8033839999999941
11
209.2623329999999839
21
-73.8033459999999906
0
LINE
8
BLACK
6
CONTINUOUS
10
209.2623329999999839
20
-73.8033459999999906
11
209.2562429999999836
21
-73.8010149999999925
0
LINE
8
BLACK
6
CONTINUOUS
10
209.2562429999999836
20
-73.8010149999999925
11
209.2501069999999856
21
-73.7988229999999987
0
LINE
8
BLACK
6
CONTINUOUS
10
209.2501069999999856
20
-73.7988229999999987
11
209.249670999999978
21
-73.79849999999999
0
LINE
8
BLACK
6
CONTINUOUS
10
209.249670999999978
20
-73.79849999999999
11
209.2486019999999769
21
-73.7980909999999994
0
LINE
8
BLACK
6
CONTINUOUS
10
209.2486019999999769
20
-73.7980909999999994
11
209.1533639999999821
21
-73.750472000000002
0
LINE
8
BLACK
6
CONTINUOUS
10
209.1533639999999821
20
-73.750472000000002
11
209.1470640000000003
21
-73.746506999999994
0
LINE
8
BLACK
6
CONTINUOUS
10
209.1470640000000003
20
-73.746506999999994
11
209.1452369999999803
21
-73.745750000000001
0
LINE
8
BLACK
6
CONTINUOUS
10
209.1452369999999803
20
-73.745750000000001
11
209.143180000000001
21
-73.7440610000000021
0
LINE
8
BLACK
6
CONTINUOUS
10
209.143180000000001
20
-73.7440610000000021
11
209.1409209999999916
21
-73.7426399999999944
0
LINE
8
BLACK
6
CONTINUOUS
10
209.1409209999999916
20
-73.7426399999999944
11
209.1396209999999769
21
-73.7411409999999989
0
LINE
8
BLACK
6
CONTINUOUS
10
209.1396209999999769
20
-73.7411409999999989
11
209.1338719999999967
21
-73.736423000000002
0
LINE
8
BLACK
6
CONTINUOUS
10
209.1338719999999967
20
-73.736423000000002
11
209.0862529999999992
21
-73.6888039999999904
0
LINE
8
BLACK
6
CONTINUOUS
10
209.0862529999999992
20
-73.6888039999999904
11
209.0815339999999765
21
-73.6830539999999985
0
LINE
8
BLACK
6
CONTINUOUS
10
209.0815339999999765
20
-73.6830539999999985
11
209.0800359999999785
21
-73.6817549999999954
0
LINE
8
BLACK
6
CONTINUOUS
10
209.0800359999999785
20
-73.6817549999999954
11
209.0786139999999875
21
-73.6794950000000028
0
LINE
8
BLACK
6
CONTINUOUS
10
209.0786139999999875
20
-73.6794950000000028
11
209.0769259999999861
21
-73.6774389999999926
0
LINE
8
BLACK
6
CONTINUOUS
10
209.0769259999999861
20
-73.6774389999999926
11
209.0761679999999956
21
-73.6756110000000035
0
LINE
8
BLACK
6
CONTINUOUS
10
209.0761679999999956
20
-73.6756110000000035
11
209.0722039999999993
21
-73.6693119999999908
0
LINE
8
BLACK
6
CONTINUOUS
10
209.0722039999999993
20
-73.6693119999999908
11
209.0245850000000019
21
-73.574073999999996
0
LINE
8
BLACK
6
CONTINUOUS
10
209.0245850000000019
20
-73.574073999999996
11
209.0193299999999965
21
-73.5603419999999915
0
LINE
8
BLACK
6
CONTINUOUS
10
209.0193299999999965
20
-73.5603419999999915
11
209.0191389999999956
21
-73.5576539999999994
0
LINE
8
BLACK
6
CONTINUOUS
10
209.0191389999999956
20
-73.5576539999999994
11
209.0181079999999838
21
-73.5551650000000024
0
LINE
8
BLACK
6
CONTINUOUS
10
209.0181079999999838
20
-73.5551650000000024
11
209.016666999999984
21
-73.5405329999999964
0
LINE
8
BLACK
6
CONTINUOUS
10
209.016666999999984
20
-73.5405329999999964
11
209.016666999999984
21
-73.4452950000000016
0
LINE
8
BLACK
6
CONTINUOUS
10
209.016666999999984
20
-73.4452950000000016
11
209.0181079999999838
21
-73.4306629999999956
0
LINE
8
BLACK
6
CONTINUOUS
10
209.0181079999999838
20
-73.4306629999999956
11
209.0191389999999956
21
-73.428173000000001
0
LINE
8
BLACK
6
CONTINUOUS
10
209.0191389999999956
20
-73.428173000000001
11
209.0193299999999965
21
-73.4254859999999923
0
LINE
8
BLACK
6
CONTINUOUS
10
209.0193299999999965
20
-73.4254859999999923
11
209.0245850000000019
21
-73.411754000000002
0
LINE
8
BLACK
6
CONTINUOUS
10
209.0245850000000019
20
-73.411754000000002
11
209.0722039999999993
21
-73.3165159999999929
0
LINE
8
BLACK
6
CONTINUOUS
10
209.0722039999999993
20
-73.3165159999999929
11
209.0761679999999956
21
-73.3102159999999969
0
LINE
8
BLACK
6
CONTINUOUS
10
209.0761679999999956
20
-73.3102159999999969
11
209.0769259999999861
21
-73.3083889999999911
0
LINE
8
BLACK
6
CONTINUOUS
10
209.0769259999999861
20
-73.3083889999999911
11
209.0786139999999875
21
-73.3063319999999976
0
LINE
8
BLACK
6
CONTINUOUS
10
209.0786139999999875
20
-73.3063319999999976
11
209.0800359999999785
21
-73.3040730000000025
0
LINE
8
BLACK
6
CONTINUOUS
10
209.0800359999999785
20
-73.3040730000000025
11
209.0815339999999765
21
-73.302773000000002
0
LINE
8
BLACK
6
CONTINUOUS
10
209.0815339999999765
20
-73.302773000000002
11
209.0862529999999992
21
-73.2970239999999933
0
LINE
8
BLACK
6
CONTINUOUS
10
209.0862529999999992
20
-73.2970239999999933
11
209.1338719999999967
21
-73.2494049999999959
0
LINE
8
BLACK
6
CONTINUOUS
10
209.1338719999999967
20
-73.2494049999999959
11
209.1396209999999769
21
-73.2446860000000015
0
LINE
8
BLACK
6
CONTINUOUS
10
209.1396209999999769
20
-73.2446860000000015
11
209.1409209999999916
21
-73.2431880000000035
0
LINE
8
BLACK
6
CONTINUOUS
10
209.1409209999999916
20
-73.2431880000000035
11
209.143180000000001
21
-73.2417659999999984
0
LINE
8
BLACK
6
CONTINUOUS
10
209.143180000000001
20
-73.2417659999999984
11
209.1452369999999803
21
-73.2400779999999969
0
LINE
8
BLACK
6
CONTINUOUS
10
209.1452369999999803
20
-73.2400779999999969
11
209.1470640000000003
21
-73.2393199999999922
0
LINE
8
BLACK
6
CONTINUOUS
10
209.1470640000000003
20
-73.2393199999999922
11
209.1533639999999821
21
-73.2353559999999959
0
LINE
8
BLACK
6
CONTINUOUS
10
209.1533639999999821
20
-73.2353559999999959
11
209.2486019999999769
21
-73.1877369999999985
0
LINE
8
BLACK
6
CONTINUOUS
10
209.2486019999999769
20
-73.1877369999999985
11
209.2623329999999839
21
-73.1824819999999931
0
LINE
8
BLACK
6
CONTINUOUS
10
209.2623329999999839
20
-73.1824819999999931
11
209.2650219999999877
21
-73.1822899999999947
0
LINE
8
BLACK
6
CONTINUOUS
10
209.2650219999999877
20
-73.1822899999999947
11
209.2675109999999847
21
-73.1812599999999946
0
LINE
8
BLACK
6
CONTINUOUS
10
209.2675109999999847
20
-73.1812599999999946
11
209.2821429999999907
21
-73.1798189999999948
0
LINE
8
BLACK
6
CONTINUOUS
10
209.2821429999999907
20
-73.1798189999999948
11
209.5202379999999778
21
-73.1798189999999948
0
LINE
8
BLACK
6
CONTINUOUS
10
209.5202379999999778
20
-73.1798189999999948
11
209.5276429999999834
21
-73.1805480000000017
0
LINE
8
BLACK
6
CONTINUOUS
10
211.5824889999999812
20
-73.1812599999999946
11
211.5849779999999782
21
-73.1822909999999922
0
LINE
8
BLACK
6
CONTINUOUS
10
211.5849779999999782
20
-73.1822909999999922
11
211.5876659999999845
21
-73.1824819999999931
0
LINE
8
BLACK
6
CONTINUOUS
10
211.5876659999999845
20
-73.1824819999999931
11
211.601397999999989
21
-73.1877369999999985
0
LINE
8
BLACK
6
CONTINUOUS
10
211.601397999999989
20
-73.1877369999999985
11
211.6966359999999838
21
-73.2353559999999959
0
LINE
8
BLACK
6
CONTINUOUS
10
211.6966359999999838
20
-73.2353559999999959
11
211.7029349999999965
21
-73.2393199999999922
0
LINE
8
BLACK
6
CONTINUOUS
10
211.7029349999999965
20
-73.2393199999999922
11
211.7047629999999856
21
-73.2400779999999969
0
LINE
8
BLACK
6
CONTINUOUS
10
211.7047629999999856
20
-73.2400779999999969
11
211.7068189999999959
21
-73.2417659999999984
0
LINE
8
BLACK
6
CONTINUOUS
10
211.7068189999999959
20
-73.2417659999999984
11
211.7090790000000027
21
-73.2431880000000035
0
LINE
8
BLACK
6
CONTINUOUS
10
211.7090790000000027
20
-73.2431880000000035
11
211.7103779999999915
21
-73.2446860000000015
0
LINE
8
BLACK
6
CONTINUOUS
10
211.7103779999999915
20
-73.2446860000000015
11
211.7161279999999977
21
-73.2494049999999959
0
LINE
8
BLACK
6
CONTINUOUS
10
211.7161279999999977
20
-73.2494049999999959
11
211.7637469999999951
21
-73.2970239999999933
0
LINE
8
BLACK
6
CONTINUOUS
10
211.7637469999999951
20
-73.2970239999999933
11
211.768464999999992
21
-73.302773000000002
0
LINE
8
BLACK
6
CONTINUOUS
10
211.768464999999992
20
-73.302773000000002
11
211.7699639999999874
21
-73.3040730000000025
0
LINE
8
BLACK
6
CONTINUOUS
10
211.7699639999999874
20
-73.3040730000000025
11
211.7713849999999809
21
-73.3063319999999976
0
LINE
8
BLACK
6
CONTINUOUS
10
211.7713849999999809
20
-73.3063319999999976
11
211.7730739999999798
21
-73.3083889999999911
0
LINE
8
BLACK
6
CONTINUOUS
10
211.7730739999999798
20
-73.3083889999999911
11
211.7738310000000013
21
-73.3102159999999969
0
LINE
8
BLACK
6
CONTINUOUS
10
211.7738310000000013
20
-73.3102159999999969
11
211.777795999999995
21
-73.3165159999999929
0
LINE
8
BLACK
6
CONTINUOUS
10
211.777795999999995
20
-73.3165159999999929
11
211.8254149999999925
21
-73.411754000000002
0
LINE
8
BLACK
6
CONTINUOUS
10
211.8254149999999925
20
-73.411754000000002
11
211.8306699999999978
21
-73.4254849999999948
0
LINE
8
BLACK
6
CONTINUOUS
10
211.8306699999999978
20
-73.4254849999999948
11
211.8308609999999987
21
-73.4281739999999985
0
LINE
8
BLACK
6
CONTINUOUS
10
211.8308609999999987
20
-73.4281739999999985
11
211.8318919999999821
21
-73.4306629999999956
0
LINE
8
BLACK
6
CONTINUOUS
10
211.8318919999999821
20
-73.4306629999999956
11
211.8333329999999819
21
-73.4452950000000016
0
LINE
8
BLACK
6
CONTINUOUS
10
211.8333329999999819
20
-73.4452950000000016
11
211.8333329999999819
21
-73.5405329999999964
0
LINE
8
BLACK
6
CONTINUOUS
10
211.8333329999999819
20
-73.5405329999999964
11
211.8326029999999776
21
-73.5479389999999995
0
LINE
8
BLACK
6
CONTINUOUS
10
211.8326029999999776
20
-73.5479389999999995
11
211.832743999999991
21
-73.5499140000000011
0
LINE
8
BLACK
6
CONTINUOUS
10
211.832743999999991
20
-73.5499140000000011
11
211.8321529999999768
21
-73.5525109999999955
0
LINE
8
BLACK
6
CONTINUOUS
10
211.8321529999999768
20
-73.5525109999999955
11
211.8318919999999821
21
-73.5551650000000024
0
LINE
8
BLACK
6
CONTINUOUS
10
211.8318919999999821
20
-73.5551650000000024
11
211.8311329999999941
21
-73.5569950000000006
0
LINE
8
BLACK
6
CONTINUOUS
10
211.8311329999999941
20
-73.5569950000000006
11
211.8294839999999795
21
-73.5642509999999987
0
LINE
8
BLACK
6
CONTINUOUS
10
211.8294839999999795
20
-73.5642509999999987
11
211.781864999999982
21
-73.7071069999999935
0
LINE
8
BLACK
6
CONTINUOUS
10
211.781864999999982
20
-73.7071069999999935
11
211.7758709999999951
21
-73.7205330000000032
0
LINE
8
BLACK
6
CONTINUOUS
10
211.7758709999999951
20
-73.7205330000000032
11
211.7741059999999891
21
-73.722566999999998
0
LINE
8
BLACK
6
CONTINUOUS
10
211.7741059999999891
20
-73.722566999999998
11
211.7730749999999773
21
-73.72505799999999
0
LINE
8
BLACK
6
CONTINUOUS
10
211.7730749999999773
20
-73.72505799999999
11
211.7637469999999951
21
-73.736423000000002
0
LINE
8
BLACK
6
CONTINUOUS
10
211.7637469999999951
20
-73.736423000000002
11
211.3203519999999855
21
-74.1798189999999948
0
LINE
8
BLACK
6
CONTINUOUS
10
211.3203519999999855
20
-74.1798189999999948
11
211.7583329999999933
21
-74.1798189999999948
0
LINE
8
BLACK
6
CONTINUOUS
10
211.7583329999999933
20
-74.1798189999999948
11
211.7729649999999992
21
-74.1812599999999946
0
LINE
8
BLACK
6
CONTINUOUS
10
211.7729649999999992
20
-74.1812599999999946
11
211.8000009999999804
21
-74.1924589999999995
0
LINE
8
BLACK
6
CONTINUOUS
10
211.8000009999999804
20
-74.1924589999999995
11
211.8206929999999772
21
-74.2131509999999963
0
LINE
8
BLACK
6
CONTINUOUS
10
211.8206929999999772
20
-74.2131509999999963
11
211.8318919999999821
21
-74.2401869999999917
0
LINE
8
BLACK
6
CONTINUOUS
10
211.8318919999999821
20
-74.2401869999999917
11
211.8318919999999821
21
-74.2694510000000037
0
LINE
8
BLACK
6
CONTINUOUS
10
211.8318919999999821
20
-74.2694510000000037
11
211.8206929999999772
21
-74.2964869999999991
0
LINE
8
BLACK
6
CONTINUOUS
10
211.8206929999999772
20
-74.2964869999999991
11
211.8000009999999804
21
-74.3171789999999959
0
LINE
8
BLACK
6
CONTINUOUS
10
211.8000009999999804
20
-74.3171789999999959
11
211.7729649999999992
21
-74.3283780000000007
0
LINE
8
BLACK
6
CONTINUOUS
10
211.7729649999999992
20
-74.3283780000000007
11
211.7583329999999933
21
-74.3298190000000005
0
LINE
8
BLACK
6
CONTINUOUS
10
211.7583329999999933
20
-74.3298190000000005
11
211.1392859999999985
21
-74.3298190000000005
0
LINE
8
BLACK
6
CONTINUOUS
10
211.1392859999999985
20
-74.3298190000000005
11
211.1246539999999925
21
-74.3283780000000007
0
LINE
8
BLACK
6
CONTINUOUS
10
211.1246539999999925
20
-74.3283780000000007
11
211.0976179999999829
21
-74.3171789999999959
0
LINE
8
BLACK
6
CONTINUOUS
10
211.0976179999999829
20
-74.3171789999999959
11
211.0769259999999861
21
-74.2964869999999991
0
LINE
8
BLACK
6
CONTINUOUS
10
211.0769259999999861
20
-74.2964869999999991
11
211.0657269999999812
21
-74.2694510000000037
0
LINE
8
BLACK
6
CONTINUOUS
10
211.0657269999999812
20
-74.2694510000000037
11
211.0657269999999812
21
-74.2401869999999917
0
LINE
8
BLACK
6
CONTINUOUS
10
211.0657269999999812
20
-74.2401869999999917
11
211.0769259999999861
21
-74.2131509999999963
0
LINE
8
BLACK
6
CONTINUOUS
10
211.0769259999999861
20
-74.2131509999999963
11
211.0862529999999992
21
-74.2017859999999985
0
LINE
8
BLACK
6
CONTINUOUS
10
211.0862529999999992
20
-74.2017859999999985
11
211.6451610000000016
21
-73.6428760000000011
0
LINE
8
BLACK
6
CONTINUOUS
10
211.6451610000000016
20
-73.6428760000000011
11
211.6833330000000046
21
-73.5283629999999988
0
LINE
8
BLACK
6
CONTINUOUS
10
211.6833330000000046
20
-73.5283629999999988
11
211.6833330000000046
21
-73.4629999999999939
0
LINE
8
BLACK
6
CONTINUOUS
10
211.6833330000000046
20
-73.4629999999999939
11
211.6490749999999821
21
-73.3944839999999914
0
LINE
8
BLACK
6
CONTINUOUS
10
211.6490749999999821
20
-73.3944839999999914
11
211.6186679999999853
21
-73.3640769999999947
0
LINE
8
BLACK
6
CONTINUOUS
10
211.6186679999999853
20
-73.3640769999999947
11
211.5501519999999971
21
-73.3298190000000005
0
LINE
8
BLACK
6
CONTINUOUS
10
211.5501519999999971
20
-73.3298190000000005
11
211.3474669999999946
21
-73.3298190000000005
0
LINE
8
BLACK
6
CONTINUOUS
10
211.3474669999999946
20
-73.3298190000000005
11
211.278950999999978
21
-73.3640769999999947
0
LINE
8
BLACK
6
CONTINUOUS
10
211.278950999999978
20
-73.3640769999999947
11
211.2399379999999951
21
-73.4030899999999917
0
LINE
8
BLACK
6
CONTINUOUS
10
211.2399379999999951
20
-73.4030899999999917
11
211.228572999999983
21
-73.4124169999999907
0
LINE
8
BLACK
6
CONTINUOUS
10
211.228572999999983
20
-73.4124169999999907
11
211.2015360000000044
21
-73.4236159999999956
0
LINE
8
BLACK
6
CONTINUOUS
10
211.2015360000000044
20
-73.4236159999999956
11
211.1722739999999874
21
-73.4236159999999956
0
LINE
8
BLACK
6
CONTINUOUS
10
211.1722739999999874
20
-73.4236159999999956
11
211.1452369999999803
21
-73.4124169999999907
0
LINE
8
BLACK
6
CONTINUOUS
10
211.1452369999999803
20
-73.4124169999999907
11
211.1245449999999835
21
-73.3917249999999939
0
LINE
8
BLACK
6
CONTINUOUS
10
211.1245449999999835
20
-73.3917249999999939
11
211.1133459999999786
21
-73.364688000000001
0
LINE
8
BLACK
6
CONTINUOUS
10
211.1133459999999786
20
-73.364688000000001
11
211.1133459999999786
21
-73.3354259999999982
0
LINE
8
BLACK
6
CONTINUOUS
10
211.1133459999999786
20
-73.3354259999999982
11
211.1245449999999835
21
-73.3083889999999911
0
LINE
8
BLACK
6
CONTINUOUS
10
211.1245449999999835
20
-73.3083889999999911
11
211.1338719999999967
21
-73.2970239999999933
0
LINE
8
BLACK
6
CONTINUOUS
10
211.1338719999999967
20
-73.2970239999999933
11
211.1814909999999941
21
-73.2494049999999959
0
LINE
8
BLACK
6
CONTINUOUS
10
211.1814909999999941
20
-73.2494049999999959
11
211.1872400000000027
21
-73.2446860000000015
0
LINE
8
BLACK
6
CONTINUOUS
10
211.1872400000000027
20
-73.2446860000000015
11
211.188539999999989
21
-73.2431880000000035
0
LINE
8
BLACK
6
CONTINUOUS
10
211.188539999999989
20
-73.2431880000000035
11
211.1907989999999984
21
-73.2417659999999984
0
LINE
8
BLACK
6
CONTINUOUS
10
211.1907989999999984
20
-73.2417659999999984
11
211.1928559999999777
21
-73.2400779999999969
0
LINE
8
BLACK
6
CONTINUOUS
10
211.1928559999999777
20
-73.2400779999999969
11
211.1946829999999977
21
-73.2393199999999922
0
LINE
8
BLACK
6
CONTINUOUS
10
211.1946829999999977
20
-73.2393199999999922
11
211.2009829999999795
21
-73.2353559999999959
0
LINE
8
BLACK
6
CONTINUOUS
10
211.2009829999999795
20
-73.2353559999999959
11
211.2962210000000027
21
-73.1877369999999985
0
LINE
8
BLACK
6
CONTINUOUS
10
211.2962210000000027
20
-73.1877369999999985
11
211.3099519999999814
21
-73.1824819999999931
0
LINE
8
BLACK
6
CONTINUOUS
10
211.3099519999999814
20
-73.1824819999999931
11
211.3126409999999851
21
-73.1822899999999947
0
LINE
8
BLACK
6
CONTINUOUS
10
211.3126409999999851
20
-73.1822899999999947
11
211.3151299999999821
21
-73.1812599999999946
0
LINE
8
BLACK
6
CONTINUOUS
10
211.3151299999999821
20
-73.1812599999999946
11
211.3297619999999881
21
-73.1798189999999948
0
LINE
8
BLACK
6
CONTINUOUS
10
211.3297619999999881
20
-73.1798189999999948
11
211.5678570000000036
21
-73.1798189999999948
0
LINE
8
BLACK
6
CONTINUOUS
10
211.5678570000000036
20
-73.1798189999999948
11
211.5824889999999812
21
-73.1812599999999946
0
LINE
8
BLACK
6
CONTINUOUS
10
210.8848439999999869
20
-73.1866500000000002
11
210.9085509999999886
21
-73.2038060000000002
0
LINE
8
BLACK
6
CONTINUOUS
10
210.9085509999999886
20
-73.2038060000000002
11
210.9238869999999793
21
-73.2287279999999896
0
LINE
8
BLACK
6
CONTINUOUS
10
210.9238869999999793
20
-73.2287279999999896
11
210.9285199999999918
21
-73.2576229999999953
0
LINE
8
BLACK
6
CONTINUOUS
10
210.9285199999999918
20
-73.2576229999999953
11
210.9265319999999804
21
-73.2721909999999923
0
LINE
8
BLACK
6
CONTINUOUS
10
210.9265319999999804
20
-73.2721909999999923
11
210.6884359999999958
21
-74.2721909999999923
0
LINE
8
BLACK
6
CONTINUOUS
10
210.6884359999999958
20
-74.2721909999999923
11
210.6867059999999867
21
-74.2772089999999992
0
LINE
8
BLACK
6
CONTINUOUS
10
210.6867059999999867
20
-74.2772089999999992
11
210.6864669999999933
21
-74.279012999999992
0
LINE
8
BLACK
6
CONTINUOUS
10
210.6864669999999933
20
-74.279012999999992
11
210.6855229999999892
21
-74.2806420000000003
0
LINE
8
BLACK
6
CONTINUOUS
10
210.6855229999999892
20
-74.2806420000000003
11
210.6836459999999818
21
-74.286090999999999
0
LINE
8
BLACK
6
CONTINUOUS
10
210.6836459999999818
20
-74.286090999999999
11
210.6772599999999898
21
-74.2949139999999915
0
LINE
8
BLACK
6
CONTINUOUS
10
210.6772599999999898
20
-74.2949139999999915
11
210.6718049999999778
21
-74.3043369999999896
0
LINE
8
BLACK
6
CONTINUOUS
10
210.6718049999999778
20
-74.3043369999999896
11
210.6687469999999962
21
-74.3066769999999934
0
LINE
8
BLACK
6
CONTINUOUS
10
210.6687469999999962
20
-74.3066769999999934
11
210.6664889999999843
21
-74.3097980000000007
0
LINE
8
BLACK
6
CONTINUOUS
10
210.6664889999999843
20
-74.3097980000000007
11
210.6572170000000028
21
-74.3155029999999925
0
LINE
8
BLACK
6
CONTINUOUS
10
210.6572170000000028
20
-74.3155029999999925
11
210.6485669999999857
21
-74.3221249999999998
0
LINE
8
BLACK
6
CONTINUOUS
10
210.6485669999999857
20
-74.3221249999999998
11
210.6448429999999803
21
-74.3231179999999938
0
LINE
8
BLACK
6
CONTINUOUS
10
210.6448429999999803
20
-74.3231179999999938
11
210.6415669999999807
21
-74.3251339999999914
0
LINE
8
BLACK
6
CONTINUOUS
10
210.6415669999999807
20
-74.3251339999999914
11
210.6308229999999924
21
-74.3268559999999923
0
LINE
8
BLACK
6
CONTINUOUS
10
210.6308229999999924
20
-74.3268559999999923
11
210.6202919999999779
21
-74.3296649999999914
0
LINE
8
BLACK
6
CONTINUOUS
10
210.6202919999999779
20
-74.3296649999999914
11
210.6164729999999849
21
-74.329156999999995
0
LINE
8
BLACK
6
CONTINUOUS
10
210.6164729999999849
20
-74.329156999999995
11
210.6126720000000034
21
-74.3297669999999897
0
LINE
8
BLACK
6
CONTINUOUS
10
210.6126720000000034
20
-74.3297669999999897
11
210.6020759999999825
21
-74.3272439999999932
0
LINE
8
BLACK
6
CONTINUOUS
10
210.6020759999999825
20
-74.3272439999999932
11
210.5912830000000042
21
-74.3258099999999899
0
LINE
8
BLACK
6
CONTINUOUS
10
210.5912830000000042
20
-74.3258099999999899
11
210.5879510000000039
21
-74.3238810000000001
0
LINE
8
BLACK
6
CONTINUOUS
10
210.5879510000000039
20
-74.3238810000000001
11
210.5842039999999997
21
-74.3229889999999926
0
LINE
8
BLACK
6
CONTINUOUS
10
210.5842039999999997
20
-74.3229889999999926
11
210.5753789999999981
21
-74.3166020000000032
0
LINE
8
BLACK
6
CONTINUOUS
10
210.5753789999999981
20
-74.3166020000000032
11
210.5659579999999949
21
-74.3111480000000029
0
LINE
8
BLACK
6
CONTINUOUS
10
210.5659579999999949
20
-74.3111480000000029
11
210.5636169999999936
21
-74.3080899999999929
0
LINE
8
BLACK
6
CONTINUOUS
10
210.5636169999999936
20
-74.3080899999999929
11
210.560496999999998
21
-74.3058319999999952
0
LINE
8
BLACK
6
CONTINUOUS
10
210.560496999999998
20
-74.3058319999999952
11
210.5547909999999945
21
-74.296559000000002
0
LINE
8
BLACK
6
CONTINUOUS
10
210.5547909999999945
20
-74.296559000000002
11
210.5481709999999964
21
-74.287910999999994
0
LINE
8
BLACK
6
CONTINUOUS
10
210.5481709999999964
20
-74.287910999999994
11
210.5461449999999957
21
-74.2825089999999904
0
LINE
8
BLACK
6
CONTINUOUS
10
210.5461449999999957
20
-74.2825089999999904
11
210.5451609999999789
21
-74.2809099999999916
0
LINE
8
BLACK
6
CONTINUOUS
10
210.5451609999999789
20
-74.2809099999999916
11
210.5448729999999955
21
-74.2791189999999943
0
LINE
8
BLACK
6
CONTINUOUS
10
210.5448729999999955
20
-74.2791189999999943
11
210.5430079999999862
21
-74.2741439999999926
0
LINE
8
BLACK
6
CONTINUOUS
10
210.5430079999999862
20
-74.2741439999999926
11
210.4249989999999855
21
-73.8316129999999902
0
LINE
8
BLACK
6
CONTINUOUS
10
210.4249989999999855
20
-73.8316129999999902
11
210.3069919999999797
21
-74.2741439999999926
0
LINE
8
BLACK
6
CONTINUOUS
10
210.3069919999999797
20
-74.2741439999999926
11
210.3051260000000013
21
-74.2791179999999969
0
LINE
8
BLACK
6
CONTINUOUS
10
210.3051260000000013
20
-74.2791179999999969
11
210.304838999999987
21
-74.2809099999999916
0
LINE
8
BLACK
6
CONTINUOUS
10
210.304838999999987
20
-74.2809099999999916
11
210.3038540000000012
21
-74.282510000000002
0
LINE
8
BLACK
6
CONTINUOUS
10
210.3038540000000012
20
-74.282510000000002
11
210.3018289999999979
21
-74.2879099999999966
0
LINE
8
BLACK
6
CONTINUOUS
10
210.3018289999999979
20
-74.2879099999999966
11
210.2952099999999973
21
-74.2965559999999954
0
LINE
8
BLACK
6
CONTINUOUS
10
210.2952099999999973
20
-74.2965559999999954
11
210.2895029999999963
21
-74.3058319999999952
0
LINE
8
BLACK
6
CONTINUOUS
10
210.2895029999999963
20
-74.3058319999999952
11
210.2863820000000032
21
-74.3080899999999929
0
LINE
8
BLACK
6
CONTINUOUS
10
210.2863820000000032
20
-74.3080899999999929
11
210.2840419999999995
21
-74.3111480000000029
0
LINE
8
BLACK
6
CONTINUOUS
10
210.2840419999999995
20
-74.3111480000000029
11
210.2746199999999988
21
-74.3166020000000032
0
LINE
8
BLACK
6
CONTINUOUS
10
210.2746199999999988
20
-74.3166020000000032
11
210.2657959999999946
21
-74.3229889999999926
0
LINE
8
BLACK
6
CONTINUOUS
10
210.2657959999999946
20
-74.3229889999999926
11
210.262047999999993
21
-74.3238810000000001
0
LINE
8
BLACK
6
CONTINUOUS
10
210.262047999999993
20
-74.3238810000000001
11
210.2587169999999901
21
-74.3258099999999899
0
LINE
8
BLACK
6
CONTINUOUS
10
210.2587169999999901
20
-74.3258099999999899
11
210.2479259999999783
21
-74.3272429999999957
0
LINE
8
BLACK
6
CONTINUOUS
10
210.2479259999999783
20
-74.3272429999999957
11
210.2373279999999909
21
-74.3297669999999897
0
LINE
8
BLACK
6
CONTINUOUS
10
210.2373279999999909
20
-74.3297669999999897
11
210.2335239999999885
21
-74.329156999999995
0
LINE
8
BLACK
6
CONTINUOUS
10
210.2335239999999885
20
-74.329156999999995
11
210.2297089999999855
21
-74.329663999999994
0
LINE
8
BLACK
6
CONTINUOUS
10
210.2297089999999855
20
-74.329663999999994
11
210.2191869999999767
21
-74.3268580000000014
0
LINE
8
BLACK
6
CONTINUOUS
10
210.2191869999999767
20
-74.3268580000000014
11
210.2084329999999852
21
-74.3251339999999914
0
LINE
8
BLACK
6
CONTINUOUS
10
210.2084329999999852
20
-74.3251339999999914
11
210.2051529999999957
21
-74.3231159999999988
0
LINE
8
BLACK
6
CONTINUOUS
10
210.2051529999999957
20
-74.3231159999999988
11
210.2014329999999802
21
-74.3221240000000023
0
LINE
8
BLACK
6
CONTINUOUS
10
210.2014329999999802
20
-74.3221240000000023
11
210.1927859999999839
21
-74.3155050000000017
0
LINE
8
BLACK
6
CONTINUOUS
10
210.1927859999999839
20
-74.3155050000000017
11
210.1835109999999815
21
-74.3097980000000007
0
LINE
8
BLACK
6
CONTINUOUS
10
210.1835109999999815
20
-74.3097980000000007
11
210.1812520000000006
21
-74.3066769999999934
0
LINE
8
BLACK
6
CONTINUOUS
10
210.1812520000000006
20
-74.3066769999999934
11
210.1781949999999881
21
-74.3043369999999896
0
LINE
8
BLACK
6
CONTINUOUS
10
210.1781949999999881
20
-74.3043369999999896
11
210.1727400000000046
21
-74.2949150000000031
0
LINE
8
BLACK
6
CONTINUOUS
10
210.1727400000000046
20
-74.2949150000000031
11
210.1663539999999841
21
-74.286090999999999
0
LINE
8
BLACK
6
CONTINUOUS
10
210.1663539999999841
20
-74.286090999999999
11
210.1644749999999817
21
-74.2806399999999911
0
LINE
8
BLACK
6
CONTINUOUS
10
210.1644749999999817
20
-74.2806399999999911
11
210.163533000000001
21
-74.2790119999999945
0
LINE
8
BLACK
6
CONTINUOUS
10
210.163533000000001
20
-74.2790119999999945
11
210.1632929999999817
21
-74.2772099999999966
0
LINE
8
BLACK
6
CONTINUOUS
10
210.1632929999999817
20
-74.2772099999999966
11
210.1615639999999985
21
-74.2721909999999923
0
LINE
8
BLACK
6
CONTINUOUS
10
210.1615639999999985
20
-74.2721909999999923
11
209.923468999999983
21
-73.2721909999999923
0
LINE
8
BLACK
6
CONTINUOUS
10
209.923468999999983
20
-73.2721909999999923
11
209.921481
21
-73.2576229999999953
0
LINE
8
BLACK
6
CONTINUOUS
10
209.921481
20
-73.2576229999999953
11
209.9261139999999841
21
-73.2287279999999896
0
LINE
8
BLACK
6
CONTINUOUS
10
209.9261139999999841
20
-73.2287279999999896
11
209.9414500000000032
21
-73.2038060000000002
0
LINE
8
BLACK
6
CONTINUOUS
10
209.9414500000000032
20
-73.2038060000000002
11
209.9651569999999765
21
-73.1866490000000027
0
LINE
8
BLACK
6
CONTINUOUS
10
209.9651569999999765
20
-73.1866490000000027
11
209.9936249999999802
21
-73.1798709999999915
0
LINE
8
BLACK
6
CONTINUOUS
10
209.9936249999999802
20
-73.1798709999999915
11
210.0225199999999859
21
-73.1845039999999898
0
LINE
8
BLACK
6
CONTINUOUS
10
210.0225199999999859
20
-73.1845039999999898
11
210.0474419999999895
21
-73.1998399999999947
0
LINE
8
BLACK
6
CONTINUOUS
10
210.0474419999999895
20
-73.1998399999999947
11
210.064598999999987
21
-73.2235469999999964
0
LINE
8
BLACK
6
CONTINUOUS
10
210.064598999999987
20
-73.2235469999999964
11
210.069389000000001
21
-73.2374470000000031
0
LINE
8
BLACK
6
CONTINUOUS
10
210.069389000000001
20
-73.2374470000000031
11
210.2386400000000037
21
-73.9483029999999957
0
LINE
8
BLACK
6
CONTINUOUS
10
210.2386400000000037
20
-73.9483029999999957
11
210.3525319999999965
21
-73.5212080000000014
0
LINE
8
BLACK
6
CONTINUOUS
10
210.3525319999999965
20
-73.5212080000000014
11
210.3538169999999923
21
-73.5177789999999902
0
LINE
8
BLACK
6
CONTINUOUS
10
210.3538169999999923
20
-73.5177789999999902
11
210.3540089999999907
21
-73.5163399999999996
0
LINE
8
BLACK
6
CONTINUOUS
10
210.3540089999999907
20
-73.5163399999999996
11
210.3549979999999948
21
-73.5146299999999968
0
LINE
8
BLACK
6
CONTINUOUS
10
210.3549979999999948
20
-73.5146299999999968
11
210.3576949999999783
21
-73.507441
0
LINE
8
BLACK
6
CONTINUOUS
10
210.3576949999999783
20
-73.507441
11
210.3637119999999925
21
-73.4995799999999946
0
LINE
8
BLACK
6
CONTINUOUS
10
210.3637119999999925
20
-73.4995799999999946
11
210.3686709999999778
21
-73.4910149999999902
0
LINE
8
BLACK
6
CONTINUOUS
10
210.3686709999999778
20
-73.4910149999999902
11
210.3725279999999884
21
-73.4880619999999993
0
LINE
8
BLACK
6
CONTINUOUS
10
210.3725279999999884
20
-73.4880619999999993
11
210.3754819999999768
21
-73.4842039999999912
0
LINE
8
BLACK
6
CONTINUOUS
10
210.3754819999999768
20
-73.4842039999999912
11
210.3840490000000045
21
-73.4792429999999968
0
LINE
8
BLACK
6
CONTINUOUS
10
210.3840490000000045
20
-73.4792429999999968
11
210.3919089999999983
21
-73.4732279999999918
0
LINE
8
BLACK
6
CONTINUOUS
10
210.3919089999999983
20
-73.4732279999999918
11
210.396601000000004
21
-73.471975999999998
0
LINE
8
BLACK
6
CONTINUOUS
10
210.396601000000004
20
-73.471975999999998
11
210.4008069999999861
21
-73.4695419999999899
0
LINE
8
BLACK
6
CONTINUOUS
10
210.4008069999999861
20
-73.4695419999999899
11
210.4106239999999843
21
-73.468237000000002
0
LINE
8
BLACK
6
CONTINUOUS
10
210.4106239999999843
20
-73.468237000000002
11
210.4201850000000036
21
-73.4656880000000001
0
LINE
8
BLACK
6
CONTINUOUS
10
210.4201850000000036
20
-73.4656880000000001
11
210.4249969999999905
21
-73.4663269999999926
0
LINE
8
BLACK
6
CONTINUOUS
10
210.4249969999999905
20
-73.4663269999999926
11
210.4298159999999882
21
-73.4656870000000026
0
LINE
8
BLACK
6
CONTINUOUS
10
210.4298159999999882
20
-73.4656870000000026
11
210.4393859999999847
21
-73.468238999999997
0
LINE
8
BLACK
6
CONTINUOUS
10
210.4393859999999847
20
-73.468238999999997
11
210.4491929999999797
21
-73.4695419999999899
0
LINE
8
BLACK
6
CONTINUOUS
10
210.4491929999999797
20
-73.4695419999999899
11
210.453394000000003
21
-73.471974000000003
0
LINE
8
BLACK
6
CONTINUOUS
10
210.453394000000003
20
-73.471974000000003
11
210.458090999999996
21
-73.4732269999999943
0
LINE
8
BLACK
6
CONTINUOUS
10
210.458090999999996
20
-73.4732269999999943
11
210.4659529999999847
21
-73.4792449999999917
0
LINE
8
BLACK
6
CONTINUOUS
10
210.4659529999999847
20
-73.4792449999999917
11
210.4745179999999891
21
-73.4842039999999912
0
LINE
8
BLACK
6
CONTINUOUS
10
210.4745179999999891
20
-73.4842039999999912
11
210.4774699999999825
21
-73.4880610000000019
0
LINE
8
BLACK
6
CONTINUOUS
10
210.4774699999999825
20
-73.4880610000000019
11
210.4813289999999881
21
-73.4910149999999902
0
LINE
8
BLACK
6
CONTINUOUS
10
210.4813289999999881
20
-73.4910149999999902
11
210.4862899999999968
21
-73.4995830000000012
0
LINE
8
BLACK
6
CONTINUOUS
10
210.4862899999999968
20
-73.4995830000000012
11
210.4923049999999876
21
-73.5074419999999975
0
LINE
8
BLACK
6
CONTINUOUS
10
210.4923049999999876
20
-73.5074419999999975
11
210.4949989999999787
21
-73.5146259999999927
0
LINE
8
BLACK
6
CONTINUOUS
10
210.4949989999999787
20
-73.5146259999999927
11
210.4959910000000036
21
-73.5163390000000021
0
LINE
8
BLACK
6
CONTINUOUS
10
210.4959910000000036
20
-73.5163390000000021
11
210.4961820000000046
21
-73.5177800000000019
0
LINE
8
BLACK
6
CONTINUOUS
10
210.4961820000000046
20
-73.5177800000000019
11
210.4974679999999978
21
-73.5212080000000014
0
LINE
8
BLACK
6
CONTINUOUS
10
210.4974679999999978
20
-73.5212080000000014
11
210.6113589999999931
21
-73.9483029999999957
0
LINE
8
BLACK
6
CONTINUOUS
10
210.6113589999999931
20
-73.9483029999999957
11
210.7806119999999908
21
-73.2374480000000005
0
LINE
8
BLACK
6
CONTINUOUS
10
210.7806119999999908
20
-73.2374480000000005
11
210.7854019999999764
21
-73.2235469999999964
0
LINE
8
BLACK
6
CONTINUOUS
10
210.7854019999999764
20
-73.2235469999999964
11
210.8025590000000022
21
-73.1998399999999947
0
LINE
8
BLACK
6
CONTINUOUS
10
210.8025590000000022
20
-73.1998399999999947
11
210.8274809999999775
21
-73.1845039999999898
0
LINE
8
BLACK
6
CONTINUOUS
10
210.8274809999999775
20
-73.1845039999999898
11
210.8563759999999832
21
-73.1798709999999915
0
LINE
8
BLACK
6
CONTINUOUS
10
210.8563759999999832
20
-73.1798709999999915
11
210.8848439999999869
21
-73.1866500000000002
0
LINE
8
BLACK
6
CONTINUOUS
10
192.8276429999999948
20
-73.155547999999996
11
192.8296179999999822
21
-73.1554079999999942
0
LINE
8
BLACK
6
CONTINUOUS
10
192.8296179999999822
20
-73.1554079999999942
11
192.8322149999999908
21
-73.1559979999999968
0
LINE
8
BLACK
6
CONTINUOUS
10
192.8322149999999908
20
-73.1559979999999968
11
192.8348699999999951
21
-73.1562600000000032
0
LINE
8
BLACK
6
CONTINUOUS
10
192.8348699999999951
20
-73.1562600000000032
11
192.836701000000005
21
-73.1570179999999937
0
LINE
8
BLACK
6
CONTINUOUS
10
192.836701000000005
20
-73.1570179999999937
11
192.843954999999994
21
-73.1586679999999916
0
LINE
8
BLACK
6
CONTINUOUS
10
192.843954999999994
20
-73.1586679999999916
11
192.9868119999999863
21
-73.2062870000000032
0
LINE
8
BLACK
6
CONTINUOUS
10
192.9868119999999863
20
-73.2062870000000032
11
193.0002369999999985
21
-73.2122809999999902
0
LINE
8
BLACK
6
CONTINUOUS
10
193.0002369999999985
20
-73.2122809999999902
11
193.0223440000000039
21
-73.2314549999999969
0
LINE
8
BLACK
6
CONTINUOUS
10
193.0223440000000039
20
-73.2314549999999969
11
193.0354309999999884
21
-73.2576279999999969
0
LINE
8
BLACK
6
CONTINUOUS
10
193.0354309999999884
20
-73.2576279999999969
11
193.0375059999999792
21
-73.2868179999999967
0
LINE
8
BLACK
6
CONTINUOUS
10
193.0375059999999792
20
-73.2868179999999967
11
193.0282519999999806
21
-73.3145799999999923
0
LINE
8
BLACK
6
CONTINUOUS
10
193.0282519999999806
20
-73.3145799999999923
11
193.0090779999999882
21
-73.3366879999999952
0
LINE
8
BLACK
6
CONTINUOUS
10
193.0090779999999882
20
-73.3366879999999952
11
192.9829039999999907
21
-73.3497739999999965
0
LINE
8
BLACK
6
CONTINUOUS
10
192.9829039999999907
20
-73.3497739999999965
11
192.9537139999999908
21
-73.3518490000000014
0
LINE
8
BLACK
6
CONTINUOUS
10
192.9537139999999908
20
-73.3518490000000014
11
192.939376999999979
21
-73.3485889999999898
0
LINE
8
BLACK
6
CONTINUOUS
10
192.939376999999979
20
-73.3485889999999898
11
192.8080679999999916
21
-73.3048189999999948
0
LINE
8
BLACK
6
CONTINUOUS
10
192.8080679999999916
20
-73.3048189999999948
11
192.5998479999999802
21
-73.3048189999999948
0
LINE
8
BLACK
6
CONTINUOUS
10
192.5998479999999802
20
-73.3048189999999948
11
192.5313319999999919
21
-73.3390770000000032
0
LINE
8
BLACK
6
CONTINUOUS
10
192.5313319999999919
20
-73.3390770000000032
11
192.5009249999999952
21
-73.3694839999999999
0
LINE
8
BLACK
6
CONTINUOUS
10
192.5009249999999952
20
-73.3694839999999999
11
192.4666670000000011
21
-73.4380000000000024
0
LINE
8
BLACK
6
CONTINUOUS
10
192.4666670000000011
20
-73.4380000000000024
11
192.4666670000000011
21
-73.4978279999999984
0
LINE
8
BLACK
6
CONTINUOUS
10
192.4666670000000011
20
-73.4978279999999984
11
192.5009249999999952
21
-73.5663440000000008
0
LINE
8
BLACK
6
CONTINUOUS
10
192.5009249999999952
20
-73.5663440000000008
11
192.5313319999999919
21
-73.5967509999999976
0
LINE
8
BLACK
6
CONTINUOUS
10
192.5313319999999919
20
-73.5967509999999976
11
192.6083189999999945
21
-73.6352440000000001
0
LINE
8
BLACK
6
CONTINUOUS
10
192.6083189999999945
20
-73.6352440000000001
11
192.7908089999999959
21
-73.6808669999999921
0
LINE
8
BLACK
6
CONTINUOUS
10
192.7908089999999959
20
-73.6808669999999921
11
192.7918880000000001
21
-73.6812520000000006
0
LINE
8
BLACK
6
CONTINUOUS
10
192.7918880000000001
20
-73.6812520000000006
11
192.792428000000001
21
-73.6812910000000016
0
LINE
8
BLACK
6
CONTINUOUS
10
192.792428000000001
20
-73.6812910000000016
11
192.7985089999999957
21
-73.6836179999999956
0
LINE
8
BLACK
6
CONTINUOUS
10
192.7985089999999957
20
-73.6836179999999956
11
192.8046549999999968
21
-73.6858139999999935
0
LINE
8
BLACK
6
CONTINUOUS
10
192.8046549999999968
20
-73.6858139999999935
11
192.8050899999999785
21
-73.6861359999999905
0
LINE
8
BLACK
6
CONTINUOUS
10
192.8050899999999785
20
-73.6861359999999905
11
192.8061599999999771
21
-73.6865459999999928
0
LINE
8
BLACK
6
CONTINUOUS
10
192.8061599999999771
20
-73.6865459999999928
11
192.9013980000000004
21
-73.7341649999999902
0
LINE
8
BLACK
6
CONTINUOUS
10
192.9013980000000004
20
-73.7341649999999902
11
192.9076969999999847
21
-73.7381290000000007
0
LINE
8
BLACK
6
CONTINUOUS
10
192.9076969999999847
20
-73.7381290000000007
11
192.9095250000000021
21
-73.7388869999999912
0
LINE
8
BLACK
6
CONTINUOUS
10
192.9095250000000021
20
-73.7388869999999912
11
192.911580999999984
21
-73.7405749999999927
0
LINE
8
BLACK
6
CONTINUOUS
10
192.911580999999984
20
-73.7405749999999927
11
192.9138409999999908
21
-73.7419969999999978
0
LINE
8
BLACK
6
CONTINUOUS
10
192.9138409999999908
20
-73.7419969999999978
11
192.9151399999999796
21
-73.7434949999999958
0
LINE
8
BLACK
6
CONTINUOUS
10
192.9151399999999796
20
-73.7434949999999958
11
192.9208899999999858
21
-73.7482139999999902
0
LINE
8
BLACK
6
CONTINUOUS
10
192.9208899999999858
20
-73.7482139999999902
11
192.9685089999999832
21
-73.7958330000000018
0
LINE
8
BLACK
6
CONTINUOUS
10
192.9685089999999832
20
-73.7958330000000018
11
192.9732269999999801
21
-73.8015819999999962
0
LINE
8
BLACK
6
CONTINUOUS
10
192.9732269999999801
20
-73.8015819999999962
11
192.974726000000004
21
-73.8028819999999968
0
LINE
8
BLACK
6
CONTINUOUS
10
192.974726000000004
20
-73.8028819999999968
11
192.9761469999999974
21
-73.8051409999999919
0
LINE
8
BLACK
6
CONTINUOUS
10
192.9761469999999974
20
-73.8051409999999919
11
192.9778359999999964
21
-73.8071979999999996
0
LINE
8
BLACK
6
CONTINUOUS
10
192.9778359999999964
20
-73.8071979999999996
11
192.9785929999999894
21
-73.8090249999999912
0
LINE
8
BLACK
6
CONTINUOUS
10
192.9785929999999894
20
-73.8090249999999912
11
192.9825579999999832
21
-73.8153250000000014
0
LINE
8
BLACK
6
CONTINUOUS
10
192.9825579999999832
20
-73.8153250000000014
11
193.0301769999999806
21
-73.9105629999999962
0
LINE
8
BLACK
6
CONTINUOUS
10
193.0301769999999806
20
-73.9105629999999962
11
193.0354319999999859
21
-73.9242940000000033
0
LINE
8
BLACK
6
CONTINUOUS
10
193.0354319999999859
20
-73.9242940000000033
11
193.0356229999999869
21
-73.9269829999999928
0
LINE
8
BLACK
6
CONTINUOUS
10
193.0356229999999869
20
-73.9269829999999928
11
193.0366539999999986
21
-73.9294719999999899
0
LINE
8
BLACK
6
CONTINUOUS
10
193.0366539999999986
20
-73.9294719999999899
11
193.0380949999999984
21
-73.9441039999999958
0
LINE
8
BLACK
6
CONTINUOUS
10
193.0380949999999984
20
-73.9441039999999958
11
193.0380949999999984
21
-74.0393419999999907
0
LINE
8
BLACK
6
CONTINUOUS
10
193.0380949999999984
20
-74.0393419999999907
11
193.0366539999999986
21
-74.0539739999999966
0
LINE
8
BLACK
6
CONTINUOUS
10
193.0366539999999986
20
-74.0539739999999966
11
193.0356229999999869
21
-74.0564619999999962
0
LINE
8
BLACK
6
CONTINUOUS
10
193.0356229999999869
20
-74.0564619999999962
11
193.0354319999999859
21
-74.0591519999999974
0
LINE
8
BLACK
6
CONTINUOUS
10
193.0354319999999859
20
-74.0591519999999974
11
193.0301769999999806
21
-74.0728829999999903
0
LINE
8
BLACK
6
CONTINUOUS
10
193.0301769999999806
20
-74.0728829999999903
11
192.9825579999999832
21
-74.1681209999999993
0
LINE
8
BLACK
6
CONTINUOUS
10
192.9825579999999832
20
-74.1681209999999993
11
192.9785939999999869
21
-74.1744169999999912
0
LINE
8
BLACK
6
CONTINUOUS
10
192.9785939999999869
20
-74.1744169999999912
11
192.9778369999999938
21
-74.1762470000000036
0
LINE
8
BLACK
6
CONTINUOUS
10
192.9778369999999938
20
-74.1762470000000036
11
192.9761469999999974
21
-74.1783049999999946
0
LINE
8
BLACK
6
CONTINUOUS
10
192.9761469999999974
20
-74.1783049999999946
11
192.974726000000004
21
-74.1805639999999897
0
LINE
8
BLACK
6
CONTINUOUS
10
192.974726000000004
20
-74.1805639999999897
11
192.9732269999999801
21
-74.1818629999999928
0
LINE
8
BLACK
6
CONTINUOUS
10
192.9732269999999801
20
-74.1818629999999928
11
192.9685089999999832
21
-74.1876129999999989
0
LINE
8
BLACK
6
CONTINUOUS
10
192.9685089999999832
20
-74.1876129999999989
11
192.9208909999999833
21
-74.2352319999999963
0
LINE
8
BLACK
6
CONTINUOUS
10
192.9208909999999833
20
-74.2352319999999963
11
192.9151409999999771
21
-74.2399499999999932
0
LINE
8
BLACK
6
CONTINUOUS
10
192.9151409999999771
20
-74.2399499999999932
11
192.9138409999999908
21
-74.2414500000000004
0
LINE
8
BLACK
6
CONTINUOUS
10
192.9138409999999908
20
-74.2414500000000004
11
192.911580999999984
21
-74.2428719999999913
0
LINE
8
BLACK
6
CONTINUOUS
10
192.911580999999984
20
-74.2428719999999913
11
192.9095250000000021
21
-74.2445599999999928
0
LINE
8
BLACK
6
CONTINUOUS
10
192.9095250000000021
20
-74.2445599999999928
11
192.9076969999999847
21
-74.245317
0
LINE
8
BLACK
6
CONTINUOUS
10
192.9076969999999847
20
-74.245317
11
192.9013980000000004
21
-74.2492819999999938
0
LINE
8
BLACK
6
CONTINUOUS
10
192.9013980000000004
20
-74.2492819999999938
11
192.8061599999999771
21
-74.2969009999999912
0
LINE
8
BLACK
6
CONTINUOUS
10
192.8061599999999771
20
-74.2969009999999912
11
192.792428000000001
21
-74.3021559999999965
0
LINE
8
BLACK
6
CONTINUOUS
10
192.792428000000001
20
-74.3021559999999965
11
192.7897399999999948
21
-74.302346
0
LINE
8
BLACK
6
CONTINUOUS
10
192.7897399999999948
20
-74.302346
11
192.7872509999999977
21
-74.303377999999995
0
LINE
8
BLACK
6
CONTINUOUS
10
192.7872509999999977
20
-74.303377999999995
11
192.7726189999999917
21
-74.3048189999999948
0
LINE
8
BLACK
6
CONTINUOUS
10
192.7726189999999917
20
-74.3048189999999948
11
192.5345240000000047
21
-74.3048189999999948
0
LINE
8
BLACK
6
CONTINUOUS
10
192.5345240000000047
20
-74.3048189999999948
11
192.5271170000000041
21
-74.3040889999999905
0
LINE
8
BLACK
6
CONTINUOUS
10
192.5271170000000041
20
-74.3040889999999905
11
192.5251429999999857
21
-74.3042299999999898
0
LINE
8
BLACK
6
CONTINUOUS
10
192.5251429999999857
20
-74.3042299999999898
11
192.5225449999999796
21
-74.3036389999999898
0
LINE
8
BLACK
6
CONTINUOUS
10
192.5225449999999796
20
-74.3036389999999898
11
192.5198919999999987
21
-74.303377999999995
0
LINE
8
BLACK
6
CONTINUOUS
10
192.5198919999999987
20
-74.303377999999995
11
192.5180609999999888
21
-74.3026189999999929
0
LINE
8
BLACK
6
CONTINUOUS
10
192.5180609999999888
20
-74.3026189999999929
11
192.5108060000000023
21
-74.3009699999999924
0
LINE
8
BLACK
6
CONTINUOUS
10
192.5108060000000023
20
-74.3009699999999924
11
192.3679499999999791
21
-74.253350999999995
0
LINE
8
BLACK
6
CONTINUOUS
10
192.3679499999999791
20
-74.253350999999995
11
192.3545239999999978
21
-74.2473569999999938
0
LINE
8
BLACK
6
CONTINUOUS
10
192.3545239999999978
20
-74.2473569999999938
11
192.3324169999999924
21
-74.2281830000000014
0
LINE
8
BLACK
6
CONTINUOUS
10
192.3324169999999924
20
-74.2281830000000014
11
192.3193310000000054
21
-74.2020100000000014
0
LINE
8
BLACK
6
CONTINUOUS
10
192.3193310000000054
20
-74.2020100000000014
11
192.3172559999999862
21
-74.1728200000000015
0
LINE
8
BLACK
6
CONTINUOUS
10
192.3172559999999862
20
-74.1728200000000015
11
192.3265099999999848
21
-74.1450569999999942
0
LINE
8
BLACK
6
CONTINUOUS
10
192.3265099999999848
20
-74.1450569999999942
11
192.3456839999999772
21
-74.122950000000003
0
LINE
8
BLACK
6
CONTINUOUS
10
192.3456839999999772
20
-74.122950000000003
11
192.3718569999999772
21
-74.1098640000000017
0
LINE
8
BLACK
6
CONTINUOUS
10
192.3718569999999772
20
-74.1098640000000017
11
192.4010470000000055
21
-74.1077889999999968
0
LINE
8
BLACK
6
CONTINUOUS
10
192.4010470000000055
20
-74.1077889999999968
11
192.4153839999999889
21
-74.1110489999999942
0
LINE
8
BLACK
6
CONTINUOUS
10
192.4153839999999889
20
-74.1110489999999942
11
192.5466940000000022
21
-74.1548190000000034
0
LINE
8
BLACK
6
CONTINUOUS
10
192.5466940000000022
20
-74.1548190000000034
11
192.7549139999999852
21
-74.1548190000000034
0
LINE
8
BLACK
6
CONTINUOUS
10
192.7549139999999852
20
-74.1548190000000034
11
192.8234290000000044
21
-74.120560999999995
0
LINE
8
BLACK
6
CONTINUOUS
10
192.8234290000000044
20
-74.120560999999995
11
192.8538360000000011
21
-74.0901530000000008
0
LINE
8
BLACK
6
CONTINUOUS
10
192.8538360000000011
20
-74.0901530000000008
11
192.8880949999999928
21
-74.0216369999999984
0
LINE
8
BLACK
6
CONTINUOUS
10
192.8880949999999928
20
-74.0216369999999984
11
192.8880949999999928
21
-73.9618090000000024
0
LINE
8
BLACK
6
CONTINUOUS
10
192.8880949999999928
20
-73.9618090000000024
11
192.8538369999999986
21
-73.8932929999999999
0
LINE
8
BLACK
6
CONTINUOUS
10
192.8538369999999986
20
-73.8932929999999999
11
192.8234300000000019
21
-73.8628860000000032
0
LINE
8
BLACK
6
CONTINUOUS
10
192.8234300000000019
20
-73.8628860000000032
11
192.7464429999999993
21
-73.8243920000000031
0
LINE
8
BLACK
6
CONTINUOUS
10
192.7464429999999993
20
-73.8243920000000031
11
192.5639529999999979
21
-73.7787699999999944
0
LINE
8
BLACK
6
CONTINUOUS
10
192.5639529999999979
20
-73.7787699999999944
11
192.5628729999999962
21
-73.7783840000000026
0
LINE
8
BLACK
6
CONTINUOUS
10
192.5628729999999962
20
-73.7783840000000026
11
192.5623329999999953
21
-73.7783459999999991
0
LINE
8
BLACK
6
CONTINUOUS
10
192.5623329999999953
20
-73.7783459999999991
11
192.5562429999999949
21
-73.776015000000001
0
LINE
8
BLACK
6
CONTINUOUS
10
192.5562429999999949
20
-73.776015000000001
11
192.550106999999997
21
-73.773822999999993
0
LINE
8
BLACK
6
CONTINUOUS
10
192.550106999999997
20
-73.773822999999993
11
192.5496709999999894
21
-73.7734999999999985
0
LINE
8
BLACK
6
CONTINUOUS
10
192.5496709999999894
20
-73.7734999999999985
11
192.5486019999999883
21
-73.7730909999999938
0
LINE
8
BLACK
6
CONTINUOUS
10
192.5486019999999883
20
-73.7730909999999938
11
192.4533639999999934
21
-73.7254719999999963
0
LINE
8
BLACK
6
CONTINUOUS
10
192.4533639999999934
20
-73.7254719999999963
11
192.4470639999999833
21
-73.7215070000000026
0
LINE
8
BLACK
6
CONTINUOUS
10
192.4470639999999833
20
-73.7215070000000026
11
192.4452369999999917
21
-73.7207499999999953
0
LINE
8
BLACK
6
CONTINUOUS
10
192.4452369999999917
20
-73.7207499999999953
11
192.4431799999999839
21
-73.7190609999999964
0
LINE
8
BLACK
6
CONTINUOUS
10
192.4431799999999839
20
-73.7190609999999964
11
192.440921000000003
21
-73.7176400000000029
0
LINE
8
BLACK
6
CONTINUOUS
10
192.440921000000003
20
-73.7176400000000029
11
192.4396209999999883
21
-73.7161409999999933
0
LINE
8
BLACK
6
CONTINUOUS
10
192.4396209999999883
20
-73.7161409999999933
11
192.4338719999999796
21
-73.7114229999999964
0
LINE
8
BLACK
6
CONTINUOUS
10
192.4338719999999796
20
-73.7114229999999964
11
192.3862529999999822
21
-73.663803999999999
0
LINE
8
BLACK
6
CONTINUOUS
10
192.3862529999999822
20
-73.663803999999999
11
192.3815339999999878
21
-73.6580539999999928
0
LINE
8
BLACK
6
CONTINUOUS
10
192.3815339999999878
20
-73.6580539999999928
11
192.3800359999999898
21
-73.6567549999999898
0
LINE
8
BLACK
6
CONTINUOUS
10
192.3800359999999898
20
-73.6567549999999898
11
192.3786139999999989
21
-73.6544949999999972
0
LINE
8
BLACK
6
CONTINUOUS
10
192.3786139999999989
20
-73.6544949999999972
11
192.3769259999999974
21
-73.6524390000000011
0
LINE
8
BLACK
6
CONTINUOUS
10
192.3769259999999974
20
-73.6524390000000011
11
192.3761679999999785
21
-73.6506109999999978
0
LINE
8
BLACK
6
CONTINUOUS
10
192.3761679999999785
20
-73.6506109999999978
11
192.3722039999999822
21
-73.6443119999999993
0
LINE
8
BLACK
6
CONTINUOUS
10
192.3722039999999822
20
-73.6443119999999993
11
192.3245849999999848
21
-73.5490739999999903
0
LINE
8
BLACK
6
CONTINUOUS
10
192.3245849999999848
20
-73.5490739999999903
11
192.3193299999999795
21
-73.535342
0
LINE
8
BLACK
6
CONTINUOUS
10
192.3193299999999795
20
-73.535342
11
192.3191389999999785
21
-73.5326539999999937
0
LINE
8
BLACK
6
CONTINUOUS
10
192.3191389999999785
20
-73.5326539999999937
11
192.3181079999999952
21
-73.5301649999999967
0
LINE
8
BLACK
6
CONTINUOUS
10
192.3181079999999952
20
-73.5301649999999967
11
192.3166669999999954
21
-73.5155329999999907
0
LINE
8
BLACK
6
CONTINUOUS
10
192.3166669999999954
20
-73.5155329999999907
11
192.3166669999999954
21
-73.4202949999999959
0
LINE
8
BLACK
6
CONTINUOUS
10
192.3166669999999954
20
-73.4202949999999959
11
192.3181079999999952
21
-73.4056629999999899
0
LINE
8
BLACK
6
CONTINUOUS
10
192.3181079999999952
20
-73.4056629999999899
11
192.3191389999999785
21
-73.4031729999999953
0
LINE
8
BLACK
6
CONTINUOUS
10
192.3191389999999785
20
-73.4031729999999953
11
192.3193299999999795
21
-73.4004860000000008
0
LINE
8
BLACK
6
CONTINUOUS
10
192.3193299999999795
20
-73.4004860000000008
11
192.3245849999999848
21
-73.3867539999999963
0
LINE
8
BLACK
6
CONTINUOUS
10
192.3245849999999848
20
-73.3867539999999963
11
192.3722039999999822
21
-73.2915160000000014
0
LINE
8
BLACK
6
CONTINUOUS
10
192.3722039999999822
20
-73.2915160000000014
11
192.3761679999999785
21
-73.2852159999999913
0
LINE
8
BLACK
6
CONTINUOUS
10
192.3761679999999785
20
-73.2852159999999913
11
192.3769259999999974
21
-73.2833889999999997
0
LINE
8
BLACK
6
CONTINUOUS
10
192.3769259999999974
20
-73.2833889999999997
11
192.3786139999999989
21
-73.2813319999999919
0
LINE
8
BLACK
6
CONTINUOUS
10
192.3786139999999989
20
-73.2813319999999919
11
192.3800359999999898
21
-73.2790729999999968
0
LINE
8
BLACK
6
CONTINUOUS
10
192.3800359999999898
20
-73.2790729999999968
11
192.3815339999999878
21
-73.2777729999999963
0
LINE
8
BLACK
6
CONTINUOUS
10
192.3815339999999878
20
-73.2777729999999963
11
192.3862529999999822
21
-73.2720240000000018
0
LINE
8
BLACK
6
CONTINUOUS
10
192.3862529999999822
20
-73.2720240000000018
11
192.4338719999999796
21
-73.2244049999999902
0
LINE
8
BLACK
6
CONTINUOUS
10
192.4338719999999796
20
-73.2244049999999902
11
192.4396209999999883
21
-73.2196859999999958
0
LINE
8
BLACK
6
CONTINUOUS
10
192.4396209999999883
20
-73.2196859999999958
11
192.440921000000003
21
-73.2181879999999978
0
LINE
8
BLACK
6
CONTINUOUS
10
192.440921000000003
20
-73.2181879999999978
11
192.4431799999999839
21
-73.2167659999999927
0
LINE
8
BLACK
6
CONTINUOUS
10
192.4431799999999839
20
-73.2167659999999927
11
192.4452369999999917
21
-73.2150779999999912
0
LINE
8
BLACK
6
CONTINUOUS
10
192.4452369999999917
20
-73.2150779999999912
11
192.4470639999999833
21
-73.2143200000000007
0
LINE
8
BLACK
6
CONTINUOUS
10
192.4470639999999833
20
-73.2143200000000007
11
192.4533639999999934
21
-73.2103559999999902
0
LINE
8
BLACK
6
CONTINUOUS
10
192.4533639999999934
20
-73.2103559999999902
11
192.5486019999999883
21
-73.1627369999999928
0
LINE
8
BLACK
6
CONTINUOUS
10
192.5486019999999883
20
-73.1627369999999928
11
192.5623329999999953
21
-73.1574820000000017
0
LINE
8
BLACK
6
CONTINUOUS
10
192.5623329999999953
20
-73.1574820000000017
11
192.565021999999999
21
-73.1572900000000033
0
LINE
8
BLACK
6
CONTINUOUS
10
192.565021999999999
20
-73.1572900000000033
11
192.5675109999999961
21
-73.1562600000000032
0
LINE
8
BLACK
6
CONTINUOUS
10
192.5675109999999961
20
-73.1562600000000032
11
192.5821430000000021
21
-73.1548190000000034
0
LINE
8
BLACK
6
CONTINUOUS
10
192.5821430000000021
20
-73.1548190000000034
11
192.8202379999999891
21
-73.1548190000000034
0
LINE
8
BLACK
6
CONTINUOUS
10
192.8202379999999891
20
-73.1548190000000034
11
192.8276429999999948
21
-73.155547999999996
0
LINE
8
BLACK
6
CONTINUOUS
10
194.7798239999999907
20
-73.1562600000000032
11
194.7872509999999977
21
-73.1562600000000032
0
LINE
8
BLACK
6
CONTINUOUS
10
194.7872509999999977
20
-73.1562600000000032
11
194.7940389999999979
21
-73.1590719999999948
0
LINE
8
BLACK
6
CONTINUOUS
10
194.7940389999999979
20
-73.1590719999999948
11
194.8012479999999869
21
-73.1604979999999898
0
LINE
8
BLACK
6
CONTINUOUS
10
194.8012479999999869
20
-73.1604979999999898
11
194.8074269999999899
21
-73.1646169999999927
0
LINE
8
BLACK
6
CONTINUOUS
10
194.8074269999999899
20
-73.1646169999999927
11
194.8142869999999789
21
-73.1674589999999938
0
LINE
8
BLACK
6
CONTINUOUS
10
194.8142869999999789
20
-73.1674589999999938
11
194.8194799999999987
21
-73.1726519999999994
0
LINE
8
BLACK
6
CONTINUOUS
10
194.8194799999999987
20
-73.1726519999999994
11
194.8255969999999877
21
-73.1767299999999921
0
LINE
8
BLACK
6
CONTINUOUS
10
194.8255969999999877
20
-73.1767299999999921
11
194.8297299999999836
21
-73.1829019999999986
0
LINE
8
BLACK
6
CONTINUOUS
10
194.8297299999999836
20
-73.1829019999999986
11
194.8349790000000041
21
-73.1881509999999906
0
LINE
8
BLACK
6
CONTINUOUS
10
194.8349790000000041
20
-73.1881509999999906
11
194.837789999999984
21
-73.1949379999999934
0
LINE
8
BLACK
6
CONTINUOUS
10
194.837789999999984
20
-73.1949379999999934
11
194.8418800000000033
21
-73.2010449999999935
0
LINE
8
BLACK
6
CONTINUOUS
10
194.8418800000000033
20
-73.2010449999999935
11
194.8433359999999936
21
-73.2083259999999996
0
LINE
8
BLACK
6
CONTINUOUS
10
194.8433359999999936
20
-73.2083259999999996
11
194.8461779999999806
21
-73.2151870000000002
0
LINE
8
BLACK
6
CONTINUOUS
10
194.8461779999999806
20
-73.2151870000000002
11
194.8476029999999923
21
-73.2296630000000022
0
LINE
8
BLACK
6
CONTINUOUS
10
194.8476029999999923
20
-73.2296630000000022
11
194.8476189999999804
21
-73.2297399999999925
0
LINE
8
BLACK
6
CONTINUOUS
10
194.8476189999999804
20
-73.2297399999999925
11
194.8476129999999955
21
-73.2297659999999979
0
LINE
8
BLACK
6
CONTINUOUS
10
194.8476129999999955
20
-73.2297659999999979
11
194.8476189999999804
21
-73.229818999999992
0
LINE
8
BLACK
6
CONTINUOUS
10
194.8476189999999804
20
-73.229818999999992
11
194.8476189999999804
21
-74.1548190000000034
0
LINE
8
BLACK
6
CONTINUOUS
10
194.8476189999999804
20
-74.1548190000000034
11
195.0583330000000046
21
-74.1548190000000034
0
LINE
8
BLACK
6
CONTINUOUS
10
195.0583330000000046
20
-74.1548190000000034
11
195.0729649999999822
21
-74.1562600000000032
0
LINE
8
BLACK
6
CONTINUOUS
10
195.0729649999999822
20
-74.1562600000000032
11
195.1000009999999918
21
-74.1674589999999938
0
LINE
8
BLACK
6
CONTINUOUS
10
195.1000009999999918
20
-74.1674589999999938
11
195.1206929999999886
21
-74.1881509999999906
0
LINE
8
BLACK
6
CONTINUOUS
10
195.1206929999999886
20
-74.1881509999999906
11
195.1318919999999935
21
-74.2151870000000002
0
LINE
8
BLACK
6
CONTINUOUS
10
195.1318919999999935
20
-74.2151870000000002
11
195.1318919999999935
21
-74.244450999999998
0
LINE
8
BLACK
6
CONTINUOUS
10
195.1318919999999935
20
-74.244450999999998
11
195.1206929999999886
21
-74.2714869999999934
0
LINE
8
BLACK
6
CONTINUOUS
10
195.1206929999999886
20
-74.2714869999999934
11
195.1000009999999918
21
-74.2921789999999902
0
LINE
8
BLACK
6
CONTINUOUS
10
195.1000009999999918
20
-74.2921789999999902
11
195.0729649999999822
21
-74.303377999999995
0
LINE
8
BLACK
6
CONTINUOUS
10
195.0729649999999822
20
-74.303377999999995
11
195.0583330000000046
21
-74.3048189999999948
0
LINE
8
BLACK
6
CONTINUOUS
10
195.0583330000000046
20
-74.3048189999999948
11
194.4869049999999788
21
-74.3048189999999948
0
LINE
8
BLACK
6
CONTINUOUS
10
194.4869049999999788
20
-74.3048189999999948
11
194.4722730000000013
21
-74.303377999999995
0
LINE
8
BLACK
6
CONTINUOUS
10
194.4722730000000013
20
-74.303377999999995
11
194.4452369999999917
21
-74.2921789999999902
0
LINE
8
BLACK
6
CONTINUOUS
10
194.4452369999999917
20
-74.2921789999999902
11
194.4245449999999948
21
-74.2714869999999934
0
LINE
8
BLACK
6
CONTINUOUS
10
194.4245449999999948
20
-74.2714869999999934
11
194.41334599999999
21
-74.244450999999998
0
LINE
8
BLACK
6
CONTINUOUS
10
194.41334599999999
20
-74.244450999999998
11
194.41334599999999
21
-74.2151870000000002
0
LINE
8
BLACK
6
CONTINUOUS
10
194.41334599999999
20
-74.2151870000000002
11
194.4245449999999948
21
-74.1881509999999906
0
LINE
8
BLACK
6
CONTINUOUS
10
194.4245449999999948
20
-74.1881509999999906
11
194.4452369999999917
21
-74.1674589999999938
0
LINE
8
BLACK
6
CONTINUOUS
10
194.4452369999999917
20
-74.1674589999999938
11
194.4722730000000013
21
-74.1562600000000032
0
LINE
8
BLACK
6
CONTINUOUS
10
194.4722730000000013
20
-74.1562600000000032
11
194.4869049999999788
21
-74.1548190000000034
0
LINE
8
BLACK
6
CONTINUOUS
10
194.4869049999999788
20
-74.1548190000000034
11
194.6976190000000031
21
-74.1548190000000034
0
LINE
8
BLACK
6
CONTINUOUS
10
194.6976190000000031
20
-74.1548190000000034
11
194.6976190000000031
21
-73.4585039999999907
0
LINE
8
BLACK
6
CONTINUOUS
10
194.6976190000000031
20
-73.4585039999999907
11
194.6351760000000013
21
-73.5209469999999925
0
LINE
8
BLACK
6
CONTINUOUS
10
194.6351760000000013
20
-73.5209469999999925
11
194.6294259999999952
21
-73.5256650000000036
0
LINE
8
BLACK
6
CONTINUOUS
10
194.6294259999999952
20
-73.5256650000000036
11
194.6281269999999779
21
-73.5271639999999991
0
LINE
8
BLACK
6
CONTINUOUS
10
194.6281269999999779
20
-73.5271639999999991
11
194.6258669999999995
21
-73.5285849999999925
0
LINE
8
BLACK
6
CONTINUOUS
10
194.6258669999999995
20
-73.5285849999999925
11
194.6238109999999892
21
-73.5302739999999915
0
LINE
8
BLACK
6
CONTINUOUS
10
194.6238109999999892
20
-73.5302739999999915
11
194.6219830000000002
21
-73.5310309999999987
0
LINE
8
BLACK
6
CONTINUOUS
10
194.6219830000000002
20
-73.5310309999999987
11
194.6156839999999875
21
-73.5349959999999925
0
LINE
8
BLACK
6
CONTINUOUS
10
194.6156839999999875
20
-73.5349959999999925
11
194.5204459999999926
21
-73.5826149999999899
0
LINE
8
BLACK
6
CONTINUOUS
10
194.5204459999999926
20
-73.5826149999999899
11
194.5067139999999881
21
-73.5878699999999952
0
LINE
8
BLACK
6
CONTINUOUS
10
194.5067139999999881
20
-73.5878699999999952
11
194.4775239999999883
21
-73.5899440000000027
0
LINE
8
BLACK
6
CONTINUOUS
10
194.4775239999999883
20
-73.5899440000000027
11
194.4497629999999901
21
-73.5806899999999899
0
LINE
8
BLACK
6
CONTINUOUS
10
194.4497629999999901
20
-73.5806899999999899
11
194.4276549999999872
21
-73.5615169999999949
0
LINE
8
BLACK
6
CONTINUOUS
10
194.4276549999999872
20
-73.5615169999999949
11
194.4145680000000027
21
-73.535342
0
LINE
8
BLACK
6
CONTINUOUS
10
194.4145680000000027
20
-73.535342
11
194.412493999999981
21
-73.5061520000000002
0
LINE
8
BLACK
6
CONTINUOUS
10
194.412493999999981
20
-73.5061520000000002
11
194.4217479999999796
21
-73.478391000000002
0
LINE
8
BLACK
6
CONTINUOUS
10
194.4217479999999796
20
-73.478391000000002
11
194.440921000000003
21
-73.4562829999999991
0
LINE
8
BLACK
6
CONTINUOUS
10
194.440921000000003
20
-73.4562829999999991
11
194.4533639999999934
21
-73.4484509999999915
0
LINE
8
BLACK
6
CONTINUOUS
10
194.4533639999999934
20
-73.4484509999999915
11
194.537715999999989
21
-73.4062749999999937
0
LINE
8
BLACK
6
CONTINUOUS
10
194.537715999999989
20
-73.4062749999999937
11
194.6190949999999873
21
-73.3248959999999954
0
LINE
8
BLACK
6
CONTINUOUS
10
194.6190949999999873
20
-73.3248959999999954
11
194.7102150000000051
21
-73.1882159999999971
0
LINE
8
BLACK
6
CONTINUOUS
10
194.7102150000000051
20
-73.1882159999999971
11
194.7102490000000046
21
-73.1881729999999919
0
LINE
8
BLACK
6
CONTINUOUS
10
194.7102490000000046
20
-73.1881729999999919
11
194.7102589999999793
21
-73.1881509999999906
0
LINE
8
BLACK
6
CONTINUOUS
10
194.7102589999999793
20
-73.1881509999999906
11
194.7103099999999927
21
-73.188098999999994
0
LINE
8
BLACK
6
CONTINUOUS
10
194.7103099999999927
20
-73.188098999999994
11
194.7195309999999893
21
-73.176840999999996
0
LINE
8
BLACK
6
CONTINUOUS
10
194.7195309999999893
20
-73.176840999999996
11
194.7256999999999891
21
-73.1727089999999976
0
LINE
8
BLACK
6
CONTINUOUS
10
194.7256999999999891
20
-73.1727089999999976
11
194.7309510000000046
21
-73.1674589999999938
0
LINE
8
BLACK
6
CONTINUOUS
10
194.7309510000000046
20
-73.1674589999999938
11
194.7377400000000023
21
-73.1646459999999905
0
LINE
8
BLACK
6
CONTINUOUS
10
194.7377400000000023
20
-73.1646459999999905
11
194.7438459999999907
21
-73.1605579999999946
0
LINE
8
BLACK
6
CONTINUOUS
10
194.7438459999999907
20
-73.1605579999999946
11
194.7511259999999993
21
-73.1591009999999926
0
LINE
8
BLACK
6
CONTINUOUS
10
194.7511259999999993
20
-73.1591009999999926
11
194.7579869999999858
21
-73.1562600000000032
0
LINE
8
BLACK
6
CONTINUOUS
10
194.7579869999999858
20
-73.1562600000000032
11
194.7653349999999932
21
-73.1562600000000032
0
LINE
8
BLACK
6
CONTINUOUS
10
194.7653349999999932
20
-73.1562600000000032
11
194.7725399999999922
21
-73.1548190000000034
0
LINE
8
BLACK
6
CONTINUOUS
10
194.7725399999999922
20
-73.1548190000000034
11
194.7798239999999907
21
-73.1562600000000032
0
LINE
8
BLACK
6
CONTINUOUS
10
194.1848439999999982
20
-73.1616499999999945
11
194.2085509999999999
21
-73.1788059999999945
0
LINE
8
BLACK
6
CONTINUOUS
10
194.2085509999999999
20
-73.1788059999999945
11
194.2238869999999906
21
-73.2037279999999981
0
LINE
8
BLACK
6
CONTINUOUS
10
194.2238869999999906
20
-73.2037279999999981
11
194.2285200000000032
21
-73.2326229999999896
0
LINE
8
BLACK
6
CONTINUOUS
10
194.2285200000000032
20
-73.2326229999999896
11
194.2265319999999917
21
-73.2471910000000008
0
LINE
8
BLACK
6
CONTINUOUS
10
194.2265319999999917
20
-73.2471910000000008
11
193.9884359999999788
21
-74.2471910000000008
0
LINE
8
BLACK
6
CONTINUOUS
10
193.9884359999999788
20
-74.2471910000000008
11
193.9867059999999981
21
-74.2522089999999935
0
LINE
8
BLACK
6
CONTINUOUS
10
193.9867059999999981
20
-74.2522089999999935
11
193.9864670000000046
21
-74.2540130000000005
0
LINE
8
BLACK
6
CONTINUOUS
10
193.9864670000000046
20
-74.2540130000000005
11
193.9855230000000006
21
-74.2556419999999946
0
LINE
8
BLACK
6
CONTINUOUS
10
193.9855230000000006
20
-74.2556419999999946
11
193.9836459999999931
21
-74.2610909999999933
0
LINE
8
BLACK
6
CONTINUOUS
10
193.9836459999999931
20
-74.2610909999999933
11
193.9772600000000011
21
-74.269914
0
LINE
8
BLACK
6
CONTINUOUS
10
193.9772600000000011
20
-74.269914
11
193.9718049999999891
21
-74.2793369999999982
0
LINE
8
BLACK
6
CONTINUOUS
10
193.9718049999999891
20
-74.2793369999999982
11
193.9687469999999792
21
-74.281677000000002
0
LINE
8
BLACK
6
CONTINUOUS
10
193.9687469999999792
20
-74.281677000000002
11
193.9664889999999957
21
-74.284797999999995
0
LINE
8
BLACK
6
CONTINUOUS
10
193.9664889999999957
20
-74.284797999999995
11
193.9572169999999858
21
-74.2905030000000011
0
LINE
8
BLACK
6
CONTINUOUS
10
193.9572169999999858
20
-74.2905030000000011
11
193.9485669999999971
21
-74.2971249999999941
0
LINE
8
BLACK
6
CONTINUOUS
10
193.9485669999999971
20
-74.2971249999999941
11
193.9448429999999917
21
-74.2981180000000023
0
LINE
8
BLACK
6
CONTINUOUS
10
193.9448429999999917
20
-74.2981180000000023
11
193.941566999999992
21
-74.3001339999999999
0
LINE
8
BLACK
6
CONTINUOUS
10
193.941566999999992
20
-74.3001339999999999
11
193.9308230000000037
21
-74.3018560000000008
0
LINE
8
BLACK
6
CONTINUOUS
10
193.9308230000000037
20
-74.3018560000000008
11
193.9202919999999892
21
-74.304665
0
LINE
8
BLACK
6
CONTINUOUS
10
193.9202919999999892
20
-74.304665
11
193.9164729999999963
21
-74.3041570000000036
0
LINE
8
BLACK
6
CONTINUOUS
10
193.9164729999999963
20
-74.3041570000000036
11
193.9126719999999864
21
-74.3047669999999982
0
LINE
8
BLACK
6
CONTINUOUS
10
193.9126719999999864
20
-74.3047669999999982
11
193.9020759999999939
21
-74.3022440000000017
0
LINE
8
BLACK
6
CONTINUOUS
10
193.9020759999999939
20
-74.3022440000000017
11
193.8912829999999872
21
-74.3008099999999985
0
LINE
8
BLACK
6
CONTINUOUS
10
193.8912829999999872
20
-74.3008099999999985
11
193.8879509999999868
21
-74.2988809999999944
0
LINE
8
BLACK
6
CONTINUOUS
10
193.8879509999999868
20
-74.2988809999999944
11
193.8842039999999827
21
-74.2979890000000012
0
LINE
8
BLACK
6
CONTINUOUS
10
193.8842039999999827
20
-74.2979890000000012
11
193.875378999999981
21
-74.2916019999999975
0
LINE
8
BLACK
6
CONTINUOUS
10
193.875378999999981
20
-74.2916019999999975
11
193.8659579999999778
21
-74.2861479999999972
0
LINE
8
BLACK
6
CONTINUOUS
10
193.8659579999999778
20
-74.2861479999999972
11
193.863617000000005
21
-74.2830900000000014
0
LINE
8
BLACK
6
CONTINUOUS
10
193.863617000000005
20
-74.2830900000000014
11
193.860496999999981
21
-74.2808319999999895
0
LINE
8
BLACK
6
CONTINUOUS
10
193.860496999999981
20
-74.2808319999999895
11
193.8547909999999774
21
-74.2715589999999963
0
LINE
8
BLACK
6
CONTINUOUS
10
193.8547909999999774
20
-74.2715589999999963
11
193.8481709999999794
21
-74.2629110000000026
0
LINE
8
BLACK
6
CONTINUOUS
10
193.8481709999999794
20
-74.2629110000000026
11
193.8461449999999786
21
-74.2575089999999989
0
LINE
8
BLACK
6
CONTINUOUS
10
193.8461449999999786
20
-74.2575089999999989
11
193.8451609999999903
21
-74.2559100000000001
0
LINE
8
BLACK
6
CONTINUOUS
10
193.8451609999999903
20
-74.2559100000000001
11
193.8448729999999784
21
-74.2541190000000029
0
LINE
8
BLACK
6
CONTINUOUS
10
193.8448729999999784
20
-74.2541190000000029
11
193.8430079999999975
21
-74.2491440000000011
0
LINE
8
BLACK
6
CONTINUOUS
10
193.8430079999999975
20
-74.2491440000000011
11
193.7249989999999968
21
-73.8066129999999987
0
LINE
8
BLACK
6
CONTINUOUS
10
193.7249989999999968
20
-73.8066129999999987
11
193.6069919999999911
21
-74.2491440000000011
0
LINE
8
BLACK
6
CONTINUOUS
10
193.6069919999999911
20
-74.2491440000000011
11
193.6051259999999843
21
-74.2541179999999912
0
LINE
8
BLACK
6
CONTINUOUS
10
193.6051259999999843
20
-74.2541179999999912
11
193.6048389999999984
21
-74.2559100000000001
0
LINE
8
BLACK
6
CONTINUOUS
10
193.6048389999999984
20
-74.2559100000000001
11
193.6038539999999841
21
-74.2575099999999964
0
LINE
8
BLACK
6
CONTINUOUS
10
193.6038539999999841
20
-74.2575099999999964
11
193.6018289999999809
21
-74.2629099999999909
0
LINE
8
BLACK
6
CONTINUOUS
10
193.6018289999999809
20
-74.2629099999999909
11
193.5952099999999803
21
-74.2715559999999897
0
LINE
8
BLACK
6
CONTINUOUS
10
193.5952099999999803
20
-74.2715559999999897
11
193.5895029999999792
21
-74.2808319999999895
0
LINE
8
BLACK
6
CONTINUOUS
10
193.5895029999999792
20
-74.2808319999999895
11
193.5863819999999862
21
-74.2830900000000014
0
LINE
8
BLACK
6
CONTINUOUS
10
193.5863819999999862
20
-74.2830900000000014
11
193.5840419999999824
21
-74.2861479999999972
0
LINE
8
BLACK
6
CONTINUOUS
10
193.5840419999999824
20
-74.2861479999999972
11
193.5746199999999817
21
-74.2916019999999975
0
LINE
8
BLACK
6
CONTINUOUS
10
193.5746199999999817
20
-74.2916019999999975
11
193.5657959999999775
21
-74.2979890000000012
0
LINE
8
BLACK
6
CONTINUOUS
10
193.5657959999999775
20
-74.2979890000000012
11
193.5620480000000043
21
-74.2988809999999944
0
LINE
8
BLACK
6
CONTINUOUS
10
193.5620480000000043
20
-74.2988809999999944
11
193.5587170000000015
21
-74.3008099999999985
0
LINE
8
BLACK
6
CONTINUOUS
10
193.5587170000000015
20
-74.3008099999999985
11
193.5479259999999897
21
-74.30224299999999
0
LINE
8
BLACK
6
CONTINUOUS
10
193.5479259999999897
20
-74.30224299999999
11
193.5373280000000022
21
-74.3047669999999982
0
LINE
8
BLACK
6
CONTINUOUS
10
193.5373280000000022
20
-74.3047669999999982
11
193.5335239999999999
21
-74.3041570000000036
0
LINE
8
BLACK
6
CONTINUOUS
10
193.5335239999999999
20
-74.3041570000000036
11
193.5297089999999969
21
-74.3046640000000025
0
LINE
8
BLACK
6
CONTINUOUS
10
193.5297089999999969
20
-74.3046640000000025
11
193.5191869999999881
21
-74.3018579999999957
0
LINE
8
BLACK
6
CONTINUOUS
10
193.5191869999999881
20
-74.3018579999999957
11
193.5084329999999966
21
-74.3001339999999999
0
LINE
8
BLACK
6
CONTINUOUS
10
193.5084329999999966
20
-74.3001339999999999
11
193.5051529999999786
21
-74.2981159999999932
0
LINE
8
BLACK
6
CONTINUOUS
10
193.5051529999999786
20
-74.2981159999999932
11
193.5014329999999916
21
-74.2971239999999966
0
LINE
8
BLACK
6
CONTINUOUS
10
193.5014329999999916
20
-74.2971239999999966
11
193.4927859999999953
21
-74.290504999999996
0
LINE
8
BLACK
6
CONTINUOUS
10
193.4927859999999953
20
-74.290504999999996
11
193.4835109999999929
21
-74.284797999999995
0
LINE
8
BLACK
6
CONTINUOUS
10
193.4835109999999929
20
-74.284797999999995
11
193.4812519999999836
21
-74.281677000000002
0
LINE
8
BLACK
6
CONTINUOUS
10
193.4812519999999836
20
-74.281677000000002
11
193.4781949999999995
21
-74.2793369999999982
0
LINE
8
BLACK
6
CONTINUOUS
10
193.4781949999999995
20
-74.2793369999999982
11
193.4727399999999875
21
-74.2699149999999975
0
LINE
8
BLACK
6
CONTINUOUS
10
193.4727399999999875
20
-74.2699149999999975
11
193.4663539999999955
21
-74.2610909999999933
0
LINE
8
BLACK
6
CONTINUOUS
10
193.4663539999999955
20
-74.2610909999999933
11
193.4644749999999931
21
-74.2556399999999996
0
LINE
8
BLACK
6
CONTINUOUS
10
193.4644749999999931
20
-74.2556399999999996
11
193.463532999999984
21
-74.254012000000003
0
LINE
8
BLACK
6
CONTINUOUS
10
193.463532999999984
20
-74.254012000000003
11
193.4632929999999931
21
-74.2522099999999909
0
LINE
8
BLACK
6
CONTINUOUS
10
193.4632929999999931
20
-74.2522099999999909
11
193.4615639999999814
21
-74.2471910000000008
0
LINE
8
BLACK
6
CONTINUOUS
10
193.4615639999999814
20
-74.2471910000000008
11
193.2234689999999944
21
-73.2471910000000008
0
LINE
8
BLACK
6
CONTINUOUS
10
193.2234689999999944
20
-73.2471910000000008
11
193.2214809999999829
21
-73.2326229999999896
0
LINE
8
BLACK
6
CONTINUOUS
10
193.2214809999999829
20
-73.2326229999999896
11
193.2261139999999955
21
-73.2037279999999981
0
LINE
8
BLACK
6
CONTINUOUS
10
193.2261139999999955
20
-73.2037279999999981
11
193.2414499999999862
21
-73.1788059999999945
0
LINE
8
BLACK
6
CONTINUOUS
10
193.2414499999999862
20
-73.1788059999999945
11
193.2651569999999879
21
-73.161648999999997
0
LINE
8
BLACK
6
CONTINUOUS
10
193.2651569999999879
20
-73.161648999999997
11
193.2936249999999916
21
-73.154871
0
LINE
8
BLACK
6
CONTINUOUS
10
193.2936249999999916
20
-73.154871
11
193.3225199999999973
21
-73.1595039999999983
0
LINE
8
BLACK
6
CONTINUOUS
10
193.3225199999999973
20
-73.1595039999999983
11
193.3474420000000009
21
-73.1748400000000032
0
LINE
8
BLACK
6
CONTINUOUS
10
193.3474420000000009
20
-73.1748400000000032
11
193.3645989999999983
21
-73.1985469999999907
0
LINE
8
BLACK
6
CONTINUOUS
10
193.3645989999999983
20
-73.1985469999999907
11
193.369388999999984
21
-73.2124469999999974
0
LINE
8
BLACK
6
CONTINUOUS
10
193.369388999999984
20
-73.2124469999999974
11
193.5386399999999867
21
-73.92330299999999
0
LINE
8
BLACK
6
CONTINUOUS
10
193.5386399999999867
20
-73.92330299999999
11
193.6525319999999795
21
-73.4962079999999958
0
LINE
8
BLACK
6
CONTINUOUS
10
193.6525319999999795
20
-73.4962079999999958
11
193.6538170000000036
21
-73.4927789999999987
0
LINE
8
BLACK
6
CONTINUOUS
10
193.6538170000000036
20
-73.4927789999999987
11
193.6540090000000021
21
-73.4913399999999939
0
LINE
8
BLACK
6
CONTINUOUS
10
193.6540090000000021
20
-73.4913399999999939
11
193.6549979999999778
21
-73.4896299999999911
0
LINE
8
BLACK
6
CONTINUOUS
10
193.6549979999999778
20
-73.4896299999999911
11
193.6576949999999897
21
-73.4824409999999943
0
LINE
8
BLACK
6
CONTINUOUS
10
193.6576949999999897
20
-73.4824409999999943
11
193.6637120000000039
21
-73.4745800000000031
0
LINE
8
BLACK
6
CONTINUOUS
10
193.6637120000000039
20
-73.4745800000000031
11
193.6686709999999891
21
-73.4660149999999987
0
LINE
8
BLACK
6
CONTINUOUS
10
193.6686709999999891
20
-73.4660149999999987
11
193.6725279999999998
21
-73.4630619999999936
0
LINE
8
BLACK
6
CONTINUOUS
10
193.6725279999999998
20
-73.4630619999999936
11
193.6754819999999881
21
-73.4592039999999997
0
LINE
8
BLACK
6
CONTINUOUS
10
193.6754819999999881
20
-73.4592039999999997
11
193.6840489999999875
21
-73.4542429999999911
0
LINE
8
BLACK
6
CONTINUOUS
10
193.6840489999999875
20
-73.4542429999999911
11
193.6919089999999812
21
-73.4482280000000003
0
LINE
8
BLACK
6
CONTINUOUS
10
193.6919089999999812
20
-73.4482280000000003
11
193.6966009999999869
21
-73.4469759999999923
0
LINE
8
BLACK
6
CONTINUOUS
10
193.6966009999999869
20
-73.4469759999999923
11
193.7008069999999975
21
-73.4445419999999984
0
LINE
8
BLACK
6
CONTINUOUS
10
193.7008069999999975
20
-73.4445419999999984
11
193.7106239999999957
21
-73.4432369999999963
0
LINE
8
BLACK
6
CONTINUOUS
10
193.7106239999999957
20
-73.4432369999999963
11
193.7201849999999865
21
-73.4406879999999944
0
LINE
8
BLACK
6
CONTINUOUS
10
193.7201849999999865
20
-73.4406879999999944
11
193.7249970000000019
21
-73.4413270000000011
0
LINE
8
BLACK
6
CONTINUOUS
10
193.7249970000000019
20
-73.4413270000000011
11
193.7298159999999996
21
-73.4406869999999969
0
LINE
8
BLACK
6
CONTINUOUS
10
193.7298159999999996
20
-73.4406869999999969
11
193.7393859999999961
21
-73.4432389999999913
0
LINE
8
BLACK
6
CONTINUOUS
10
193.7393859999999961
20
-73.4432389999999913
11
193.7491929999999911
21
-73.4445419999999984
0
LINE
8
BLACK
6
CONTINUOUS
10
193.7491929999999911
20
-73.4445419999999984
11
193.7533939999999859
21
-73.4469739999999973
0
LINE
8
BLACK
6
CONTINUOUS
10
193.7533939999999859
20
-73.4469739999999973
11
193.758090999999979
21
-73.4482270000000028
0
LINE
8
BLACK
6
CONTINUOUS
10
193.758090999999979
20
-73.4482270000000028
11
193.7659529999999961
21
-73.4542450000000002
0
LINE
8
BLACK
6
CONTINUOUS
10
193.7659529999999961
20
-73.4542450000000002
11
193.7745180000000005
21
-73.4592039999999997
0
LINE
8
BLACK
6
CONTINUOUS
10
193.7745180000000005
20
-73.4592039999999997
11
193.7774699999999939
21
-73.4630609999999962
0
LINE
8
BLACK
6
CONTINUOUS
10
193.7774699999999939
20
-73.4630609999999962
11
193.7813289999999995
21
-73.4660149999999987
0
LINE
8
BLACK
6
CONTINUOUS
10
193.7813289999999995
20
-73.4660149999999987
11
193.7862899999999797
21
-73.4745829999999955
0
LINE
8
BLACK
6
CONTINUOUS
10
193.7862899999999797
20
-73.4745829999999955
11
193.7923049999999989
21
-73.4824419999999918
0
LINE
8
BLACK
6
CONTINUOUS
10
193.7923049999999989
20
-73.4824419999999918
11
193.79499899999999
21
-73.4896260000000012
0
LINE
8
BLACK
6
CONTINUOUS
10
193.79499899999999
20
-73.4896260000000012
11
193.7959909999999866
21
-73.4913389999999964
0
LINE
8
BLACK
6
CONTINUOUS
10
193.7959909999999866
20
-73.4913389999999964
11
193.7961819999999875
21
-73.4927799999999962
0
LINE
8
BLACK
6
CONTINUOUS
10
193.7961819999999875
20
-73.4927799999999962
11
193.7974679999999807
21
-73.4962079999999958
0
LINE
8
BLACK
6
CONTINUOUS
10
193.7974679999999807
20
-73.4962079999999958
11
193.9113590000000045
21
-73.92330299999999
0
LINE
8
BLACK
6
CONTINUOUS
10
193.9113590000000045
20
-73.92330299999999
11
194.0806120000000021
21
-73.2124479999999949
0
LINE
8
BLACK
6
CONTINUOUS
10
194.0806120000000021
20
-73.2124479999999949
11
194.0854019999999878
21
-73.1985469999999907
0
LINE
8
BLACK
6
CONTINUOUS
10
194.0854019999999878
20
-73.1985469999999907
11
194.1025589999999852
21
-73.1748400000000032
0
LINE
8
BLACK
6
CONTINUOUS
10
194.1025589999999852
20
-73.1748400000000032
11
194.1274809999999889
21
-73.1595039999999983
0
LINE
8
BLACK
6
CONTINUOUS
10
194.1274809999999889
20
-73.1595039999999983
11
194.1563759999999945
21
-73.154871
0
LINE
8
BLACK
6
CONTINUOUS
10
194.1563759999999945
20
-73.154871
11
194.1848439999999982
21
-73.1616499999999945
0
LINE
8
BLACK
6
CONTINUOUS
10
201.2083339999999794
20
-72.4974589999999921
11
201.2290260000000046
21
-72.5181510000000031
0
LINE
8
BLACK
6
CONTINUOUS
10
201.2290260000000046
20
-72.5181510000000031
11
201.240224999999981
21
-72.5451869999999985
0
LINE
8
BLACK
6
CONTINUOUS
10
201.240224999999981
20
-72.5451869999999985
11
201.2416659999999808
21
-72.5598189999999903
0
LINE
8
BLACK
6
CONTINUOUS
10
201.2416659999999808
20
-72.5598189999999903
11
201.2416659999999808
21
-73.2741039999999941
0
LINE
8
BLACK
6
CONTINUOUS
10
201.2416659999999808
20
-73.2741039999999941
11
201.2409360000000049
21
-73.2815099999999973
0
LINE
8
BLACK
6
CONTINUOUS
10
201.2409360000000049
20
-73.2815099999999973
11
201.24107699999999
21
-73.2834849999999989
0
LINE
8
BLACK
6
CONTINUOUS
10
201.24107699999999
20
-73.2834849999999989
11
201.2404860000000042
21
-73.2860819999999933
0
LINE
8
BLACK
6
CONTINUOUS
10
201.2404860000000042
20
-73.2860819999999933
11
201.240224999999981
21
-73.2887360000000001
0
LINE
8
BLACK
6
CONTINUOUS
10
201.240224999999981
20
-73.2887360000000001
11
201.2394659999999931
21
-73.2905659999999983
0
LINE
8
BLACK
6
CONTINUOUS
10
201.2394659999999931
20
-73.2905659999999983
11
201.2378169999999784
21
-73.2978219999999965
0
LINE
8
BLACK
6
CONTINUOUS
10
201.2378169999999784
20
-73.2978219999999965
11
201.190197999999981
21
-73.4406779999999912
0
LINE
8
BLACK
6
CONTINUOUS
10
201.190197999999981
20
-73.4406779999999912
11
201.184203999999994
21
-73.454104000000001
0
LINE
8
BLACK
6
CONTINUOUS
10
201.184203999999994
20
-73.454104000000001
11
201.1824379999999906
21
-73.4561389999999932
0
LINE
8
BLACK
6
CONTINUOUS
10
201.1824379999999906
20
-73.4561389999999932
11
201.1814080000000047
21
-73.4586279999999903
0
LINE
8
BLACK
6
CONTINUOUS
10
201.1814080000000047
20
-73.4586279999999903
11
201.1720809999999915
21
-73.4699930000000023
0
LINE
8
BLACK
6
CONTINUOUS
10
201.1720809999999915
20
-73.4699930000000023
11
201.0768419999999992
21
-73.5652329999999921
0
LINE
8
BLACK
6
CONTINUOUS
10
201.0768419999999992
20
-73.5652329999999921
11
201.0654769999999871
21
-73.5745599999999911
0
LINE
8
BLACK
6
CONTINUOUS
10
201.0654769999999871
20
-73.5745599999999911
11
201.0629859999999951
21
-73.5755910000000029
0
LINE
8
BLACK
6
CONTINUOUS
10
201.0629859999999951
20
-73.5755910000000029
11
201.0609509999999887
21
-73.5773569999999921
0
LINE
8
BLACK
6
CONTINUOUS
10
201.0609509999999887
20
-73.5773569999999921
11
201.0475260000000048
21
-73.5833509999999933
0
LINE
8
BLACK
6
CONTINUOUS
10
201.0475260000000048
20
-73.5833509999999933
11
200.9046689999999842
21
-73.6309699999999907
0
LINE
8
BLACK
6
CONTINUOUS
10
200.9046689999999842
20
-73.6309699999999907
11
200.8974149999999952
21
-73.6326189999999912
0
LINE
8
BLACK
6
CONTINUOUS
10
200.8974149999999952
20
-73.6326189999999912
11
200.8955839999999853
21
-73.6333779999999933
0
LINE
8
BLACK
6
CONTINUOUS
10
200.8955839999999853
20
-73.6333779999999933
11
200.892928999999981
21
-73.6336390000000023
0
LINE
8
BLACK
6
CONTINUOUS
10
200.892928999999981
20
-73.6336390000000023
11
200.8903320000000008
21
-73.6342300000000023
0
LINE
8
BLACK
6
CONTINUOUS
10
200.8903320000000008
20
-73.6342300000000023
11
200.888356999999985
21
-73.634089000000003
0
LINE
8
BLACK
6
CONTINUOUS
10
200.888356999999985
20
-73.634089000000003
11
200.8809519999999793
21
-73.6348189999999931
0
LINE
8
BLACK
6
CONTINUOUS
10
200.8809519999999793
20
-73.6348189999999931
11
200.7857139999999845
21
-73.6348189999999931
0
LINE
8
BLACK
6
CONTINUOUS
10
200.7857139999999845
20
-73.6348189999999931
11
200.7710819999999785
21
-73.6333779999999933
0
LINE
8
BLACK
6
CONTINUOUS
10
200.7710819999999785
20
-73.6333779999999933
11
200.7440459999999973
21
-73.6221790000000027
0
LINE
8
BLACK
6
CONTINUOUS
10
200.7440459999999973
20
-73.6221790000000027
11
200.7233540000000005
21
-73.6014869999999917
0
LINE
8
BLACK
6
CONTINUOUS
10
200.7233540000000005
20
-73.6014869999999917
11
200.7121549999999957
21
-73.5744509999999963
0
LINE
8
BLACK
6
CONTINUOUS
10
200.7121549999999957
20
-73.5744509999999963
11
200.7121549999999957
21
-73.5451869999999985
0
LINE
8
BLACK
6
CONTINUOUS
10
200.7121549999999957
20
-73.5451869999999985
11
200.7233540000000005
21
-73.5181510000000031
0
LINE
8
BLACK
6
CONTINUOUS
10
200.7233540000000005
20
-73.5181510000000031
11
200.7440459999999973
21
-73.4974589999999921
0
LINE
8
BLACK
6
CONTINUOUS
10
200.7440459999999973
20
-73.4974589999999921
11
200.7710819999999785
21
-73.4862600000000015
0
LINE
8
BLACK
6
CONTINUOUS
10
200.7710819999999785
20
-73.4862600000000015
11
200.7857139999999845
21
-73.4848190000000017
0
LINE
8
BLACK
6
CONTINUOUS
10
200.7857139999999845
20
-73.4848190000000017
11
200.8687819999999817
21
-73.4848190000000017
0
LINE
8
BLACK
6
CONTINUOUS
10
200.8687819999999817
20
-73.4848190000000017
11
200.9832949999999983
21
-73.4466469999999987
0
LINE
8
BLACK
6
CONTINUOUS
10
200.9832949999999983
20
-73.4466469999999987
11
201.0534940000000006
21
-73.3764469999999989
0
LINE
8
BLACK
6
CONTINUOUS
10
201.0534940000000006
20
-73.3764469999999989
11
201.0916660000000036
21
-73.2619339999999966
0
LINE
8
BLACK
6
CONTINUOUS
10
201.0916660000000036
20
-73.2619339999999966
11
201.0916660000000036
21
-72.5598189999999903
0
LINE
8
BLACK
6
CONTINUOUS
10
201.0916660000000036
20
-72.5598189999999903
11
201.0931070000000034
21
-72.5451869999999985
0
LINE
8
BLACK
6
CONTINUOUS
10
201.0931070000000034
20
-72.5451869999999985
11
201.1043059999999798
21
-72.5181510000000031
0
LINE
8
BLACK
6
CONTINUOUS
10
201.1043059999999798
20
-72.5181510000000031
11
201.124998000000005
21
-72.4974589999999921
0
LINE
8
BLACK
6
CONTINUOUS
10
201.124998000000005
20
-72.4974589999999921
11
201.1520339999999862
21
-72.4862600000000015
0
LINE
8
BLACK
6
CONTINUOUS
10
201.1520339999999862
20
-72.4862600000000015
11
201.1812979999999982
21
-72.4862600000000015
0
LINE
8
BLACK
6
CONTINUOUS
10
201.1812979999999982
20
-72.4862600000000015
11
201.2083339999999794
21
-72.4974589999999921
0
LINE
8
BLACK
6
CONTINUOUS
10
201.8881569999999783
20
-72.4862600000000015
11
201.8955839999999853
21
-72.4862600000000015
0
LINE
8
BLACK
6
CONTINUOUS
10
201.8955839999999853
20
-72.4862600000000015
11
201.9023719999999855
21
-72.4890719999999931
0
LINE
8
BLACK
6
CONTINUOUS
10
201.9023719999999855
20
-72.4890719999999931
11
201.9095810000000029
21
-72.4904980000000023
0
LINE
8
BLACK
6
CONTINUOUS
10
201.9095810000000029
20
-72.4904980000000023
11
201.9157599999999775
21
-72.494616999999991
0
LINE
8
BLACK
6
CONTINUOUS
10
201.9157599999999775
20
-72.494616999999991
11
201.9226199999999949
21
-72.4974589999999921
0
LINE
8
BLACK
6
CONTINUOUS
10
201.9226199999999949
20
-72.4974589999999921
11
201.9278129999999862
21
-72.5026519999999977
0
LINE
8
BLACK
6
CONTINUOUS
10
201.9278129999999862
20
-72.5026519999999977
11
201.9339300000000037
21
-72.5067299999999904
0
LINE
8
BLACK
6
CONTINUOUS
10
201.9339300000000037
20
-72.5067299999999904
11
201.9380629999999996
21
-72.5129019999999969
0
LINE
8
BLACK
6
CONTINUOUS
10
201.9380629999999996
20
-72.5129019999999969
11
201.9433119999999917
21
-72.5181510000000031
0
LINE
8
BLACK
6
CONTINUOUS
10
201.9433119999999917
20
-72.5181510000000031
11
201.946123
21
-72.5249379999999917
0
LINE
8
BLACK
6
CONTINUOUS
10
201.946123
20
-72.5249379999999917
11
201.9502129999999909
21
-72.5310449999999918
0
LINE
8
BLACK
6
CONTINUOUS
10
201.9502129999999909
20
-72.5310449999999918
11
201.9516689999999812
21
-72.5383259999999979
0
LINE
8
BLACK
6
CONTINUOUS
10
201.9516689999999812
20
-72.5383259999999979
11
201.9545109999999966
21
-72.5451869999999985
0
LINE
8
BLACK
6
CONTINUOUS
10
201.9545109999999966
20
-72.5451869999999985
11
201.9559359999999799
21
-72.5596630000000005
0
LINE
8
BLACK
6
CONTINUOUS
10
201.9559359999999799
20
-72.5596630000000005
11
201.9559519999999964
21
-72.5597399999999908
0
LINE
8
BLACK
6
CONTINUOUS
10
201.9559519999999964
20
-72.5597399999999908
11
201.9559459999999831
21
-72.5597659999999962
0
LINE
8
BLACK
6
CONTINUOUS
10
201.9559459999999831
20
-72.5597659999999962
11
201.9559519999999964
21
-72.5598189999999903
0
LINE
8
BLACK
6
CONTINUOUS
10
201.9559519999999964
20
-72.5598189999999903
11
201.9559519999999964
21
-73.4848190000000017
0
LINE
8
BLACK
6
CONTINUOUS
10
201.9559519999999964
20
-73.4848190000000017
11
202.1666659999999922
21
-73.4848190000000017
0
LINE
8
BLACK
6
CONTINUOUS
10
202.1666659999999922
20
-73.4848190000000017
11
202.1812979999999982
21
-73.4862600000000015
0
LINE
8
BLACK
6
CONTINUOUS
10
202.1812979999999982
20
-73.4862600000000015
11
202.2083339999999794
21
-73.4974589999999921
0
LINE
8
BLACK
6
CONTINUOUS
10
202.2083339999999794
20
-73.4974589999999921
11
202.2290260000000046
21
-73.5181510000000031
0
LINE
8
BLACK
6
CONTINUOUS
10
202.2290260000000046
20
-73.5181510000000031
11
202.240224999999981
21
-73.5451869999999985
0
LINE
8
BLACK
6
CONTINUOUS
10
202.240224999999981
20
-73.5451869999999985
11
202.240224999999981
21
-73.5744509999999963
0
LINE
8
BLACK
6
CONTINUOUS
10
202.240224999999981
20
-73.5744509999999963
11
202.2290260000000046
21
-73.6014869999999917
0
LINE
8
BLACK
6
CONTINUOUS
10
202.2290260000000046
20
-73.6014869999999917
11
202.2083339999999794
21
-73.6221790000000027
0
LINE
8
BLACK
6
CONTINUOUS
10
202.2083339999999794
20
-73.6221790000000027
11
202.1812979999999982
21
-73.6333779999999933
0
LINE
8
BLACK
6
CONTINUOUS
10
202.1812979999999982
20
-73.6333779999999933
11
202.1666659999999922
21
-73.6348189999999931
0
LINE
8
BLACK
6
CONTINUOUS
10
202.1666659999999922
20
-73.6348189999999931
11
201.5952379999999948
21
-73.6348189999999931
0
LINE
8
BLACK
6
CONTINUOUS
10
201.5952379999999948
20
-73.6348189999999931
11
201.5806059999999889
21
-73.6333779999999933
0
LINE
8
BLACK
6
CONTINUOUS
10
201.5806059999999889
20
-73.6333779999999933
11
201.5535699999999792
21
-73.6221790000000027
0
LINE
8
BLACK
6
CONTINUOUS
10
201.5535699999999792
20
-73.6221790000000027
11
201.5328779999999824
21
-73.6014869999999917
0
LINE
8
BLACK
6
CONTINUOUS
10
201.5328779999999824
20
-73.6014869999999917
11
201.5216789999999776
21
-73.5744509999999963
0
LINE
8
BLACK
6
CONTINUOUS
10
201.5216789999999776
20
-73.5744509999999963
11
201.5216789999999776
21
-73.5451869999999985
0
LINE
8
BLACK
6
CONTINUOUS
10
201.5216789999999776
20
-73.5451869999999985
11
201.5328779999999824
21
-73.5181510000000031
0
LINE
8
BLACK
6
CONTINUOUS
10
201.5328779999999824
20
-73.5181510000000031
11
201.5535699999999792
21
-73.4974589999999921
0
LINE
8
BLACK
6
CONTINUOUS
10
201.5535699999999792
20
-73.4974589999999921
11
201.5806059999999889
21
-73.4862600000000015
0
LINE
8
BLACK
6
CONTINUOUS
10
201.5806059999999889
20
-73.4862600000000015
11
201.5952379999999948
21
-73.4848190000000017
0
LINE
8
BLACK
6
CONTINUOUS
10
201.5952379999999948
20
-73.4848190000000017
11
201.8059519999999907
21
-73.4848190000000017
0
LINE
8
BLACK
6
CONTINUOUS
10
201.8059519999999907
20
-73.4848190000000017
11
201.8059519999999907
21
-72.7885040000000032
0
LINE
8
BLACK
6
CONTINUOUS
10
201.8059519999999907
20
-72.7885040000000032
11
201.7435089999999889
21
-72.8509469999999908
0
LINE
8
BLACK
6
CONTINUOUS
10
201.7435089999999889
20
-72.8509469999999908
11
201.7377589999999827
21
-72.8556650000000019
0
LINE
8
BLACK
6
CONTINUOUS
10
201.7377589999999827
20
-72.8556650000000019
11
201.7364599999999939
21
-72.8571639999999974
0
LINE
8
BLACK
6
CONTINUOUS
10
201.7364599999999939
20
-72.8571639999999974
11
201.7341999999999871
21
-72.8585849999999908
0
LINE
8
BLACK
6
CONTINUOUS
10
201.7341999999999871
20
-72.8585849999999908
11
201.7321439999999768
21
-72.8602739999999898
0
LINE
8
BLACK
6
CONTINUOUS
10
201.7321439999999768
20
-72.8602739999999898
11
201.7303159999999878
21
-72.861030999999997
0
LINE
8
BLACK
6
CONTINUOUS
10
201.7303159999999878
20
-72.861030999999997
11
201.7240170000000035
21
-72.8649959999999908
0
LINE
8
BLACK
6
CONTINUOUS
10
201.7240170000000035
20
-72.8649959999999908
11
201.6287789999999802
21
-72.9126150000000024
0
LINE
8
BLACK
6
CONTINUOUS
10
201.6287789999999802
20
-72.9126150000000024
11
201.6150470000000041
21
-72.9178699999999935
0
LINE
8
BLACK
6
CONTINUOUS
10
201.6150470000000041
20
-72.9178699999999935
11
201.5858570000000043
21
-72.919944000000001
0
LINE
8
BLACK
6
CONTINUOUS
10
201.5858570000000043
20
-72.919944000000001
11
201.5580959999999777
21
-72.9106900000000024
0
LINE
8
BLACK
6
CONTINUOUS
10
201.5580959999999777
20
-72.9106900000000024
11
201.5359880000000032
21
-72.8915169999999932
0
LINE
8
BLACK
6
CONTINUOUS
10
201.5359880000000032
20
-72.8915169999999932
11
201.5229009999999903
21
-72.8653419999999983
0
LINE
8
BLACK
6
CONTINUOUS
10
201.5229009999999903
20
-72.8653419999999983
11
201.520826999999997
21
-72.8361519999999985
0
LINE
8
BLACK
6
CONTINUOUS
10
201.520826999999997
20
-72.8361519999999985
11
201.5300809999999956
21
-72.8083910000000003
0
LINE
8
BLACK
6
CONTINUOUS
10
201.5300809999999956
20
-72.8083910000000003
11
201.5492539999999906
21
-72.7862829999999974
0
LINE
8
BLACK
6
CONTINUOUS
10
201.5492539999999906
20
-72.7862829999999974
11
201.561696999999981
21
-72.7784509999999898
0
LINE
8
BLACK
6
CONTINUOUS
10
201.561696999999981
20
-72.7784509999999898
11
201.646049000000005
21
-72.736274999999992
0
LINE
8
BLACK
6
CONTINUOUS
10
201.646049000000005
20
-72.736274999999992
11
201.7274280000000033
21
-72.6548959999999937
0
LINE
8
BLACK
6
CONTINUOUS
10
201.7274280000000033
20
-72.6548959999999937
11
201.8185479999999927
21
-72.5182159999999953
0
LINE
8
BLACK
6
CONTINUOUS
10
201.8185479999999927
20
-72.5182159999999953
11
201.8185819999999921
21
-72.5181729999999902
0
LINE
8
BLACK
6
CONTINUOUS
10
201.8185819999999921
20
-72.5181729999999902
11
201.8185919999999953
21
-72.5181510000000031
0
LINE
8
BLACK
6
CONTINUOUS
10
201.8185919999999953
20
-72.5181510000000031
11
201.8186429999999802
21
-72.5180989999999923
0
LINE
8
BLACK
6
CONTINUOUS
10
201.8186429999999802
20
-72.5180989999999923
11
201.8278639999999768
21
-72.5068409999999943
0
LINE
8
BLACK
6
CONTINUOUS
10
201.8278639999999768
20
-72.5068409999999943
11
201.8340329999999767
21
-72.5027089999999959
0
LINE
8
BLACK
6
CONTINUOUS
10
201.8340329999999767
20
-72.5027089999999959
11
201.8392839999999921
21
-72.4974589999999921
0
LINE
8
BLACK
6
CONTINUOUS
10
201.8392839999999921
20
-72.4974589999999921
11
201.8460729999999899
21
-72.494646000000003
0
LINE
8
BLACK
6
CONTINUOUS
10
201.8460729999999899
20
-72.494646000000003
11
201.8521789999999783
21
-72.4905579999999929
0
LINE
8
BLACK
6
CONTINUOUS
10
201.8521789999999783
20
-72.4905579999999929
11
201.8594589999999869
21
-72.4891009999999909
0
LINE
8
BLACK
6
CONTINUOUS
10
201.8594589999999869
20
-72.4891009999999909
11
201.8663200000000018
21
-72.4862600000000015
0
LINE
8
BLACK
6
CONTINUOUS
10
201.8663200000000018
20
-72.4862600000000015
11
201.8736679999999808
21
-72.4862600000000015
0
LINE
8
BLACK
6
CONTINUOUS
10
201.8736679999999808
20
-72.4862600000000015
11
201.8808729999999798
21
-72.4848190000000017
0
LINE
8
BLACK
6
CONTINUOUS
10
201.8808729999999798
20
-72.4848190000000017
11
201.8881569999999783
21
-72.4862600000000015
0
LINE
8
BLACK
6
CONTINUOUS
10
196.0729609999999923
20
-72.5945669999999978
11
196.105433000000005
21
-72.6270389999999963
0
LINE
8
BLACK
6
CONTINUOUS
10
196.105433000000005
20
-72.6270389999999963
11
196.105433000000005
21
-72.6729610000000008
0
LINE
8
BLACK
6
CONTINUOUS
10
196.105433000000005
20
-72.6729610000000008
11
196.0729609999999923
21
-72.7054329999999993
0
LINE
8
BLACK
6
CONTINUOUS
10
196.0729609999999923
20
-72.7054329999999993
11
196.0499999999999829
21
-72.7099999999999937
0
LINE
8
BLACK
6
CONTINUOUS
10
196.0499999999999829
20
-72.7099999999999937
11
191.3499999999999943
21
-72.7099999999999937
0
LINE
8
BLACK
6
CONTINUOUS
10
191.3499999999999943
20
-72.7099999999999937
11
191.327038999999985
21
-72.7054329999999993
0
LINE
8
BLACK
6
CONTINUOUS
10
191.327038999999985
20
-72.7054329999999993
11
191.2945670000000007
21
-72.6729610000000008
0
LINE
8
BLACK
6
CONTINUOUS
10
191.2945670000000007
20
-72.6729610000000008
11
191.2945670000000007
21
-72.6270389999999963
0
LINE
8
BLACK
6
CONTINUOUS
10
191.2945670000000007
20
-72.6270389999999963
11
191.327038999999985
21
-72.5945669999999978
0
LINE
8
BLACK
6
CONTINUOUS
10
191.327038999999985
20
-72.5945669999999978
11
191.3499999999999943
21
-72.5900000000000034
0
LINE
8
BLACK
6
CONTINUOUS
10
191.3499999999999943
20
-72.5900000000000034
11
196.0499999999999829
21
-72.5900000000000034
0
LINE
8
BLACK
6
CONTINUOUS
10
196.0499999999999829
20
-72.5900000000000034
11
196.0729609999999923
21
-72.5945669999999978
0
LINE
8
BLACK
6
CONTINUOUS
10
212.6229610000000037
20
-72.5945669999999978
11
212.6554329999999879
21
-72.6270389999999963
0
LINE
8
BLACK
6
CONTINUOUS
10
212.6554329999999879
20
-72.6270389999999963
11
212.6554329999999879
21
-72.6729610000000008
0
LINE
8
BLACK
6
CONTINUOUS
10
212.6554329999999879
20
-72.6729610000000008
11
212.6229610000000037
21
-72.7054329999999993
0
LINE
8
BLACK
6
CONTINUOUS
10
212.6229610000000037
20
-72.7054329999999993
11
212.5999999999999943
21
-72.7099999999999937
0
LINE
8
BLACK
6
CONTINUOUS
10
212.5999999999999943
20
-72.7099999999999937
11
207.8999999999999773
21
-72.7099999999999937
0
LINE
8
BLACK
6
CONTINUOUS
10
207.8999999999999773
20
-72.7099999999999937
11
207.8770389999999963
21
-72.7054329999999993
0
LINE
8
BLACK
6
CONTINUOUS
10
207.8770389999999963
20
-72.7054329999999993
11
207.8445669999999836
21
-72.6729610000000008
0
LINE
8
BLACK
6
CONTINUOUS
10
207.8445669999999836
20
-72.6729610000000008
11
207.8445669999999836
21
-72.6270389999999963
0
LINE
8
BLACK
6
CONTINUOUS
10
207.8445669999999836
20
-72.6270389999999963
11
207.8770389999999963
21
-72.5945669999999978
0
LINE
8
BLACK
6
CONTINUOUS
10
207.8770389999999963
20
-72.5945669999999978
11
207.8999999999999773
21
-72.5900000000000034
0
LINE
8
BLACK
6
CONTINUOUS
10
207.8999999999999773
20
-72.5900000000000034
11
212.5999999999999943
21
-72.5900000000000034
0
LINE
8
BLACK
6
CONTINUOUS
10
212.5999999999999943
20
-72.5900000000000034
11
212.6229610000000037
21
-72.5945669999999978
0
LINE
8
BLACK
6
CONTINUOUS
10
191.3054329999999936
20
-70.5020389999999963
11
191.3100000000000023
21
-70.5249999999999915
0
LINE
8
BLACK
6
CONTINUOUS
10
191.3100000000000023
20
-70.5249999999999915
11
191.3100000000000023
21
-71.0750000000000028
0
LINE
8
BLACK
6
CONTINUOUS
10
191.3100000000000023
20
-71.0750000000000028
11
191.3054329999999936
21
-71.097960999999998
0
LINE
8
BLACK
6
CONTINUOUS
10
191.3054329999999936
20
-71.097960999999998
11
191.2729609999999809
21
-71.1304329999999965
0
LINE
8
BLACK
6
CONTINUOUS
10
191.2729609999999809
20
-71.1304329999999965
11
191.2270389999999907
21
-71.1304329999999965
0
LINE
8
BLACK
6
CONTINUOUS
10
191.2270389999999907
20
-71.1304329999999965
11
191.194566999999978
21
-71.097960999999998
0
LINE
8
BLACK
6
CONTINUOUS
10
191.194566999999978
20
-71.097960999999998
11
191.1899999999999977
21
-71.0750000000000028
0
LINE
8
BLACK
6
CONTINUOUS
10
191.1899999999999977
20
-71.0750000000000028
11
191.1899999999999977
21
-70.5249999999999915
0
LINE
8
BLACK
6
CONTINUOUS
10
191.1899999999999977
20
-70.5249999999999915
11
191.194566999999978
21
-70.5020389999999963
0
LINE
8
BLACK
6
CONTINUOUS
10
191.194566999999978
20
-70.5020389999999963
11
191.2270389999999907
21
-70.4695669999999978
0
LINE
8
BLACK
6
CONTINUOUS
10
191.2270389999999907
20
-70.4695669999999978
11
191.2729609999999809
21
-70.4695669999999978
0
LINE
8
BLACK
6
CONTINUOUS
10
191.2729609999999809
20
-70.4695669999999978
11
191.3054329999999936
21
-70.5020389999999963
0
LINE
8
BLACK
6
CONTINUOUS
10
196.2054329999999993
20
-70.5020389999999963
11
196.2099999999999795
21
-70.5249999999999915
0
LINE
8
BLACK
6
CONTINUOUS
10
196.2099999999999795
20
-70.5249999999999915
11
196.2099999999999795
21
-71.0750000000000028
0
LINE
8
BLACK
6
CONTINUOUS
10
196.2099999999999795
20
-71.0750000000000028
11
196.2054329999999993
21
-71.097960999999998
0
LINE
8
BLACK
6
CONTINUOUS
10
196.2054329999999993
20
-71.097960999999998
11
196.1729609999999866
21
-71.1304329999999965
0
LINE
8
BLACK
6
CONTINUOUS
10
196.1729609999999866
20
-71.1304329999999965
11
196.1270389999999963
21
-71.1304329999999965
0
LINE
8
BLACK
6
CONTINUOUS
10
196.1270389999999963
20
-71.1304329999999965
11
196.0945669999999836
21
-71.097960999999998
0
LINE
8
BLACK
6
CONTINUOUS
10
196.0945669999999836
20
-71.097960999999998
11
196.0900000000000034
21
-71.0750000000000028
0
LINE
8
BLACK
6
CONTINUOUS
10
196.0900000000000034
20
-71.0750000000000028
11
196.0900000000000034
21
-70.5249999999999915
0
LINE
8
BLACK
6
CONTINUOUS
10
196.0900000000000034
20
-70.5249999999999915
11
196.0945669999999836
21
-70.5020389999999963
0
LINE
8
BLACK
6
CONTINUOUS
10
196.0945669999999836
20
-70.5020389999999963
11
196.1270389999999963
21
-70.4695669999999978
0
LINE
8
BLACK
6
CONTINUOUS
10
196.1270389999999963
20
-70.4695669999999978
11
196.1729609999999866
21
-70.4695669999999978
0
LINE
8
BLACK
6
CONTINUOUS
10
196.1729609999999866
20
-70.4695669999999978
11
196.2054329999999993
21
-70.5020389999999963
0
LINE
8
BLACK
6
CONTINUOUS
10
207.8554329999999766
20
-70.5020389999999963
11
207.8599999999999852
21
-70.5249999999999915
0
LINE
8
BLACK
6
CONTINUOUS
10
207.8599999999999852
20
-70.5249999999999915
11
207.8599999999999852
21
-71.0750000000000028
0
LINE
8
BLACK
6
CONTINUOUS
10
207.8599999999999852
20
-71.0750000000000028
11
207.8554329999999766
21
-71.097960999999998
0
LINE
8
BLACK
6
CONTINUOUS
10
207.8554329999999766
20
-71.097960999999998
11
207.8229609999999923
21
-71.1304329999999965
0
LINE
8
BLACK
6
CONTINUOUS
10
207.8229609999999923
20
-71.1304329999999965
11
207.777039000000002
21
-71.1304329999999965
0
LINE
8
BLACK
6
CONTINUOUS
10
207.777039000000002
20
-71.1304329999999965
11
207.7445669999999893
21
-71.097960999999998
0
LINE
8
BLACK
6
CONTINUOUS
10
207.7445669999999893
20
-71.097960999999998
11
207.7399999999999807
21
-71.0750000000000028
0
LINE
8
BLACK
6
CONTINUOUS
10
207.7399999999999807
20
-71.0750000000000028
11
207.7399999999999807
21
-70.5249999999999915
0
LINE
8
BLACK
6
CONTINUOUS
10
207.7399999999999807
20
-70.5249999999999915
11
207.7445669999999893
21
-70.5020389999999963
0
LINE
8
BLACK
6
CONTINUOUS
10
207.7445669999999893
20
-70.5020389999999963
11
207.777039000000002
21
-70.4695669999999978
0
LINE
8
BLACK
6
CONTINUOUS
10
207.777039000000002
20
-70.4695669999999978
11
207.8229609999999923
21
-70.4695669999999978
0
LINE
8
BLACK
6
CONTINUOUS
10
207.8229609999999923
20
-70.4695669999999978
11
207.8554329999999766
21
-70.5020389999999963
0
LINE
8
BLACK
6
CONTINUOUS
10
212.7554329999999823
20
-70.5020389999999963
11
212.7599999999999909
21
-70.5249999999999915
0
LINE
8
BLACK
6
CONTINUOUS
10
212.7599999999999909
20
-70.5249999999999915
11
212.7599999999999909
21
-71.0750000000000028
0
LINE
8
BLACK
6
CONTINUOUS
10
212.7599999999999909
20
-71.0750000000000028
11
212.7554329999999823
21
-71.097960999999998
0
LINE
8
BLACK
6
CONTINUOUS
10
212.7554329999999823
20
-71.097960999999998
11
212.722960999999998
21
-71.1304329999999965
0
LINE
8
BLACK
6
CONTINUOUS
10
212.722960999999998
20
-71.1304329999999965
11
212.6770389999999793
21
-71.1304329999999965
0
LINE
8
BLACK
6
CONTINUOUS
10
212.6770389999999793
20
-71.1304329999999965
11
212.644566999999995
21
-71.097960999999998
0
LINE
8
BLACK
6
CONTINUOUS
10
212.644566999999995
20
-71.097960999999998
11
212.6399999999999864
21
-71.0750000000000028
0
LINE
8
BLACK
6
CONTINUOUS
10
212.6399999999999864
20
-71.0750000000000028
11
212.6399999999999864
21
-70.5249999999999915
0
LINE
8
BLACK
6
CONTINUOUS
10
212.6399999999999864
20
-70.5249999999999915
11
212.644566999999995
21
-70.5020389999999963
0
LINE
8
BLACK
6
CONTINUOUS
10
212.644566999999995
20
-70.5020389999999963
11
212.6770389999999793
21
-70.4695669999999978
0
LINE
8
BLACK
6
CONTINUOUS
10
212.6770389999999793
20
-70.4695669999999978
11
212.722960999999998
21
-70.4695669999999978
0
LINE
8
BLACK
6
CONTINUOUS
10
212.722960999999998
20
-70.4695669999999978
11
212.7554329999999823
21
-70.5020389999999963
0
LINE
8
BLACK
6
CONTINUOUS
10
210.7704880000000003
20
-88.8871479999999963
11
210.8457279999999798
21
-88.9381470000000007
0
LINE
8
BLACK
6
CONTINUOUS
10
210.8457279999999798
20
-88.9381470000000007
11
210.8936899999999923
21
-89.0241939999999943
0
LINE
8
BLACK
6
CONTINUOUS
10
210.8936899999999923
20
-89.0241939999999943
11
210.9121769999999856
21
-89.1605440000000016
0
LINE
8
BLACK
6
CONTINUOUS
10
210.9121769999999856
20
-89.1605440000000016
11
210.9121769999999856
21
-92.2218840000000029
0
LINE
8
BLACK
6
CONTINUOUS
10
210.9121769999999856
20
-92.2218840000000029
11
210.8988119999999924
21
-92.3578579999999931
0
LINE
8
BLACK
6
CONTINUOUS
10
210.8988119999999924
20
-92.3578579999999931
11
210.8632029999999986
21
-92.4560189999999977
0
LINE
8
BLACK
6
CONTINUOUS
10
210.8632029999999986
20
-92.4560189999999977
11
210.8088619999999764
21
-92.5259659999999968
0
LINE
8
BLACK
6
CONTINUOUS
10
210.8088619999999764
20
-92.5259659999999968
11
210.7340099999999836
21
-92.5745610000000028
0
LINE
8
BLACK
6
CONTINUOUS
10
210.7340099999999836
20
-92.5745610000000028
11
210.6260199999999827
21
-92.6074429999999893
0
LINE
8
BLACK
6
CONTINUOUS
10
210.6260199999999827
20
-92.6074429999999893
11
210.4735169999999869
21
-92.6199999999999903
0
LINE
8
BLACK
6
CONTINUOUS
10
210.4735169999999869
20
-92.6199999999999903
11
210.3169350000000009
21
-92.6074089999999899
0
LINE
8
BLACK
6
CONTINUOUS
10
210.3169350000000009
20
-92.6074089999999899
11
210.2061089999999979
21
-92.5744799999999941
0
LINE
8
BLACK
6
CONTINUOUS
10
210.2061089999999979
20
-92.5744799999999941
11
210.1293780000000027
21
-92.5259659999999968
0
LINE
8
BLACK
6
CONTINUOUS
10
210.1293780000000027
20
-92.5259659999999968
11
210.0734929999999849
21
-92.4557849999999917
0
LINE
8
BLACK
6
CONTINUOUS
10
210.0734929999999849
20
-92.4557849999999917
11
210.0370309999999847
21
-92.3576010000000025
0
LINE
8
BLACK
6
CONTINUOUS
10
210.0370309999999847
20
-92.3576010000000025
11
210.0233769999999822
21
-92.2218840000000029
0
LINE
8
BLACK
6
CONTINUOUS
10
210.0233769999999822
20
-92.2218840000000029
11
210.0233769999999822
21
-90.8277449999999931
0
LINE
8
BLACK
6
CONTINUOUS
10
210.0233769999999822
20
-90.8277449999999931
11
210.0233769999999822
21
-90.6604389999999967
0
LINE
8
BLACK
6
CONTINUOUS
10
210.0233769999999822
20
-90.6604389999999967
11
210.0343939999999918
21
-90.5295950000000005
0
LINE
8
BLACK
6
CONTINUOUS
10
210.0343939999999918
20
-90.5295950000000005
11
210.0609900000000039
21
-90.4530769999999933
0
LINE
8
BLACK
6
CONTINUOUS
10
210.0609900000000039
20
-90.4530769999999933
11
210.1122259999999926
21
-90.395237999999992
0
LINE
8
BLACK
6
CONTINUOUS
10
210.1122259999999926
20
-90.395237999999992
11
210.2075360000000046
21
-90.3409690000000012
0
LINE
8
BLACK
6
CONTINUOUS
10
210.2075360000000046
20
-90.3409690000000012
11
210.2693299999999965
21
-90.3187429999999978
0
LINE
8
BLACK
6
CONTINUOUS
10
210.2693299999999965
20
-90.3187429999999978
11
210.3533489999999802
21
-90.2703829999999954
0
LINE
8
BLACK
6
CONTINUOUS
10
210.3533489999999802
20
-90.2703829999999954
11
210.3990229999999997
21
-90.2002859999999913
0
LINE
8
BLACK
6
CONTINUOUS
10
210.3990229999999997
20
-90.2002859999999913
11
210.4207600000000014
21
-90.0798739999999896
0
LINE
8
BLACK
6
CONTINUOUS
10
210.4207600000000014
20
-90.0798739999999896
11
210.4263779999999997
21
-89.8800829999999991
0
LINE
8
BLACK
6
CONTINUOUS
10
210.4263779999999997
20
-89.8800829999999991
11
210.4263779999999997
21
-89.1717790000000008
0
LINE
8
BLACK
6
CONTINUOUS
10
210.4263779999999997
20
-89.1717790000000008
11
210.4442129999999906
21
-89.0268250000000023
0
LINE
8
BLACK
6
CONTINUOUS
10
210.4442129999999906
20
-89.0268250000000023
11
210.489547999999985
21
-88.9377259999999978
0
LINE
8
BLACK
6
CONTINUOUS
10
210.489547999999985
20
-88.9377259999999978
11
210.5583599999999933
21
-88.8866979999999955
0
LINE
8
BLACK
6
CONTINUOUS
10
210.5583599999999933
20
-88.8866979999999955
11
210.6581639999999993
21
-88.8684289999999919
0
LINE
8
BLACK
6
CONTINUOUS
10
210.6581639999999993
20
-88.8684289999999919
11
210.7704880000000003
21
-88.8871479999999963
0
LINE
8
BLACK
6
CONTINUOUS
10
213.5846819999999866
20
-88.891143999999997
11
213.6755729999999858
21
-88.9243879999999933
0
LINE
8
BLACK
6
CONTINUOUS
10
213.6755729999999858
20
-88.9243879999999933
11
213.7414859999999805
21
-88.9744309999999956
0
LINE
8
BLACK
6
CONTINUOUS
10
213.7414859999999805
20
-88.9744309999999956
11
213.7889539999999897
21
-89.0438639999999992
0
LINE
8
BLACK
6
CONTINUOUS
10
213.7889539999999897
20
-89.0438639999999992
11
213.8218420000000037
21
-89.142957999999993
0
LINE
8
BLACK
6
CONTINUOUS
10
213.8218420000000037
20
-89.142957999999993
11
213.844555999999983
21
-89.4140680000000003
0
LINE
8
BLACK
6
CONTINUOUS
10
213.844555999999983
20
-89.4140680000000003
11
213.844555999999983
21
-89.8676269999999988
0
LINE
8
BLACK
6
CONTINUOUS
10
213.844555999999983
20
-89.8676269999999988
11
213.8501739999999813
21
-90.048854999999989
0
LINE
8
BLACK
6
CONTINUOUS
10
213.8501739999999813
20
-90.048854999999989
11
213.8719119999999805
21
-90.1616949999999946
0
LINE
8
BLACK
6
CONTINUOUS
10
213.8719119999999805
20
-90.1616949999999946
11
213.9153869999999813
21
-90.234967999999995
0
LINE
8
BLACK
6
CONTINUOUS
10
213.9153869999999813
20
-90.234967999999995
11
213.9862169999999821
21
-90.2921209999999945
0
LINE
8
BLACK
6
CONTINUOUS
10
213.9862169999999821
20
-90.2921209999999945
11
214.0587569999999857
21
-90.3311999999999955
0
LINE
8
BLACK
6
CONTINUOUS
10
214.0587569999999857
20
-90.3311999999999955
11
214.1584079999999801
21
-90.4027629999999931
0
LINE
8
BLACK
6
CONTINUOUS
10
214.1584079999999801
20
-90.4027629999999931
11
214.2187359999999785
21
-90.5004599999999897
0
LINE
8
BLACK
6
CONTINUOUS
10
214.2187359999999785
20
-90.5004599999999897
11
214.2475570000000005
21
-90.6565310000000011
0
LINE
8
BLACK
6
CONTINUOUS
10
214.2475570000000005
20
-90.6565310000000011
11
214.2531749999999988
21
-90.9039489999999972
0
LINE
8
BLACK
6
CONTINUOUS
10
214.2531749999999988
20
-90.9039489999999972
11
214.2531749999999988
21
-92.1639979999999923
0
LINE
8
BLACK
6
CONTINUOUS
10
214.2531749999999988
20
-92.1639979999999923
11
214.2386909999999887
21
-92.3396159999999924
0
LINE
8
BLACK
6
CONTINUOUS
10
214.2386909999999887
20
-92.3396159999999924
11
214.2020809999999926
21
-92.4540879999999987
0
LINE
8
BLACK
6
CONTINUOUS
10
214.2020809999999926
20
-92.4540879999999987
11
214.1498599999999897
21
-92.5254779999999926
0
LINE
8
BLACK
6
CONTINUOUS
10
214.1498599999999897
20
-92.5254779999999926
11
214.0739599999999996
21
-92.5725769999999955
0
LINE
8
BLACK
6
CONTINUOUS
10
214.0739599999999996
20
-92.5725769999999955
11
213.9501729999999782
21
-92.6064519999999902
0
LINE
8
BLACK
6
CONTINUOUS
10
213.9501729999999782
20
-92.6064519999999902
11
213.7583389999999781
21
-92.6199999999999903
0
LINE
8
BLACK
6
CONTINUOUS
10
213.7583389999999781
20
-92.6199999999999903
11
211.8893919999999866
21
-92.6199999999999903
0
LINE
8
BLACK
6
CONTINUOUS
10
211.8893919999999866
20
-92.6199999999999903
11
211.6185270000000003
21
-92.5972849999999994
0
LINE
8
BLACK
6
CONTINUOUS
10
211.6185270000000003
20
-92.5972849999999994
11
211.5196219999999983
21
-92.564464000000001
0
LINE
8
BLACK
6
CONTINUOUS
10
211.5196219999999983
20
-92.564464000000001
11
211.4502439999999979
21
-92.5171729999999997
0
LINE
8
BLACK
6
CONTINUOUS
10
211.4502439999999979
20
-92.5171729999999997
11
211.4002029999999763
21
-92.4510259999999988
0
LINE
8
BLACK
6
CONTINUOUS
10
211.4002029999999763
20
-92.4510259999999988
11
211.3669569999999851
21
-92.3598810000000014
0
LINE
8
BLACK
6
CONTINUOUS
10
211.3669569999999851
20
-92.3598810000000014
11
211.34424199999998
21
-92.1024489999999929
0
LINE
8
BLACK
6
CONTINUOUS
10
211.34424199999998
20
-92.1024489999999929
11
211.34424199999998
21
-91.7456099999999992
0
LINE
8
BLACK
6
CONTINUOUS
10
211.34424199999998
20
-91.7456099999999992
11
211.34424199999998
21
-91.2246399999999937
0
LINE
8
BLACK
6
CONTINUOUS
10
211.34424199999998
20
-91.2246399999999937
11
211.34424199999998
21
-90.7525189999999924
0
LINE
8
BLACK
6
CONTINUOUS
10
211.34424199999998
20
-90.7525189999999924
11
211.3577329999999961
21
-90.5794849999999911
0
LINE
8
BLACK
6
CONTINUOUS
10
211.3577329999999961
20
-90.5794849999999911
11
211.3899159999999995
21
-90.4801879999999983
0
LINE
8
BLACK
6
CONTINUOUS
10
211.3899159999999995
20
-90.4801879999999983
11
211.4518410000000017
21
-90.4007900000000006
0
LINE
8
BLACK
6
CONTINUOUS
10
211.4518410000000017
20
-90.4007900000000006
11
211.5665029999999831
21
-90.3148359999999997
0
LINE
8
BLACK
6
CONTINUOUS
10
211.5665029999999831
20
-90.3148359999999997
11
211.6712839999999858
21
-90.2484010000000012
0
LINE
8
BLACK
6
CONTINUOUS
10
211.6712839999999858
20
-90.2484010000000012
11
211.7252609999999891
21
-90.1780600000000021
0
LINE
8
BLACK
6
CONTINUOUS
10
211.7252609999999891
20
-90.1780600000000021
11
211.7472429999999974
21
-90.062776999999997
0
LINE
8
BLACK
6
CONTINUOUS
10
211.7472429999999974
20
-90.062776999999997
11
211.7528609999999958
21
-89.8732439999999997
0
LINE
8
BLACK
6
CONTINUOUS
10
211.7528609999999958
20
-89.8732439999999997
11
211.7528609999999958
21
-89.83758499999999
0
LINE
8
BLACK
6
CONTINUOUS
10
211.7528609999999958
20
-89.83758499999999
11
211.7528609999999958
21
-89.419440999999992
0
LINE
8
BLACK
6
CONTINUOUS
10
211.7528609999999958
20
-89.419440999999992
11
211.7726439999999855
21
-89.142957999999993
0
LINE
8
BLACK
6
CONTINUOUS
10
211.7726439999999855
20
-89.142957999999993
11
211.8019129999999848
21
-89.0435879999999997
0
LINE
8
BLACK
6
CONTINUOUS
10
211.8019129999999848
20
-89.0435879999999997
11
211.8442069999999831
21
-88.9746749999999906
0
LINE
8
BLACK
6
CONTINUOUS
10
211.8442069999999831
20
-88.9746749999999906
11
211.9047799999999881
21
-88.9244070000000022
0
LINE
8
BLACK
6
CONTINUOUS
10
211.9047799999999881
20
-88.9244070000000022
11
211.990019999999987
21
-88.891143999999997
0
LINE
8
BLACK
6
CONTINUOUS
10
211.990019999999987
20
-88.891143999999997
11
212.2305999999999813
21
-88.8684289999999919
0
LINE
8
BLACK
6
CONTINUOUS
10
212.2305999999999813
20
-88.8684289999999919
11
213.3331119999999999
21
-88.8684289999999919
0
LINE
8
BLACK
6
CONTINUOUS
10
213.3331119999999999
20
-88.8684289999999919
11
213.5846819999999866
21
-88.891143999999997
0
LINE
8
BLACK
6
CONTINUOUS
10
212.0232369999999946
20
-90.8233489999999932
11
211.9562569999999937
21
-90.8479399999999941
0
LINE
8
BLACK
6
CONTINUOUS
10
211.9562569999999937
20
-90.8479399999999941
11
211.908931999999993
21
-90.8856309999999894
0
LINE
8
BLACK
6
CONTINUOUS
10
211.908931999999993
20
-90.8856309999999894
11
211.8757599999999854
21
-90.9378489999999999
0
LINE
8
BLACK
6
CONTINUOUS
10
211.8757599999999854
20
-90.9378489999999999
11
211.8520230000000026
21
-91.0138589999999965
0
LINE
8
BLACK
6
CONTINUOUS
10
211.8520230000000026
20
-91.0138589999999965
11
211.8356589999999926
21
-91.2246399999999937
0
LINE
8
BLACK
6
CONTINUOUS
10
211.8356589999999926
20
-91.2246399999999937
11
211.8356589999999926
21
-91.7456099999999992
0
LINE
8
BLACK
6
CONTINUOUS
10
211.8356589999999926
20
-91.7456099999999992
11
211.8576520000000016
21
-91.96450999999999
0
LINE
8
BLACK
6
CONTINUOUS
10
211.8576520000000016
20
-91.96450999999999
11
211.9060010000000034
21
-92.0621489999999909
0
LINE
8
BLACK
6
CONTINUOUS
10
211.9060010000000034
20
-92.0621489999999909
11
211.9997899999999902
21
-92.1128980000000013
0
LINE
8
BLACK
6
CONTINUOUS
10
211.9997899999999902
20
-92.1128980000000013
11
212.2027559999999937
21
-92.1354219999999913
0
LINE
8
BLACK
6
CONTINUOUS
10
212.2027559999999937
20
-92.1354219999999913
11
212.829482999999982
21
-92.1354219999999913
0
LINE
8
BLACK
6
CONTINUOUS
10
212.829482999999982
20
-92.1354219999999913
11
213.1157359999999983
21
-92.1244310000000013
0
LINE
8
BLACK
6
CONTINUOUS
10
213.1157359999999983
20
-92.1244310000000013
11
213.2097349999999949
21
-92.1030969999999911
0
LINE
8
BLACK
6
CONTINUOUS
10
213.2097349999999949
20
-92.1030969999999911
11
213.2718069999999955
21
-92.0672780000000017
0
LINE
8
BLACK
6
CONTINUOUS
10
213.2718069999999955
20
-92.0672780000000017
11
213.3147179999999992
21
-92.0128509999999977
0
LINE
8
BLACK
6
CONTINUOUS
10
213.3147179999999992
20
-92.0128509999999977
11
213.3394619999999975
21
-91.9336769999999888
0
LINE
8
BLACK
6
CONTINUOUS
10
213.3394619999999975
20
-91.9336769999999888
11
213.353383999999977
21
-91.6838169999999906
0
LINE
8
BLACK
6
CONTINUOUS
10
213.353383999999977
20
-91.6838169999999906
11
213.353383999999977
21
-91.2246399999999937
0
LINE
8
BLACK
6
CONTINUOUS
10
213.353383999999977
20
-91.2246399999999937
11
213.3394619999999975
21
-91.0031120000000016
0
LINE
8
BLACK
6
CONTINUOUS
10
213.3394619999999975
20
-91.0031120000000016
11
213.3166129999999896
21
-90.928143999999989
0
LINE
8
BLACK
6
CONTINUOUS
10
213.3166129999999896
20
-90.928143999999989
11
213.2798669999999959
21
-90.877570999999989
0
LINE
8
BLACK
6
CONTINUOUS
10
213.2798669999999959
20
-90.877570999999989
11
213.2269729999999868
21
-90.8429089999999917
0
LINE
8
BLACK
6
CONTINUOUS
10
213.2269729999999868
20
-90.8429089999999917
11
213.1489529999999775
21
-90.8206619999999987
0
LINE
8
BLACK
6
CONTINUOUS
10
213.1489529999999775
20
-90.8206619999999987
11
212.9244939999999815
21
-90.8067410000000024
0
LINE
8
BLACK
6
CONTINUOUS
10
212.9244939999999815
20
-90.8067410000000024
11
212.2193639999999846
21
-90.8067410000000024
0
LINE
8
BLACK
6
CONTINUOUS
10
212.2193639999999846
20
-90.8067410000000024
11
212.0232369999999946
21
-90.8233489999999932
0
LINE
8
BLACK
6
CONTINUOUS
10
212.4123160000000041
20
-89.369371000000001
11
212.3480830000000026
21
-89.3943680000000001
0
LINE
8
BLACK
6
CONTINUOUS
10
212.3480830000000026
20
-89.3943680000000001
11
212.300941999999992
21
-89.4343399999999917
0
LINE
8
BLACK
6
CONTINUOUS
10
212.300941999999992
20
-89.4343399999999917
11
212.2694149999999809
21
-89.4906539999999922
0
LINE
8
BLACK
6
CONTINUOUS
10
212.2694149999999809
20
-89.4906539999999922
11
212.2494059999999934
21
-89.5794199999999989
0
LINE
8
BLACK
6
CONTINUOUS
10
212.2494059999999934
20
-89.5794199999999989
11
212.2384150000000034
21
-89.83758499999999
0
LINE
8
BLACK
6
CONTINUOUS
10
212.2384150000000034
20
-89.83758499999999
11
212.2494059999999934
21
-90.0959939999999904
0
LINE
8
BLACK
6
CONTINUOUS
10
212.2494059999999934
20
-90.0959939999999904
11
212.2693950000000029
21
-90.184584000000001
0
LINE
8
BLACK
6
CONTINUOUS
10
212.2693950000000029
20
-90.184584000000001
11
212.300941999999992
21
-90.2410739999999976
0
LINE
8
BLACK
6
CONTINUOUS
10
212.300941999999992
20
-90.2410739999999976
11
212.3480619999999988
21
-90.2808529999999934
0
LINE
8
BLACK
6
CONTINUOUS
10
212.3480619999999988
20
-90.2808529999999934
11
212.4123160000000041
21
-90.3057989999999933
0
LINE
8
BLACK
6
CONTINUOUS
10
212.4123160000000041
20
-90.3057989999999933
11
212.6111300000000028
21
-90.3221629999999891
0
LINE
8
BLACK
6
CONTINUOUS
10
212.6111300000000028
20
-90.3221629999999891
11
212.9860429999999951
21
-90.3221629999999891
0
LINE
8
BLACK
6
CONTINUOUS
10
212.9860429999999951
20
-90.3221629999999891
11
213.1821699999999851
21
-90.3057989999999933
0
LINE
8
BLACK
6
CONTINUOUS
10
213.1821699999999851
20
-90.3057989999999933
11
213.2483879999999772
21
-90.2805570000000017
0
LINE
8
BLACK
6
CONTINUOUS
10
213.2483879999999772
20
-90.2805570000000017
11
213.2935449999999946
21
-90.2410739999999976
0
LINE
8
BLACK
6
CONTINUOUS
10
213.2935449999999946
20
-90.2410739999999976
11
213.3230069999999898
21
-90.1848480000000023
0
LINE
8
BLACK
6
CONTINUOUS
10
213.3230069999999898
20
-90.1848480000000023
11
213.3421489999999778
21
-90.0959939999999904
0
LINE
8
BLACK
6
CONTINUOUS
10
213.3421489999999778
20
-90.0959939999999904
11
213.353383999999977
21
-89.83758499999999
0
LINE
8
BLACK
6
CONTINUOUS
10
213.353383999999977
20
-89.83758499999999
11
213.3421489999999778
21
-89.5794199999999989
0
LINE
8
BLACK
6
CONTINUOUS
10
213.3421489999999778
20
-89.5794199999999989
11
213.3229869999999835
21
-89.4903889999999933
0
LINE
8
BLACK
6
CONTINUOUS
10
213.3229869999999835
20
-89.4903889999999933
11
213.2935449999999946
21
-89.4343399999999917
0
LINE
8
BLACK
6
CONTINUOUS
10
213.2935449999999946
20
-89.4343399999999917
11
213.2483660000000043
21
-89.3946639999999917
0
LINE
8
BLACK
6
CONTINUOUS
10
213.2483660000000043
20
-89.3946639999999917
11
213.1821699999999851
21
-89.369371000000001
0
LINE
8
BLACK
6
CONTINUOUS
10
213.1821699999999851
20
-89.369371000000001
11
212.9860429999999951
21
-89.353006999999991
0
LINE
8
BLACK
6
CONTINUOUS
10
212.9860429999999951
20
-89.353006999999991
11
212.6111300000000028
21
-89.353006999999991
0
LINE
8
BLACK
6
CONTINUOUS
10
212.6111300000000028
20
-89.353006999999991
11
212.4123160000000041
21
-89.369371000000001
0
LINE
8
BLACK
6
CONTINUOUS
10
209.6323219999999878
20
-82.2767549999999943
11
209.7266569999999888
21
-82.3090430000000026
0
LINE
8
BLACK
6
CONTINUOUS
10
209.7266569999999888
20
-82.3090430000000026
11
209.7841319999999996
21
-82.3699319999999915
0
LINE
8
BLACK
6
CONTINUOUS
10
209.7841319999999996
20
-82.3699319999999915
11
209.805059
21
-82.4709759999999932
0
LINE
8
BLACK
6
CONTINUOUS
10
209.805059
20
-82.4709759999999932
11
209.7834499999999878
21
-82.5811729999999926
0
LINE
8
BLACK
6
CONTINUOUS
10
209.7834499999999878
20
-82.5811729999999926
11
209.7264129999999795
21
-82.6414580000000001
0
LINE
8
BLACK
6
CONTINUOUS
10
209.7264129999999795
20
-82.6414580000000001
11
209.6323519999999974
21
-82.6714970000000022
0
LINE
8
BLACK
6
CONTINUOUS
10
209.6323519999999974
20
-82.6714970000000022
11
209.4504179999999849
21
-82.6846889999999917
0
LINE
8
BLACK
6
CONTINUOUS
10
209.4504179999999849
20
-82.6846889999999917
11
209.0137119999999982
21
-82.6846889999999917
0
LINE
8
BLACK
6
CONTINUOUS
10
209.0137119999999982
20
-82.6846889999999917
11
208.8458919999999921
21
-82.7009619999999899
0
LINE
8
BLACK
6
CONTINUOUS
10
208.8458919999999921
20
-82.7009619999999899
11
208.7758189999999843
21
-82.7357360000000028
0
LINE
8
BLACK
6
CONTINUOUS
10
208.7758189999999843
20
-82.7357360000000028
11
208.7412239999999883
21
-82.8060660000000013
0
LINE
8
BLACK
6
CONTINUOUS
10
208.7412239999999883
20
-82.8060660000000013
11
208.7250169999999798
21
-82.9746049999999968
0
LINE
8
BLACK
6
CONTINUOUS
10
208.7250169999999798
20
-82.9746049999999968
11
208.7250169999999798
21
-83.0026929999999936
0
LINE
8
BLACK
6
CONTINUOUS
10
208.7250169999999798
20
-83.0026929999999936
11
208.7349669999999833
21
-83.1233719999999892
0
LINE
8
BLACK
6
CONTINUOUS
10
208.7349669999999833
20
-83.1233719999999892
11
208.7570130000000006
21
-83.1807459999999992
0
LINE
8
BLACK
6
CONTINUOUS
10
208.7570130000000006
20
-83.1807459999999992
11
208.8024499999999932
21
-83.2178550000000001
0
LINE
8
BLACK
6
CONTINUOUS
10
208.8024499999999932
20
-83.2178550000000001
11
208.9038029999999821
21
-83.2532860000000028
0
LINE
8
BLACK
6
CONTINUOUS
10
208.9038029999999821
20
-83.2532860000000028
11
209.0093219999999974
21
-83.2977860000000021
0
LINE
8
BLACK
6
CONTINUOUS
10
209.0093219999999974
20
-83.2977860000000021
11
209.0593849999999918
21
-83.3463429999999903
0
LINE
8
BLACK
6
CONTINUOUS
10
209.0593849999999918
20
-83.3463429999999903
11
209.0833360000000027
21
-83.4193379999999962
0
LINE
8
BLACK
6
CONTINUOUS
10
209.0833360000000027
20
-83.4193379999999962
11
209.0943120000000022
21
-83.5754429999999928
0
LINE
8
BLACK
6
CONTINUOUS
10
209.0943120000000022
20
-83.5754429999999928
11
209.0943120000000022
21
-84.4346889999999917
0
LINE
8
BLACK
6
CONTINUOUS
10
209.0943120000000022
20
-84.4346889999999917
11
209.080145999999985
21
-84.6752680000000026
0
LINE
8
BLACK
6
CONTINUOUS
10
209.080145999999985
20
-84.6752680000000026
11
209.0575159999999926
21
-84.7624929999999921
0
LINE
8
BLACK
6
CONTINUOUS
10
209.0575159999999926
20
-84.7624929999999921
11
209.0225049999999953
21
-84.8245009999999979
0
LINE
8
BLACK
6
CONTINUOUS
10
209.0225049999999953
20
-84.8245009999999979
11
208.9721339999999827
21
-84.8704939999999937
0
LINE
8
BLACK
6
CONTINUOUS
10
208.9721339999999827
20
-84.8704939999999937
11
208.9045349999999814
21
-84.8999719999999911
0
LINE
8
BLACK
6
CONTINUOUS
10
208.9045349999999814
20
-84.8999719999999911
11
208.7115839999999878
21
-84.9200000000000017
0
LINE
8
BLACK
6
CONTINUOUS
10
208.7115839999999878
20
-84.9200000000000017
11
208.5490889999999808
21
-84.910460999999998
0
LINE
8
BLACK
6
CONTINUOUS
10
208.5490889999999808
20
-84.910460999999998
11
208.4590359999999976
21
-84.8882479999999902
0
LINE
8
BLACK
6
CONTINUOUS
10
208.4590359999999976
20
-84.8882479999999902
11
208.3909039999999777
21
-84.843001000000001
0
LINE
8
BLACK
6
CONTINUOUS
10
208.3909039999999777
20
-84.843001000000001
11
208.335205000000002
21
-84.7641729999999995
0
LINE
8
BLACK
6
CONTINUOUS
10
208.335205000000002
20
-84.7641729999999995
11
208.3063849999999775
21
-84.652553999999995
0
LINE
8
BLACK
6
CONTINUOUS
10
208.3063849999999775
20
-84.652553999999995
11
208.3007669999999791
21
-84.4354220000000026
0
LINE
8
BLACK
6
CONTINUOUS
10
208.3007669999999791
20
-84.4354220000000026
11
208.3007669999999791
21
-82.7135099999999994
0
LINE
8
BLACK
6
CONTINUOUS
10
208.3007669999999791
20
-82.7135099999999994
11
208.3149329999999964
21
-82.4785479999999893
0
LINE
8
BLACK
6
CONTINUOUS
10
208.3149329999999964
20
-82.4785479999999893
11
208.3391069999999843
21
-82.3977029999999928
0
LINE
8
BLACK
6
CONTINUOUS
10
208.3391069999999843
20
-82.3977029999999928
11
208.3786810000000003
21
-82.340795
0
LINE
8
BLACK
6
CONTINUOUS
10
208.3786810000000003
20
-82.340795
11
208.435387999999989
21
-82.3009219999999999
0
LINE
8
BLACK
6
CONTINUOUS
10
208.435387999999989
20
-82.3009219999999999
11
208.5135029999999858
21
-82.2770479999999935
0
LINE
8
BLACK
6
CONTINUOUS
10
208.5135029999999858
20
-82.2770479999999935
11
208.7396719999999846
21
-82.262636999999998
0
LINE
8
BLACK
6
CONTINUOUS
10
208.7396719999999846
20
-82.262636999999998
11
209.4504179999999849
21
-82.262636999999998
0
LINE
8
BLACK
6
CONTINUOUS
10
209.4504179999999849
20
-82.262636999999998
11
209.6323219999999878
21
-82.2767549999999943
0
LINE
8
BLACK
6
CONTINUOUS
10
212.0525769999999852
20
-81.1738
11
212.1126649999999927
21
-81.2285129999999924
0
LINE
8
BLACK
6
CONTINUOUS
10
212.1126649999999927
20
-81.2285129999999924
11
212.1427779999999927
21
-81.3203850000000017
0
LINE
8
BLACK
6
CONTINUOUS
10
212.1427779999999927
20
-81.3203850000000017
11
212.1561399999999935
21
-81.5027979999999985
0
LINE
8
BLACK
6
CONTINUOUS
10
212.1561399999999935
20
-81.5027979999999985
11
212.1561399999999935
21
-84.4803619999999995
0
LINE
8
BLACK
6
CONTINUOUS
10
212.1561399999999935
20
-84.4803619999999995
11
212.1390429999999867
21
-84.6957850000000008
0
LINE
8
BLACK
6
CONTINUOUS
10
212.1390429999999867
20
-84.6957850000000008
11
212.1129259999999874
21
-84.7743479999999892
0
LINE
8
BLACK
6
CONTINUOUS
10
212.1129259999999874
20
-84.7743479999999892
11
212.0726089999999999
21
-84.8308509999999956
0
LINE
8
BLACK
6
CONTINUOUS
10
212.0726089999999999
20
-84.8308509999999956
11
212.0168259999999805
21
-84.8717910000000018
0
LINE
8
BLACK
6
CONTINUOUS
10
212.0168259999999805
20
-84.8717910000000018
11
211.9409629999999822
21
-84.8999719999999911
0
LINE
8
BLACK
6
CONTINUOUS
10
211.9409629999999822
20
-84.8999719999999911
11
211.728714999999994
21
-84.9200000000000017
0
LINE
8
BLACK
6
CONTINUOUS
10
211.728714999999994
20
-84.9200000000000017
11
210.5255750000000035
21
-84.9200000000000017
0
LINE
8
BLACK
6
CONTINUOUS
10
210.5255750000000035
20
-84.9200000000000017
11
210.3020929999999851
21
-84.9058330000000012
0
LINE
8
BLACK
6
CONTINUOUS
10
210.3020929999999851
20
-84.9058330000000012
11
210.2219249999999988
21
-84.8815510000000017
0
LINE
8
BLACK
6
CONTINUOUS
10
210.2219249999999988
20
-84.8815510000000017
11
210.1672709999999995
21
-84.8420859999999948
0
LINE
8
BLACK
6
CONTINUOUS
10
210.1672709999999995
20
-84.8420859999999948
11
210.1292129999999929
21
-84.7856749999999977
0
LINE
8
BLACK
6
CONTINUOUS
10
210.1292129999999929
20
-84.7856749999999977
11
210.1037680000000023
21
-84.70702
0
LINE
8
BLACK
6
CONTINUOUS
10
210.1037680000000023
20
-84.70702
11
210.0866709999999955
21
-84.4803619999999995
0
LINE
8
BLACK
6
CONTINUOUS
10
210.0866709999999955
20
-84.4803619999999995
11
210.0866709999999955
21
-83.1314089999999908
0
LINE
8
BLACK
6
CONTINUOUS
10
210.0866709999999955
20
-83.1314089999999908
11
210.0866709999999955
21
-82.9741169999999926
0
LINE
8
BLACK
6
CONTINUOUS
10
210.0866709999999955
20
-82.9741169999999926
11
210.0866709999999955
21
-82.7078920000000011
0
LINE
8
BLACK
6
CONTINUOUS
10
210.0866709999999955
20
-82.7078920000000011
11
210.1008369999999843
21
-82.4785479999999893
0
LINE
8
BLACK
6
CONTINUOUS
10
210.1008369999999843
20
-82.4785479999999893
11
210.1250100000000032
21
-82.3977029999999928
0
LINE
8
BLACK
6
CONTINUOUS
10
210.1250100000000032
20
-82.3977029999999928
11
210.1645839999999907
21
-82.340795
0
LINE
8
BLACK
6
CONTINUOUS
10
210.1645839999999907
20
-82.340795
11
210.221291999999977
21
-82.3009219999999999
0
LINE
8
BLACK
6
CONTINUOUS
10
210.221291999999977
20
-82.3009219999999999
11
210.2994059999999763
21
-82.2770479999999935
0
LINE
8
BLACK
6
CONTINUOUS
10
210.2994059999999763
20
-82.2770479999999935
11
210.5255750000000035
21
-82.262636999999998
0
LINE
8
BLACK
6
CONTINUOUS
10
210.5255750000000035
20
-82.262636999999998
11
211.4825189999999964
21
-82.262636999999998
0
LINE
8
BLACK
6
CONTINUOUS
10
211.4825189999999964
20
-82.262636999999998
11
211.6198559999999986
21
-82.2470769999999902
0
LINE
8
BLACK
6
CONTINUOUS
10
211.6198559999999986
20
-82.2470769999999902
11
211.6837749999999971
21
-82.2118349999999936
0
LINE
8
BLACK
6
CONTINUOUS
10
211.6837749999999971
20
-82.2118349999999936
11
211.7174739999999815
21
-82.1463229999999953
0
LINE
8
BLACK
6
CONTINUOUS
10
211.7174739999999815
20
-82.1463229999999953
11
211.7321349999999995
21
-82.0125329999999906
0
LINE
8
BLACK
6
CONTINUOUS
10
211.7321349999999995
20
-82.0125329999999906
11
211.7321349999999995
21
-81.5025539999999893
0
LINE
8
BLACK
6
CONTINUOUS
10
211.7321349999999995
20
-81.5025539999999893
11
211.7463479999999834
21
-81.3205909999999932
0
LINE
8
BLACK
6
CONTINUOUS
10
211.7463479999999834
20
-81.3205909999999932
11
211.7785409999999899
21
-81.2285129999999924
0
LINE
8
BLACK
6
CONTINUOUS
10
211.7785409999999899
20
-81.2285129999999924
11
211.8394169999999974
21
-81.1731570000000033
0
LINE
8
BLACK
6
CONTINUOUS
10
211.8394169999999974
20
-81.1731570000000033
11
211.9412069999999915
21
-81.15279799999999
0
LINE
8
BLACK
6
CONTINUOUS
10
211.9412069999999915
20
-81.15279799999999
11
212.0525769999999852
21
-81.1738
0
LINE
8
BLACK
6
CONTINUOUS
10
210.63179599999998
20
-82.7009619999999899
11
210.5617230000000006
21
-82.7357360000000028
0
LINE
8
BLACK
6
CONTINUOUS
10
210.5617230000000006
20
-82.7357360000000028
11
210.5271329999999921
21
-82.8058339999999902
0
LINE
8
BLACK
6
CONTINUOUS
10
210.5271329999999921
20
-82.8058339999999902
11
210.5109209999999962
21
-82.9741169999999926
0
LINE
8
BLACK
6
CONTINUOUS
10
210.5109209999999962
20
-82.9741169999999926
11
210.5109209999999962
21
-83.1314089999999908
0
LINE
8
BLACK
6
CONTINUOUS
10
210.5109209999999962
20
-83.1314089999999908
11
210.5208749999999895
21
-83.2518369999999948
0
LINE
8
BLACK
6
CONTINUOUS
10
210.5208749999999895
20
-83.2518369999999948
11
210.5429159999999911
21
-83.3089739999999921
0
LINE
8
BLACK
6
CONTINUOUS
10
210.5429159999999911
20
-83.3089739999999921
11
210.5883499999999913
21
-83.3461300000000023
0
LINE
8
BLACK
6
CONTINUOUS
10
210.5883499999999913
20
-83.3461300000000023
11
210.689706000000001
21
-83.3817579999999907
0
LINE
8
BLACK
6
CONTINUOUS
10
210.689706000000001
20
-83.3817579999999907
11
210.7952259999999853
21
-83.42625799999999
0
LINE
8
BLACK
6
CONTINUOUS
10
210.7952259999999853
20
-83.42625799999999
11
210.8452889999999798
21
-83.4748149999999924
0
LINE
8
BLACK
6
CONTINUOUS
10
210.8452889999999798
20
-83.4748149999999924
11
210.8692350000000033
21
-83.5475699999999932
0
LINE
8
BLACK
6
CONTINUOUS
10
210.8692350000000033
20
-83.5475699999999932
11
210.8802159999999901
21
-83.7034259999999932
0
LINE
8
BLACK
6
CONTINUOUS
10
210.8802159999999901
20
-83.7034259999999932
11
210.8802159999999901
21
-84.2085199999999929
0
LINE
8
BLACK
6
CONTINUOUS
10
210.8802159999999901
20
-84.2085199999999929
11
210.8882759999999905
21
-84.3660569999999979
0
LINE
8
BLACK
6
CONTINUOUS
10
210.8882759999999905
20
-84.3660569999999979
11
210.9031499999999824
21
-84.4178909999999973
0
LINE
8
BLACK
6
CONTINUOUS
10
210.9031499999999824
20
-84.4178909999999973
11
210.9280869999999766
21
-84.4525189999999952
0
LINE
8
BLACK
6
CONTINUOUS
10
210.9280869999999766
20
-84.4525189999999952
11
211.0169919999999877
21
-84.4898879999999934
0
LINE
8
BLACK
6
CONTINUOUS
10
211.0169919999999877
20
-84.4898879999999934
11
211.1745279999999809
21
-84.4979479999999938
0
LINE
8
BLACK
6
CONTINUOUS
10
211.1745279999999809
20
-84.4979479999999938
11
211.4431960000000004
21
-84.4979479999999938
0
LINE
8
BLACK
6
CONTINUOUS
10
211.4431960000000004
20
-84.4979479999999938
11
211.594869999999986
21
-84.4869569999999896
0
LINE
8
BLACK
6
CONTINUOUS
10
211.594869999999986
20
-84.4869569999999896
11
211.684018999999978
21
-84.4469009999999969
0
LINE
8
BLACK
6
CONTINUOUS
10
211.684018999999978
20
-84.4469009999999969
11
211.7098849999999857
21
-84.4122599999999892
0
LINE
8
BLACK
6
CONTINUOUS
10
211.7098849999999857
20
-84.4122599999999892
11
211.7267619999999795
21
-84.3604389999999995
0
LINE
8
BLACK
6
CONTINUOUS
10
211.7267619999999795
20
-84.3604389999999995
11
211.7377520000000004
21
-84.2085199999999929
0
LINE
8
BLACK
6
CONTINUOUS
10
211.7377520000000004
20
-84.2085199999999929
11
211.7377520000000004
21
-82.9741169999999926
0
LINE
8
BLACK
6
CONTINUOUS
10
211.7377520000000004
20
-82.9741169999999926
11
211.7214699999999823
21
-82.8058639999999997
0
LINE
8
BLACK
6
CONTINUOUS
10
211.7214699999999823
20
-82.8058639999999997
11
211.6867059999999867
21
-82.7357360000000028
0
LINE
8
BLACK
6
CONTINUOUS
10
211.6867059999999867
20
-82.7357360000000028
11
211.6166329999999789
21
-82.7009619999999899
0
LINE
8
BLACK
6
CONTINUOUS
10
211.6166329999999789
20
-82.7009619999999899
11
211.4488130000000012
21
-82.6846889999999917
0
LINE
8
BLACK
6
CONTINUOUS
10
211.4488130000000012
20
-82.6846889999999917
11
210.7996159999999861
21
-82.6846889999999917
0
LINE
8
BLACK
6
CONTINUOUS
10
210.7996159999999861
20
-82.6846889999999917
11
210.63179599999998
21
-82.7009619999999899
0
LINE
8
BLACK
6
CONTINUOUS
10
219.76453699999999
20
-69.6055640000000011
11
219.7970090000000027
21
-69.6380359999999996
0
LINE
8
BLACK
6
CONTINUOUS
10
219.7970090000000027
20
-69.6380359999999996
11
219.801575999999983
21
-69.6609969999999947
0
LINE
8
BLACK
6
CONTINUOUS
10
219.801575999999983
20
-69.6609969999999947
11
219.801575999999983
21
-77.3400000000000034
0
LINE
8
BLACK
6
CONTINUOUS
10
219.801575999999983
20
-77.3400000000000034
11
230.7199999999999989
21
-77.3400000000000034
0
LINE
8
BLACK
6
CONTINUOUS
10
230.7199999999999989
20
-77.3400000000000034
11
230.7429609999999798
21
-77.3445669999999978
0
LINE
8
BLACK
6
CONTINUOUS
10
230.7429609999999798
20
-77.3445669999999978
11
230.7754329999999925
21
-77.3770389999999963
0
LINE
8
BLACK
6
CONTINUOUS
10
230.7754329999999925
20
-77.3770389999999963
11
230.7800000000000011
21
-77.3999999999999915
0
LINE
8
BLACK
6
CONTINUOUS
10
230.7800000000000011
20
-77.3999999999999915
11
230.7800000000000011
21
-95.3999999999999915
0
LINE
8
BLACK
6
CONTINUOUS
10
230.7800000000000011
20
-95.3999999999999915
11
230.7754329999999925
21
-95.4229610000000008
0
LINE
8
BLACK
6
CONTINUOUS
10
230.7754329999999925
20
-95.4229610000000008
11
230.7429609999999798
21
-95.4554329999999993
0
LINE
8
BLACK
6
CONTINUOUS
10
230.7429609999999798
20
-95.4554329999999993
11
230.7199999999999989
21
-95.4599999999999937
0
LINE
8
BLACK
6
CONTINUOUS
10
230.7199999999999989
20
-95.4599999999999937
11
219.801575999999983
21
-95.4599999999999937
0
LINE
8
BLACK
6
CONTINUOUS
10
219.801575999999983
20
-95.4599999999999937
11
219.801575999999983
21
-103.260996999999989
0
LINE
8
BLACK
6
CONTINUOUS
10
219.801575999999983
20
-103.260996999999989
11
219.7970090000000027
21
-103.2839579999999984
0
LINE
8
BLACK
6
CONTINUOUS
10
219.7970090000000027
20
-103.2839579999999984
11
219.76453699999999
21
-103.3164299999999969
0
LINE
8
BLACK
6
CONTINUOUS
10
219.76453699999999
20
-103.3164299999999969
11
219.7415759999999807
21
-103.3209969999999913
0
LINE
8
BLACK
6
CONTINUOUS
10
219.7415759999999807
20
-103.3209969999999913
11
184.1615759999999966
21
-103.3209969999999913
0
LINE
8
BLACK
6
CONTINUOUS
10
184.1615759999999966
20
-103.3209969999999913
11
184.1386149999999873
21
-103.3164299999999969
0
LINE
8
BLACK
6
CONTINUOUS
10
184.1386149999999873
20
-103.3164299999999969
11
184.106143000000003
21
-103.2839579999999984
0
LINE
8
BLACK
6
CONTINUOUS
10
184.106143000000003
20
-103.2839579999999984
11
184.1015759999999943
21
-103.260996999999989
0
LINE
8
BLACK
6
CONTINUOUS
10
184.1015759999999943
20
-103.260996999999989
11
184.1015759999999943
21
-69.6609969999999947
0
LINE
8
BLACK
6
CONTINUOUS
10
184.1015759999999943
20
-69.6609969999999947
11
184.106143000000003
21
-69.6380359999999996
0
LINE
8
BLACK
6
CONTINUOUS
10
184.106143000000003
20
-69.6380359999999996
11
184.1386149999999873
21
-69.6055640000000011
0
LINE
8
BLACK
6
CONTINUOUS
10
184.1386149999999873
20
-69.6055640000000011
11
184.1615759999999966
21
-69.6009969999999925
0
LINE
8
BLACK
6
CONTINUOUS
10
184.1615759999999966
20
-69.6009969999999925
11
219.7415759999999807
21
-69.6009969999999925
0
LINE
8
BLACK
6
CONTINUOUS
10
219.7415759999999807
20
-69.6009969999999925
11
219.76453699999999
21
-69.6055640000000011
0
LINE
8
BLACK
6
CONTINUOUS
10
184.2215759999999989
20
-69.720996999999997
11
184.2215759999999989
21
-103.200997000000001
0
LINE
8
BLACK
6
CONTINUOUS
10
184.2215759999999989
20
-103.200997000000001
11
219.6815759999999784
21
-103.200997000000001
0
LINE
8
BLACK
6
CONTINUOUS
10
219.6815759999999784
20
-103.200997000000001
11
219.6815759999999784
21
-95.4599999999999937
0
LINE
8
BLACK
6
CONTINUOUS
10
219.6815759999999784
20
-95.4599999999999937
11
206.7199999999999989
21
-95.4599999999999937
0
LINE
8
BLACK
6
CONTINUOUS
10
206.7199999999999989
20
-95.4599999999999937
11
206.6970389999999895
21
-95.4554329999999993
0
LINE
8
BLACK
6
CONTINUOUS
10
206.6970389999999895
20
-95.4554329999999993
11
206.6645669999999768
21
-95.4229610000000008
0
LINE
8
BLACK
6
CONTINUOUS
10
206.6645669999999768
20
-95.4229610000000008
11
206.6599999999999966
21
-95.3999999999999915
0
LINE
8
BLACK
6
CONTINUOUS
10
206.6599999999999966
20
-95.3999999999999915
11
206.6599999999999966
21
-84.9200000000000017
0
LINE
8
BLACK
6
CONTINUOUS
10
206.6599999999999966
20
-84.9200000000000017
11
206.2386249999999848
21
-84.9200000000000017
0
LINE
8
BLACK
6
CONTINUOUS
10
206.2386249999999848
20
-84.9200000000000017
11
206.0151429999999948
21
-84.9058330000000012
0
LINE
8
BLACK
6
CONTINUOUS
10
206.0151429999999948
20
-84.9058330000000012
11
205.9349749999999801
21
-84.8815510000000017
0
LINE
8
BLACK
6
CONTINUOUS
10
205.9349749999999801
20
-84.8815510000000017
11
205.8803209999999808
21
-84.8420859999999948
0
LINE
8
BLACK
6
CONTINUOUS
10
205.8803209999999808
20
-84.8420859999999948
11
205.8422619999999768
21
-84.7856749999999977
0
LINE
8
BLACK
6
CONTINUOUS
10
205.8422619999999768
20
-84.7856749999999977
11
205.8168169999999861
21
-84.70702
0
LINE
8
BLACK
6
CONTINUOUS
10
205.8168169999999861
20
-84.70702
11
205.7997199999999793
21
-84.4803619999999995
0
LINE
8
BLACK
6
CONTINUOUS
10
205.7997199999999793
20
-84.4803619999999995
11
205.7997199999999793
21
-83.1314089999999908
0
LINE
8
BLACK
6
CONTINUOUS
10
205.7997199999999793
20
-83.1314089999999908
11
205.7997199999999793
21
-82.9741169999999926
0
LINE
8
BLACK
6
CONTINUOUS
10
205.7997199999999793
20
-82.9741169999999926
11
205.7997199999999793
21
-82.7135099999999994
0
LINE
8
BLACK
6
CONTINUOUS
10
205.7997199999999793
20
-82.7135099999999994
11
205.8138859999999966
21
-82.4785479999999893
0
LINE
8
BLACK
6
CONTINUOUS
10
205.8138859999999966
20
-82.4785479999999893
11
205.8380599999999845
21
-82.3977029999999928
0
LINE
8
BLACK
6
CONTINUOUS
10
205.8380599999999845
20
-82.3977029999999928
11
205.8776340000000005
21
-82.340795
0
LINE
8
BLACK
6
CONTINUOUS
10
205.8776340000000005
20
-82.340795
11
205.9343419999999867
21
-82.3009219999999999
0
LINE
8
BLACK
6
CONTINUOUS
10
205.9343419999999867
20
-82.3009219999999999
11
206.012455999999986
21
-82.2770479999999935
0
LINE
8
BLACK
6
CONTINUOUS
10
206.012455999999986
20
-82.2770479999999935
11
206.2386249999999848
21
-82.262636999999998
0
LINE
8
BLACK
6
CONTINUOUS
10
206.2386249999999848
20
-82.262636999999998
11
206.6599999999999966
21
-82.262636999999998
0
LINE
8
BLACK
6
CONTINUOUS
10
206.6599999999999966
20
-82.262636999999998
11
206.6599999999999966
21
-77.3999999999999915
0
LINE
8
BLACK
6
CONTINUOUS
10
206.6599999999999966
20
-77.3999999999999915
11
206.6645669999999768
21
-77.3770389999999963
0
LINE
8
BLACK
6
CONTINUOUS
10
206.6645669999999768
20
-77.3770389999999963
11
206.6970389999999895
21
-77.3445669999999978
0
LINE
8
BLACK
6
CONTINUOUS
10
206.6970389999999895
20
-77.3445669999999978
11
206.7199999999999989
21
-77.3400000000000034
0
LINE
8
BLACK
6
CONTINUOUS
10
206.7199999999999989
20
-77.3400000000000034
11
219.6815759999999784
21
-77.3400000000000034
0
LINE
8
BLACK
6
CONTINUOUS
10
219.6815759999999784
20
-77.3400000000000034
11
219.6815759999999784
21
-69.720996999999997
0
LINE
8
BLACK
6
CONTINUOUS
10
219.6815759999999784
20
-69.720996999999997
11
184.2215759999999989
21
-69.720996999999997
0
LINE
8
BLACK
6
CONTINUOUS
10
206.7800000000000011
20
-77.4599999999999937
11
206.7800000000000011
21
-82.262636999999998
0
LINE
8
BLACK
6
CONTINUOUS
10
206.7800000000000011
20
-82.262636999999998
11
207.4305300000000045
21
-82.262636999999998
0
LINE
8
BLACK
6
CONTINUOUS
10
207.4305300000000045
20
-82.262636999999998
11
207.6593849999999861
21
-82.2770479999999935
0
LINE
8
BLACK
6
CONTINUOUS
10
207.6593849999999861
20
-82.2770479999999935
11
207.7396959999999808
21
-82.3012190000000032
0
LINE
8
BLACK
6
CONTINUOUS
10
207.7396959999999808
20
-82.3012190000000032
11
207.7942070000000001
21
-82.340795
0
LINE
8
BLACK
6
CONTINUOUS
10
207.7942070000000001
20
-82.340795
11
207.831643999999983
21
-82.3974609999999927
0
LINE
8
BLACK
6
CONTINUOUS
10
207.831643999999983
20
-82.3974609999999927
11
207.855023999999986
21
-82.4785479999999893
0
LINE
8
BLACK
6
CONTINUOUS
10
207.855023999999986
20
-82.4785479999999893
11
207.8691900000000032
21
-82.7135099999999994
0
LINE
8
BLACK
6
CONTINUOUS
10
207.8691900000000032
20
-82.7135099999999994
11
207.8691900000000032
21
-84.4803619999999995
0
LINE
8
BLACK
6
CONTINUOUS
10
207.8691900000000032
20
-84.4803619999999995
11
207.8520929999999964
21
-84.70702
0
LINE
8
BLACK
6
CONTINUOUS
10
207.8520929999999964
20
-84.70702
11
207.8267829999999776
21
-84.7856479999999948
0
LINE
8
BLACK
6
CONTINUOUS
10
207.8267829999999776
20
-84.7856479999999948
11
207.7885899999999992
21
-84.8420859999999948
0
LINE
8
BLACK
6
CONTINUOUS
10
207.7885899999999992
20
-84.8420859999999948
11
207.7344970000000046
21
-84.8816709999999972
0
LINE
8
BLACK
6
CONTINUOUS
10
207.7344970000000046
20
-84.8816709999999972
11
207.6566990000000033
21
-84.9058330000000012
0
LINE
8
BLACK
6
CONTINUOUS
10
207.6566990000000033
20
-84.9058330000000012
11
207.4305300000000045
21
-84.9200000000000017
0
LINE
8
BLACK
6
CONTINUOUS
10
207.4305300000000045
20
-84.9200000000000017
11
206.7800000000000011
21
-84.9200000000000017
0
LINE
8
BLACK
6
CONTINUOUS
10
206.7800000000000011
20
-84.9200000000000017
11
206.7800000000000011
21
-90.4633740000000017
0
LINE
8
BLACK
6
CONTINUOUS
10
206.7800000000000011
20
-90.4633740000000017
11
206.8288119999999992
21
-90.4007900000000006
0
LINE
8
BLACK
6
CONTINUOUS
10
206.8288119999999992
20
-90.4007900000000006
11
206.9434749999999781
21
-90.3148359999999997
0
LINE
8
BLACK
6
CONTINUOUS
10
206.9434749999999781
20
-90.3148359999999997
11
207.0482549999999833
21
-90.2484010000000012
0
LINE
8
BLACK
6
CONTINUOUS
10
207.0482549999999833
20
-90.2484010000000012
11
207.102232999999984
21
-90.1780600000000021
0
LINE
8
BLACK
6
CONTINUOUS
10
207.102232999999984
20
-90.1780600000000021
11
207.1242139999999949
21
-90.062776999999997
0
LINE
8
BLACK
6
CONTINUOUS
10
207.1242139999999949
20
-90.062776999999997
11
207.1298319999999933
21
-89.8732439999999997
0
LINE
8
BLACK
6
CONTINUOUS
10
207.1298319999999933
20
-89.8732439999999997
11
207.1298319999999933
21
-89.83758499999999
0
LINE
8
BLACK
6
CONTINUOUS
10
207.1298319999999933
20
-89.83758499999999
11
207.1298319999999933
21
-89.419440999999992
0
LINE
8
BLACK
6
CONTINUOUS
10
207.1298319999999933
20
-89.419440999999992
11
207.1496159999999804
21
-89.142957999999993
0
LINE
8
BLACK
6
CONTINUOUS
10
207.1496159999999804
20
-89.142957999999993
11
207.1788849999999798
21
-89.0435879999999997
0
LINE
8
BLACK
6
CONTINUOUS
10
207.1788849999999798
20
-89.0435879999999997
11
207.221178999999978
21
-88.9746749999999906
0
LINE
8
BLACK
6
CONTINUOUS
10
207.221178999999978
20
-88.9746749999999906
11
207.2817519999999831
21
-88.9244070000000022
0
LINE
8
BLACK
6
CONTINUOUS
10
207.2817519999999831
20
-88.9244070000000022
11
207.366991999999982
21
-88.891143999999997
0
LINE
8
BLACK
6
CONTINUOUS
10
207.366991999999982
20
-88.891143999999997
11
207.6075709999999788
21
-88.8684289999999919
0
LINE
8
BLACK
6
CONTINUOUS
10
207.6075709999999788
20
-88.8684289999999919
11
208.7100829999999974
21
-88.8684289999999919
0
LINE
8
BLACK
6
CONTINUOUS
10
208.7100829999999974
20
-88.8684289999999919
11
208.9616529999999841
21
-88.891143999999997
0
LINE
8
BLACK
6
CONTINUOUS
10
208.9616529999999841
20
-88.891143999999997
11
209.0525449999999807
21
-88.9243879999999933
0
LINE
8
BLACK
6
CONTINUOUS
10
209.0525449999999807
20
-88.9243879999999933
11
209.1184569999999781
21
-88.9744309999999956
0
LINE
8
BLACK
6
CONTINUOUS
10
209.1184569999999781
20
-88.9744309999999956
11
209.1659249999999872
21
-89.0438639999999992
0
LINE
8
BLACK
6
CONTINUOUS
10
209.1659249999999872
20
-89.0438639999999992
11
209.1988130000000012
21
-89.142957999999993
0
LINE
8
BLACK
6
CONTINUOUS
10
209.1988130000000012
20
-89.142957999999993
11
209.221527999999978
21
-89.4140680000000003
0
LINE
8
BLACK
6
CONTINUOUS
10
209.221527999999978
20
-89.4140680000000003
11
209.221527999999978
21
-89.8676269999999988
0
LINE
8
BLACK
6
CONTINUOUS
10
209.221527999999978
20
-89.8676269999999988
11
209.2271449999999788
21
-90.048854999999989
0
LINE
8
BLACK
6
CONTINUOUS
10
209.2271449999999788
20
-90.048854999999989
11
209.248882999999978
21
-90.1616949999999946
0
LINE
8
BLACK
6
CONTINUOUS
10
209.248882999999978
20
-90.1616949999999946
11
209.2923579999999788
21
-90.234967999999995
0
LINE
8
BLACK
6
CONTINUOUS
10
209.2923579999999788
20
-90.234967999999995
11
209.3631889999999771
21
-90.2921209999999945
0
LINE
8
BLACK
6
CONTINUOUS
10
209.3631889999999771
20
-90.2921209999999945
11
209.4357289999999807
21
-90.3311999999999955
0
LINE
8
BLACK
6
CONTINUOUS
10
209.4357289999999807
20
-90.3311999999999955
11
209.5353800000000035
21
-90.4027629999999931
0
LINE
8
BLACK
6
CONTINUOUS
10
209.5353800000000035
20
-90.4027629999999931
11
209.5957080000000019
21
-90.5004599999999897
0
LINE
8
BLACK
6
CONTINUOUS
10
209.5957080000000019
20
-90.5004599999999897
11
209.624527999999998
21
-90.6565310000000011
0
LINE
8
BLACK
6
CONTINUOUS
10
209.624527999999998
20
-90.6565310000000011
11
209.6301459999999963
21
-90.9039489999999972
0
LINE
8
BLACK
6
CONTINUOUS
10
209.6301459999999963
20
-90.9039489999999972
11
209.6301459999999963
21
-92.1639979999999923
0
LINE
8
BLACK
6
CONTINUOUS
10
209.6301459999999963
20
-92.1639979999999923
11
209.6156629999999836
21
-92.3396159999999924
0
LINE
8
BLACK
6
CONTINUOUS
10
209.6156629999999836
20
-92.3396159999999924
11
209.5790529999999876
21
-92.4540879999999987
0
LINE
8
BLACK
6
CONTINUOUS
10
209.5790529999999876
20
-92.4540879999999987
11
209.5268309999999872
21
-92.5254779999999926
0
LINE
8
BLACK
6
CONTINUOUS
10
209.5268309999999872
20
-92.5254779999999926
11
209.4509319999999946
21
-92.5725769999999955
0
LINE
8
BLACK
6
CONTINUOUS
10
209.4509319999999946
20
-92.5725769999999955
11
209.3271440000000041
21
-92.6064519999999902
0
LINE
8
BLACK
6
CONTINUOUS
10
209.3271440000000041
20
-92.6064519999999902
11
209.135310000000004
21
-92.6199999999999903
0
LINE
8
BLACK
6
CONTINUOUS
10
209.135310000000004
20
-92.6199999999999903
11
207.2663639999999816
21
-92.6199999999999903
0
LINE
8
BLACK
6
CONTINUOUS
10
207.2663639999999816
20
-92.6199999999999903
11
206.9954979999999978
21
-92.5972849999999994
0
LINE
8
BLACK
6
CONTINUOUS
10
206.9954979999999978
20
-92.5972849999999994
11
206.8965929999999958
21
-92.564464000000001
0
LINE
8
BLACK
6
CONTINUOUS
10
206.8965929999999958
20
-92.564464000000001
11
206.8272149999999954
21
-92.5171729999999997
0
LINE
8
BLACK
6
CONTINUOUS
10
206.8272149999999954
20
-92.5171729999999997
11
206.7800000000000011
21
-92.4547609999999906
0
LINE
8
BLACK
6
CONTINUOUS
10
206.7800000000000011
20
-92.4547609999999906
11
206.7800000000000011
21
-95.3399999999999892
0
LINE
8
BLACK
6
CONTINUOUS
10
206.7800000000000011
20
-95.3399999999999892
11
219.6815759999999784
21
-95.3399999999999892
0
LINE
8
BLACK
6
CONTINUOUS
10
219.6815759999999784
20
-95.3399999999999892
11
219.6815759999999784
21
-77.4599999999999937
0
LINE
8
BLACK
6
CONTINUOUS
10
219.6815759999999784
20
-77.4599999999999937
11
206.7800000000000011
21
-77.4599999999999937
0
LINE
8
BLACK
6
CONTINUOUS
10
219.801575999999983
20
-77.4599999999999937
11
219.801575999999983
21
-95.3399999999999892
0
LINE
8
BLACK
6
CONTINUOUS
10
219.801575999999983
20
-95.3399999999999892
11
230.6599999999999966
21
-95.3399999999999892
0
LINE
8
BLACK
6
CONTINUOUS
10
230.6599999999999966
20
-95.3399999999999892
11
230.6599999999999966
21
-77.4599999999999937
0
LINE
8
BLACK
6
CONTINUOUS
10
230.6599999999999966
20
-77.4599999999999937
11
219.801575999999983
21
-77.4599999999999937
0
LINE
8
BLACK
6
CONTINUOUS
10
207.4002089999999896
20
-90.8233489999999932
11
207.3332279999999912
21
-90.8479399999999941
0
LINE
8
BLACK
6
CONTINUOUS
10
207.3332279999999912
20
-90.8479399999999941
11
207.2859029999999905
21
-90.8856309999999894
0
LINE
8
BLACK
6
CONTINUOUS
10
207.2859029999999905
20
-90.8856309999999894
11
207.2527309999999829
21
-90.9378489999999999
0
LINE
8
BLACK
6
CONTINUOUS
10
207.2527309999999829
20
-90.9378489999999999
11
207.2289949999999976
21
-91.0138589999999965
0
LINE
8
BLACK
6
CONTINUOUS
10
207.2289949999999976
20
-91.0138589999999965
11
207.2126299999999901
21
-91.2246399999999937
0
LINE
8
BLACK
6
CONTINUOUS
10
207.2126299999999901
20
-91.2246399999999937
11
207.2126299999999901
21
-91.7456099999999992
0
LINE
8
BLACK
6
CONTINUOUS
10
207.2126299999999901
20
-91.7456099999999992
11
207.2346239999999966
21
-91.96450999999999
0
LINE
8
BLACK
6
CONTINUOUS
10
207.2346239999999966
20
-91.96450999999999
11
207.2829720000000009
21
-92.0621489999999909
0
LINE
8
BLACK
6
CONTINUOUS
10
207.2829720000000009
20
-92.0621489999999909
11
207.3767609999999877
21
-92.1128980000000013
0
LINE
8
BLACK
6
CONTINUOUS
10
207.3767609999999877
20
-92.1128980000000013
11
207.5797269999999912
21
-92.1354219999999913
0
LINE
8
BLACK
6
CONTINUOUS
10
207.5797269999999912
20
-92.1354219999999913
11
208.2064539999999795
21
-92.1354219999999913
0
LINE
8
BLACK
6
CONTINUOUS
10
208.2064539999999795
20
-92.1354219999999913
11
208.4927069999999958
21
-92.1244310000000013
0
LINE
8
BLACK
6
CONTINUOUS
10
208.4927069999999958
20
-92.1244310000000013
11
208.5867069999999899
21
-92.1030969999999911
0
LINE
8
BLACK
6
CONTINUOUS
10
208.5867069999999899
20
-92.1030969999999911
11
208.648777999999993
21
-92.0672780000000017
0
LINE
8
BLACK
6
CONTINUOUS
10
208.648777999999993
20
-92.0672780000000017
11
208.6916899999999941
21
-92.0128509999999977
0
LINE
8
BLACK
6
CONTINUOUS
10
208.6916899999999941
20
-92.0128509999999977
11
208.7164339999999925
21
-91.9336769999999888
0
LINE
8
BLACK
6
CONTINUOUS
10
208.7164339999999925
20
-91.9336769999999888
11
208.730355000000003
21
-91.6838169999999906
0
LINE
8
BLACK
6
CONTINUOUS
10
208.730355000000003
20
-91.6838169999999906
11
208.730355000000003
21
-91.2246399999999937
0
LINE
8
BLACK
6
CONTINUOUS
10
208.730355000000003
20
-91.2246399999999937
11
208.7164339999999925
21
-91.0031120000000016
0
LINE
8
BLACK
6
CONTINUOUS
10
208.7164339999999925
20
-91.0031120000000016
11
208.6935839999999871
21
-90.928143999999989
0
LINE
8
BLACK
6
CONTINUOUS
10
208.6935839999999871
20
-90.928143999999989
11
208.6568379999999934
21
-90.877570999999989
0
LINE
8
BLACK
6
CONTINUOUS
10
208.6568379999999934
20
-90.877570999999989
11
208.6039449999999817
21
-90.8429089999999917
0
LINE
8
BLACK
6
CONTINUOUS
10
208.6039449999999817
20
-90.8429089999999917
11
208.5259240000000034
21
-90.8206619999999987
0
LINE
8
BLACK
6
CONTINUOUS
10
208.5259240000000034
20
-90.8206619999999987
11
208.301464999999979
21
-90.8067410000000024
0
LINE
8
BLACK
6
CONTINUOUS
10
208.301464999999979
20
-90.8067410000000024
11
207.5963359999999795
21
-90.8067410000000024
0
LINE
8
BLACK
6
CONTINUOUS
10
207.5963359999999795
20
-90.8067410000000024
11
207.4002089999999896
21
-90.8233489999999932
0
LINE
8
BLACK
6
CONTINUOUS
10
207.7892879999999991
20
-89.369371000000001
11
207.7250540000000001
21
-89.3943680000000001
0
LINE
8
BLACK
6
CONTINUOUS
10
207.7250540000000001
20
-89.3943680000000001
11
207.6779129999999896
21
-89.4343399999999917
0
LINE
8
BLACK
6
CONTINUOUS
10
207.6779129999999896
20
-89.4343399999999917
11
207.6463870000000043
21
-89.4906539999999922
0
LINE
8
BLACK
6
CONTINUOUS
10
207.6463870000000043
20
-89.4906539999999922
11
207.6263779999999883
21
-89.5794199999999989
0
LINE
8
BLACK
6
CONTINUOUS
10
207.6263779999999883
20
-89.5794199999999989
11
207.6153869999999984
21
-89.83758499999999
0
LINE
8
BLACK
6
CONTINUOUS
10
207.6153869999999984
20
-89.83758499999999
11
207.6263779999999883
21
-90.0959939999999904
0
LINE
8
BLACK
6
CONTINUOUS
10
207.6263779999999883
20
-90.0959939999999904
11
207.6463660000000004
21
-90.184584000000001
0
LINE
8
BLACK
6
CONTINUOUS
10
207.6463660000000004
20
-90.184584000000001
11
207.6779129999999896
21
-90.2410739999999976
0
LINE
8
BLACK
6
CONTINUOUS
10
207.6779129999999896
20
-90.2410739999999976
11
207.7250339999999937
21
-90.2808529999999934
0
LINE
8
BLACK
6
CONTINUOUS
10
207.7250339999999937
20
-90.2808529999999934
11
207.7892879999999991
21
-90.3057989999999933
0
LINE
8
BLACK
6
CONTINUOUS
10
207.7892879999999991
20
-90.3057989999999933
11
207.9881010000000003
21
-90.3221629999999891
0
LINE
8
BLACK
6
CONTINUOUS
10
207.9881010000000003
20
-90.3221629999999891
11
208.3630139999999926
21
-90.3221629999999891
0
LINE
8
BLACK
6
CONTINUOUS
10
208.3630139999999926
20
-90.3221629999999891
11
208.5591409999999826
21
-90.3057989999999933
0
LINE
8
BLACK
6
CONTINUOUS
10
208.5591409999999826
20
-90.3057989999999933
11
208.6253600000000006
21
-90.2805570000000017
0
LINE
8
BLACK
6
CONTINUOUS
10
208.6253600000000006
20
-90.2805570000000017
11
208.6705159999999921
21
-90.2410739999999976
0
LINE
8
BLACK
6
CONTINUOUS
10
208.6705159999999921
20
-90.2410739999999976
11
208.6999789999999848
21
-90.1848480000000023
0
LINE
8
BLACK
6
CONTINUOUS
10
208.6999789999999848
20
-90.1848480000000023
11
208.7191200000000038
21
-90.0959939999999904
0
LINE
8
BLACK
6
CONTINUOUS
10
208.7191200000000038
20
-90.0959939999999904
11
208.730355000000003
21
-89.83758499999999
0
LINE
8
BLACK
6
CONTINUOUS
10
208.730355000000003
20
-89.83758499999999
11
208.7191200000000038
21
-89.5794199999999989
0
LINE
8
BLACK
6
CONTINUOUS
10
208.7191200000000038
20
-89.5794199999999989
11
208.6999589999999785
21
-89.4903889999999933
0
LINE
8
BLACK
6
CONTINUOUS
10
208.6999589999999785
20
-89.4903889999999933
11
208.6705159999999921
21
-89.4343399999999917
0
LINE
8
BLACK
6
CONTINUOUS
10
208.6705159999999921
20
-89.4343399999999917
11
208.6253370000000018
21
-89.3946639999999917
0
LINE
8
BLACK
6
CONTINUOUS
10
208.6253370000000018
20
-89.3946639999999917
11
208.5591409999999826
21
-89.369371000000001
0
LINE
8
BLACK
6
CONTINUOUS
10
208.5591409999999826
20
-89.369371000000001
11
208.3630139999999926
21
-89.353006999999991
0
LINE
8
BLACK
6
CONTINUOUS
10
208.3630139999999926
20
-89.353006999999991
11
207.9881010000000003
21
-89.353006999999991
0
LINE
8
BLACK
6
CONTINUOUS
10
207.9881010000000003
20
-89.353006999999991
11
207.7892879999999991
21
-89.369371000000001
0
LINE
8
BLACK
6
CONTINUOUS
10
206.7800000000000011
20
-84.4924439999999919
11
206.8875779999999907
21
-84.4979479999999938
0
LINE
8
BLACK
6
CONTINUOUS
10
206.8875779999999907
20
-84.4979479999999938
11
207.1562449999999842
21
-84.4979479999999938
0
LINE
8
BLACK
6
CONTINUOUS
10
207.1562449999999842
20
-84.4979479999999938
11
207.3079199999999958
21
-84.4869569999999896
0
LINE
8
BLACK
6
CONTINUOUS
10
207.3079199999999958
20
-84.4869569999999896
11
207.3941379999999981
21
-84.4469009999999969
0
LINE
8
BLACK
6
CONTINUOUS
10
207.3941379999999981
20
-84.4469009999999969
11
207.4341929999999934
21
-84.3604389999999995
0
LINE
8
BLACK
6
CONTINUOUS
10
207.4341929999999934
20
-84.3604389999999995
11
207.4451839999999834
21
-84.2085199999999929
0
LINE
8
BLACK
6
CONTINUOUS
10
207.4451839999999834
20
-84.2085199999999929
11
207.4451839999999834
21
-82.9741169999999926
0
LINE
8
BLACK
6
CONTINUOUS
10
207.4451839999999834
20
-82.9741169999999926
11
207.4296779999999956
21
-82.805538999999996
0
LINE
8
BLACK
6
CONTINUOUS
10
207.4296779999999956
20
-82.805538999999996
11
207.396823999999981
21
-82.7357360000000028
0
LINE
8
BLACK
6
CONTINUOUS
10
207.396823999999981
20
-82.7357360000000028
11
207.3290250000000015
21
-82.7010679999999923
0
LINE
8
BLACK
6
CONTINUOUS
10
207.3290250000000015
20
-82.7010679999999923
11
207.1618629999999825
21
-82.6846889999999917
0
LINE
8
BLACK
6
CONTINUOUS
10
207.1618629999999825
20
-82.6846889999999917
11
206.7800000000000011
21
-82.6846889999999917
0
LINE
8
BLACK
6
CONTINUOUS
10
206.7800000000000011
20
-82.6846889999999917
11
206.7800000000000011
21
-84.4924439999999919
0
LINE
8
BLACK
6
CONTINUOUS
10
206.3448449999999923
20
-82.7009619999999899
11
206.2747729999999819
21
-82.7357360000000028
0
LINE
8
BLACK
6
CONTINUOUS
10
206.2747729999999819
20
-82.7357360000000028
11
206.2401830000000018
21
-82.8058339999999902
0
LINE
8
BLACK
6
CONTINUOUS
10
206.2401830000000018
20
-82.8058339999999902
11
206.22396999999998
21
-82.9741169999999926
0
LINE
8
BLACK
6
CONTINUOUS
10
206.22396999999998
20
-82.9741169999999926
11
206.22396999999998
21
-83.1314089999999908
0
LINE
8
BLACK
6
CONTINUOUS
10
206.22396999999998
20
-83.1314089999999908
11
206.2339240000000018
21
-83.2518369999999948
0
LINE
8
BLACK
6
CONTINUOUS
10
206.2339240000000018
20
-83.2518369999999948
11
206.2559660000000008
21
-83.3089739999999921
0
LINE
8
BLACK
6
CONTINUOUS
10
206.2559660000000008
20
-83.3089739999999921
11
206.301400000000001
21
-83.3461300000000023
0
LINE
8
BLACK
6
CONTINUOUS
10
206.301400000000001
20
-83.3461300000000023
11
206.4027559999999824
21
-83.3817579999999907
0
LINE
8
BLACK
6
CONTINUOUS
10
206.4027559999999824
20
-83.3817579999999907
11
206.5082749999999976
21
-83.42625799999999
0
LINE
8
BLACK
6
CONTINUOUS
10
206.5082749999999976
20
-83.42625799999999
11
206.5583389999999895
21
-83.4748149999999924
0
LINE
8
BLACK
6
CONTINUOUS
10
206.5583389999999895
20
-83.4748149999999924
11
206.5822849999999846
21
-83.5475699999999932
0
LINE
8
BLACK
6
CONTINUOUS
10
206.5822849999999846
20
-83.5475699999999932
11
206.5932650000000024
21
-83.7034259999999932
0
LINE
8
BLACK
6
CONTINUOUS
10
206.5932650000000024
20
-83.7034259999999932
11
206.5932650000000024
21
-84.2085199999999929
0
LINE
8
BLACK
6
CONTINUOUS
10
206.5932650000000024
20
-84.2085199999999929
11
206.6013250000000028
21
-84.3660569999999979
0
LINE
8
BLACK
6
CONTINUOUS
10
206.6013250000000028
20
-84.3660569999999979
11
206.6161999999999921
21
-84.4178909999999973
0
LINE
8
BLACK
6
CONTINUOUS
10
206.6161999999999921
20
-84.4178909999999973
11
206.6411369999999863
21
-84.4525189999999952
0
LINE
8
BLACK
6
CONTINUOUS
10
206.6411369999999863
20
-84.4525189999999952
11
206.6599999999999966
21
-84.460447000000002
0
LINE
8
BLACK
6
CONTINUOUS
10
206.6599999999999966
20
-84.460447000000002
11
206.6599999999999966
21
-82.6846889999999917
0
LINE
8
BLACK
6
CONTINUOUS
10
206.6599999999999966
20
-82.6846889999999917
11
206.5126649999999984
21
-82.6846889999999917
0
LINE
8
BLACK
6
CONTINUOUS
10
206.5126649999999984
20
-82.6846889999999917
11
206.3448449999999923
21
-82.7009619999999899
0
LINE
8
BLACK
6
CONTINUOUS
10
176.2729609999999809
20
-92.644566999999995
11
176.3054329999999936
21
-92.6770389999999935
0
LINE
8
BLACK
6
CONTINUOUS
10
176.3054329999999936
20
-92.6770389999999935
11
176.3054329999999936
21
-92.722960999999998
0
LINE
8
BLACK
6
CONTINUOUS
10
176.3054329999999936
20
-92.722960999999998
11
176.2999999999999829
21
-92.7283939999999944
0
LINE
8
BLACK
6
CONTINUOUS
10
176.2999999999999829
20
-92.7283939999999944
11
176.2999999999999829
21
-93.5
0
LINE
8
BLACK
6
CONTINUOUS
10
176.2999999999999829
20
-93.5
11
176.2961939999999856
21
-93.519133999999994
0
LINE
8
BLACK
6
CONTINUOUS
10
176.2961939999999856
20
-93.519133999999994
11
176.2691339999999798
21
-93.5461939999999998
0
LINE
8
BLACK
6
CONTINUOUS
10
176.2691339999999798
20
-93.5461939999999998
11
176.2308659999999918
21
-93.5461939999999998
0
LINE
8
BLACK
6
CONTINUOUS
10
176.2308659999999918
20
-93.5461939999999998
11
176.2038059999999859
21
-93.519133999999994
0
LINE
8
BLACK
6
CONTINUOUS
10
176.2038059999999859
20
-93.519133999999994
11
176.1999999999999886
21
-93.5
0
LINE
8
BLACK
6
CONTINUOUS
10
176.1999999999999886
20
-93.5
11
176.1999999999999886
21
-92.7599999999999909
0
LINE
8
BLACK
6
CONTINUOUS
10
176.1999999999999886
20
-92.7599999999999909
11
172.2099999999999795
21
-92.7599999999999909
0
LINE
8
BLACK
6
CONTINUOUS
10
172.2099999999999795
20
-92.7599999999999909
11
172.2099999999999795
21
-100.4399999999999977
0
LINE
8
BLACK
6
CONTINUOUS
10
172.2099999999999795
20
-100.4399999999999977
11
176.1999999999999886
21
-100.4399999999999977
0
LINE
8
BLACK
6
CONTINUOUS
10
176.1999999999999886
20
-100.4399999999999977
11
176.1999999999999886
21
-99.5999999999999943
0
LINE
8
BLACK
6
CONTINUOUS
10
176.1999999999999886
20
-99.5999999999999943
11
176.2038059999999859
21
-99.5808660000000003
0
LINE
8
BLACK
6
CONTINUOUS
10
176.2038059999999859
20
-99.5808660000000003
11
176.2308659999999918
21
-99.5538059999999945
0
LINE
8
BLACK
6
CONTINUOUS
10
176.2308659999999918
20
-99.5538059999999945
11
176.2691339999999798
21
-99.5538059999999945
0
LINE
8
BLACK
6
CONTINUOUS
10
176.2691339999999798
20
-99.5538059999999945
11
176.2961939999999856
21
-99.5808660000000003
0
LINE
8
BLACK
6
CONTINUOUS
10
176.2961939999999856
20
-99.5808660000000003
11
176.2999999999999829
21
-99.5999999999999943
0
LINE
8
BLACK
6
CONTINUOUS
10
176.2999999999999829
20
-99.5999999999999943
11
176.2999999999999829
21
-100.5
0
LINE
8
BLACK
6
CONTINUOUS
10
176.2999999999999829
20
-100.5
11
176.2961939999999856
21
-100.519133999999994
0
LINE
8
BLACK
6
CONTINUOUS
10
176.2961939999999856
20
-100.519133999999994
11
176.2691339999999798
21
-100.5461939999999998
0
LINE
8
BLACK
6
CONTINUOUS
10
176.2691339999999798
20
-100.5461939999999998
11
176.232200000000006
21
-100.5461939999999998
0
LINE
8
BLACK
6
CONTINUOUS
10
176.232200000000006
20
-100.5461939999999998
11
176.222960999999998
21
-100.5554329999999936
0
LINE
8
BLACK
6
CONTINUOUS
10
176.222960999999998
20
-100.5554329999999936
11
176.1999999999999886
21
-100.5600000000000023
0
LINE
8
BLACK
6
CONTINUOUS
10
176.1999999999999886
20
-100.5600000000000023
11
172.1500000000000057
21
-100.5600000000000023
0
LINE
8
BLACK
6
CONTINUOUS
10
172.1500000000000057
20
-100.5600000000000023
11
172.1270389999999963
21
-100.5554329999999936
0
LINE
8
BLACK
6
CONTINUOUS
10
172.1270389999999963
20
-100.5554329999999936
11
172.0945669999999836
21
-100.5229609999999951
0
LINE
8
BLACK
6
CONTINUOUS
10
172.0945669999999836
20
-100.5229609999999951
11
172.0900000000000034
21
-100.5
0
LINE
8
BLACK
6
CONTINUOUS
10
172.0900000000000034
20
-100.5
11
172.0900000000000034
21
-92.7000000000000028
0
LINE
8
BLACK
6
CONTINUOUS
10
172.0900000000000034
20
-92.7000000000000028
11
172.0945669999999836
21
-92.6770389999999935
0
LINE
8
BLACK
6
CONTINUOUS
10
172.0945669999999836
20
-92.6770389999999935
11
172.1270389999999963
21
-92.644566999999995
0
LINE
8
BLACK
6
CONTINUOUS
10
172.1270389999999963
20
-92.644566999999995
11
172.1500000000000057
21
-92.6400000000000006
0
LINE
8
BLACK
6
CONTINUOUS
10
172.1500000000000057
20
-92.6400000000000006
11
176.25
21
-92.6400000000000006
0
LINE
8
BLACK
6
CONTINUOUS
10
176.25
20
-92.6400000000000006
11
176.2729609999999809
21
-92.644566999999995
0
LINE
8
BLACK
6
CONTINUOUS
10
176.2554329999999823
20
-97.4770389999999907
11
176.2599999999999909
21
-97.5
0
LINE
8
BLACK
6
CONTINUOUS
10
176.2599999999999909
20
-97.5
11
176.2599999999999909
21
-98.1999999999999886
0
LINE
8
BLACK
6
CONTINUOUS
10
176.2599999999999909
20
-98.1999999999999886
11
176.2554329999999823
21
-98.222960999999998
0
LINE
8
BLACK
6
CONTINUOUS
10
176.2554329999999823
20
-98.222960999999998
11
176.222960999999998
21
-98.2554329999999965
0
LINE
8
BLACK
6
CONTINUOUS
10
176.222960999999998
20
-98.2554329999999965
11
176.1770389999999793
21
-98.2554329999999965
0
LINE
8
BLACK
6
CONTINUOUS
10
176.1770389999999793
20
-98.2554329999999965
11
176.144566999999995
21
-98.222960999999998
0
LINE
8
BLACK
6
CONTINUOUS
10
176.144566999999995
20
-98.222960999999998
11
176.1399999999999864
21
-98.1999999999999886
0
LINE
8
BLACK
6
CONTINUOUS
10
176.1399999999999864
20
-98.1999999999999886
11
176.1399999999999864
21
-97.5
0
LINE
8
BLACK
6
CONTINUOUS
10
176.1399999999999864
20
-97.5
11
176.144566999999995
21
-97.4770389999999907
0
LINE
8
BLACK
6
CONTINUOUS
10
176.144566999999995
20
-97.4770389999999907
11
176.1770389999999793
21
-97.4445669999999922
0
LINE
8
BLACK
6
CONTINUOUS
10
176.1770389999999793
20
-97.4445669999999922
11
176.222960999999998
21
-97.4445669999999922
0
LINE
8
BLACK
6
CONTINUOUS
10
176.222960999999998
20
-97.4445669999999922
11
176.2554329999999823
21
-97.4770389999999907
0
LINE
8
BLACK
6
CONTINUOUS
10
221.6468160000000012
20
-98.025517999999991
11
221.6792879999999855
21
-98.0579899999999895
0
LINE
8
BLACK
6
CONTINUOUS
10
221.6792879999999855
20
-98.0579899999999895
11
221.6792879999999855
21
-98.103911999999994
0
LINE
8
BLACK
6
CONTINUOUS
10
221.6792879999999855
20
-98.103911999999994
11
221.6468160000000012
21
-98.1363839999999925
0
LINE
8
BLACK
6
CONTINUOUS
10
221.6468160000000012
20
-98.1363839999999925
11
221.6238549999999918
21
-98.1409510000000012
0
LINE
8
BLACK
6
CONTINUOUS
10
221.6238549999999918
20
-98.1409510000000012
11
220.8238549999999805
21
-98.1409510000000012
0
LINE
8
BLACK
6
CONTINUOUS
10
220.8238549999999805
20
-98.1409510000000012
11
220.8008939999999996
21
-98.1363839999999925
0
LINE
8
BLACK
6
CONTINUOUS
10
220.8008939999999996
20
-98.1363839999999925
11
220.7684219999999868
21
-98.103911999999994
0
LINE
8
BLACK
6
CONTINUOUS
10
220.7684219999999868
20
-98.103911999999994
11
220.7684219999999868
21
-98.0579899999999895
0
LINE
8
BLACK
6
CONTINUOUS
10
220.7684219999999868
20
-98.0579899999999895
11
220.8008939999999996
21
-98.025517999999991
0
LINE
8
BLACK
6
CONTINUOUS
10
220.8008939999999996
20
-98.025517999999991
11
220.8238549999999805
21
-98.0209509999999966
0
LINE
8
BLACK
6
CONTINUOUS
10
220.8238549999999805
20
-98.0209509999999966
11
221.6238549999999918
21
-98.0209509999999966
0
LINE
8
BLACK
6
CONTINUOUS
10
221.6238549999999918
20
-98.0209509999999966
11
221.6468160000000012
21
-98.025517999999991
0
LINE
8
BLACK
6
CONTINUOUS
10
226.6506249999999909
20
-97.4159939999999978
11
226.6700899999999876
21
-97.4290009999999995
0
LINE
8
BLACK
6
CONTINUOUS
10
226.6700899999999876
20
-97.4290009999999995
11
226.7081859999999836
21
-97.4670969999999954
0
LINE
8
BLACK
6
CONTINUOUS
10
226.7081859999999836
20
-97.4670969999999954
11
226.7098549999999761
21
-97.4695949999999982
0
LINE
8
BLACK
6
CONTINUOUS
10
226.7098549999999761
20
-97.4695949999999982
11
226.711086999999992
21
-97.4702109999999919
0
LINE
8
BLACK
6
CONTINUOUS
10
226.711086999999992
20
-97.4702109999999919
11
226.715849999999989
21
-97.4785660000000007
0
LINE
8
BLACK
6
CONTINUOUS
10
226.715849999999989
20
-97.4785660000000007
11
226.7211929999999995
21
-97.4865619999999922
0
LINE
8
BLACK
6
CONTINUOUS
10
226.7211929999999995
20
-97.4865619999999922
11
226.7211929999999995
21
-97.4879379999999998
0
LINE
8
BLACK
6
CONTINUOUS
10
226.7211929999999995
20
-97.4879379999999998
11
226.7226809999999944
21
-97.4905490000000015
0
LINE
8
BLACK
6
CONTINUOUS
10
226.7226809999999944
20
-97.4905490000000015
11
226.7607759999999928
21
-97.6048339999999968
0
LINE
8
BLACK
6
CONTINUOUS
10
226.7607759999999928
20
-97.6048339999999968
11
226.7619779999999992
21
-97.614373999999998
0
LINE
8
BLACK
6
CONTINUOUS
10
226.7619779999999992
20
-97.614373999999998
11
226.7638549999999782
21
-97.6238079999999968
0
LINE
8
BLACK
6
CONTINUOUS
10
226.7638549999999782
20
-97.6238079999999968
11
226.7638549999999782
21
-97.6999989999999912
0
LINE
8
BLACK
6
CONTINUOUS
10
226.7638549999999782
20
-97.6999989999999912
11
226.7619779999999992
21
-97.70943299999999
0
LINE
8
BLACK
6
CONTINUOUS
10
226.7619779999999992
20
-97.70943299999999
11
226.7607759999999928
21
-97.7189719999999937
0
LINE
8
BLACK
6
CONTINUOUS
10
226.7607759999999928
20
-97.7189719999999937
11
226.7226809999999944
21
-97.8332589999999982
0
LINE
8
BLACK
6
CONTINUOUS
10
226.7226809999999944
20
-97.8332589999999982
11
226.7211929999999995
21
-97.8358690000000024
0
LINE
8
BLACK
6
CONTINUOUS
10
226.7211929999999995
20
-97.8358690000000024
11
226.7211929999999995
21
-97.8372459999999933
0
LINE
8
BLACK
6
CONTINUOUS
10
226.7211929999999995
20
-97.8372459999999933
11
226.7158539999999789
21
-97.8452350000000024
0
LINE
8
BLACK
6
CONTINUOUS
10
226.7158539999999789
20
-97.8452350000000024
11
226.7110879999999895
21
-97.8535969999999935
0
LINE
8
BLACK
6
CONTINUOUS
10
226.7110879999999895
20
-97.8535969999999935
11
226.7098539999999787
21
-97.8542130000000014
0
LINE
8
BLACK
6
CONTINUOUS
10
226.7098539999999787
20
-97.8542130000000014
11
226.7081859999999836
21
-97.85671099999999
0
LINE
8
BLACK
6
CONTINUOUS
10
226.7081859999999836
20
-97.85671099999999
11
226.6319949999999892
21
-97.9329019999999986
0
LINE
8
BLACK
6
CONTINUOUS
10
226.6319949999999892
20
-97.9329019999999986
11
226.6239980000000003
21
-97.9382449999999949
0
LINE
8
BLACK
6
CONTINUOUS
10
226.6239980000000003
20
-97.9382449999999949
11
226.6164019999999937
21
-97.9441410000000019
0
LINE
8
BLACK
6
CONTINUOUS
10
226.6164019999999937
20
-97.9441410000000019
11
226.5402119999999968
21
-97.9822360000000003
0
LINE
8
BLACK
6
CONTINUOUS
10
226.5402119999999968
20
-97.9822360000000003
11
226.533869999999979
21
-97.9839719999999943
0
LINE
8
BLACK
6
CONTINUOUS
10
226.533869999999979
20
-97.9839719999999943
11
226.5279309999999953
21
-97.986778000000001
0
LINE
8
BLACK
6
CONTINUOUS
10
226.5279309999999953
20
-97.986778000000001
11
226.3755499999999756
21
-98.024873999999997
0
LINE
8
BLACK
6
CONTINUOUS
10
226.3755499999999756
20
-98.024873999999997
11
226.3682089999999789
21
-98.0252309999999909
0
LINE
8
BLACK
6
CONTINUOUS
10
226.3682089999999789
20
-98.0252309999999909
11
226.360997999999995
21
-98.0266659999999916
0
LINE
8
BLACK
6
CONTINUOUS
10
226.360997999999995
20
-98.0266659999999916
11
226.2467120000000023
21
-98.0266659999999916
0
LINE
8
BLACK
6
CONTINUOUS
10
226.2467120000000023
20
-98.0266659999999916
11
226.2395039999999824
21
-98.0252320000000026
0
LINE
8
BLACK
6
CONTINUOUS
10
226.2395039999999824
20
-98.0252320000000026
11
226.2321599999999933
21
-98.0248749999999944
0
LINE
8
BLACK
6
CONTINUOUS
10
226.2321599999999933
20
-98.0248749999999944
11
226.079779000000002
21
-97.986778000000001
0
LINE
8
BLACK
6
CONTINUOUS
10
226.079779000000002
20
-97.986778000000001
11
226.073837999999995
21
-97.9839719999999943
0
LINE
8
BLACK
6
CONTINUOUS
10
226.073837999999995
20
-97.9839719999999943
11
226.067498999999998
21
-97.9822360000000003
0
LINE
8
BLACK
6
CONTINUOUS
10
226.067498999999998
20
-97.9822360000000003
11
225.9913069999999777
21
-97.9441410000000019
0
LINE
8
BLACK
6
CONTINUOUS
10
225.9913069999999777
20
-97.9441410000000019
11
225.9837009999999964
21
-97.9382379999999984
0
LINE
8
BLACK
6
CONTINUOUS
10
225.9837009999999964
20
-97.9382379999999984
11
225.9757139999999822
21
-97.9329010000000011
0
LINE
8
BLACK
6
CONTINUOUS
10
225.9757139999999822
20
-97.9329010000000011
11
225.8995239999999853
21
-97.85671099999999
0
LINE
8
BLACK
6
CONTINUOUS
10
225.8995239999999853
20
-97.85671099999999
11
225.8978549999999927
21
-97.8542130000000014
0
LINE
8
BLACK
6
CONTINUOUS
10
225.8978549999999927
20
-97.8542130000000014
11
225.8966219999999794
21
-97.8535969999999935
0
LINE
8
BLACK
6
CONTINUOUS
10
225.8966219999999794
20
-97.8535969999999935
11
225.8918549999999925
21
-97.8452350000000024
0
LINE
8
BLACK
6
CONTINUOUS
10
225.8918549999999925
20
-97.8452350000000024
11
225.8865169999999978
21
-97.8372459999999933
0
LINE
8
BLACK
6
CONTINUOUS
10
225.8865169999999978
20
-97.8372459999999933
11
225.8865169999999978
21
-97.8358690000000024
0
LINE
8
BLACK
6
CONTINUOUS
10
225.8865169999999978
20
-97.8358690000000024
11
225.885029000000003
21
-97.8332589999999982
0
LINE
8
BLACK
6
CONTINUOUS
10
225.885029000000003
20
-97.8332589999999982
11
225.8469339999999761
21
-97.7189729999999912
0
LINE
8
BLACK
6
CONTINUOUS
10
225.8469339999999761
20
-97.7189729999999912
11
225.8457310000000007
21
-97.7094319999999925
0
LINE
8
BLACK
6
CONTINUOUS
10
225.8457310000000007
20
-97.7094319999999925
11
225.8438549999999907
21
-97.6999989999999912
0
LINE
8
BLACK
6
CONTINUOUS
10
225.8438549999999907
20
-97.6999989999999912
11
225.8438549999999907
21
-97.5857129999999984
0
LINE
8
BLACK
6
CONTINUOUS
10
225.8438549999999907
20
-97.5857129999999984
11
225.8444409999999891
21
-97.5827649999999949
0
LINE
8
BLACK
6
CONTINUOUS
10
225.8444409999999891
20
-97.5827649999999949
11
225.8440059999999789
21
-97.5814599999999928
0
LINE
8
BLACK
6
CONTINUOUS
10
225.8440059999999789
20
-97.5814599999999928
11
225.8465449999999919
21
-97.5721839999999929
0
LINE
8
BLACK
6
CONTINUOUS
10
225.8465449999999919
20
-97.5721839999999929
11
225.8484219999999993
21
-97.562751999999989
0
LINE
8
BLACK
6
CONTINUOUS
10
225.8484219999999993
20
-97.562751999999989
11
225.849394999999987
21
-97.5617779999999897
0
LINE
8
BLACK
6
CONTINUOUS
10
225.849394999999987
20
-97.5617779999999897
11
225.8501890000000003
21
-97.558880000000002
0
LINE
8
BLACK
6
CONTINUOUS
10
225.8501890000000003
20
-97.558880000000002
11
225.8882839999999987
21
-97.482689999999991
0
LINE
8
BLACK
6
CONTINUOUS
10
225.8882839999999987
20
-97.482689999999991
11
225.9026379999999961
21
-97.4641960000000012
0
LINE
8
BLACK
6
CONTINUOUS
10
225.9026379999999961
20
-97.4641960000000012
11
225.946202999999997
21
-97.4496740000000017
0
LINE
8
BLACK
6
CONTINUOUS
10
225.946202999999997
20
-97.4496740000000017
11
225.9872769999999775
21
-97.4702109999999919
0
LINE
8
BLACK
6
CONTINUOUS
10
225.9872769999999775
20
-97.4702109999999919
11
226.001798999999977
21
-97.5137759999999929
0
LINE
8
BLACK
6
CONTINUOUS
10
226.001798999999977
20
-97.5137759999999929
11
225.9956159999999841
21
-97.5363559999999978
0
LINE
8
BLACK
6
CONTINUOUS
10
225.9956159999999841
20
-97.5363559999999978
11
225.9638549999999952
21
-97.5998779999999897
0
LINE
8
BLACK
6
CONTINUOUS
10
225.9638549999999952
20
-97.5998779999999897
11
225.9638549999999952
21
-97.6902619999999899
0
LINE
8
BLACK
6
CONTINUOUS
10
225.9638549999999952
20
-97.6902619999999899
11
225.9943919999999764
21
-97.7818749999999994
0
LINE
8
BLACK
6
CONTINUOUS
10
225.9943919999999764
20
-97.7818749999999994
11
226.0536779999999908
21
-97.8411609999999996
0
LINE
8
BLACK
6
CONTINUOUS
10
226.0536779999999908
20
-97.8411609999999996
11
226.1152759999999944
21
-97.8719600000000014
0
LINE
8
BLACK
6
CONTINUOUS
10
226.1152759999999944
20
-97.8719600000000014
11
226.2540959999999757
21
-97.9066660000000013
0
LINE
8
BLACK
6
CONTINUOUS
10
226.2540959999999757
20
-97.9066660000000013
11
226.3536139999999932
21
-97.9066660000000013
0
LINE
8
BLACK
6
CONTINUOUS
10
226.3536139999999932
20
-97.9066660000000013
11
226.4924359999999979
21
-97.8719579999999922
0
LINE
8
BLACK
6
CONTINUOUS
10
226.4924359999999979
20
-97.8719579999999922
11
226.5540279999999882
21
-97.8411619999999971
0
LINE
8
BLACK
6
CONTINUOUS
10
226.5540279999999882
20
-97.8411619999999971
11
226.6133179999999925
21
-97.7818729999999903
0
LINE
8
BLACK
6
CONTINUOUS
10
226.6133179999999925
20
-97.7818729999999903
11
226.6438550000000021
21
-97.6902619999999899
0
LINE
8
BLACK
6
CONTINUOUS
10
226.6438550000000021
20
-97.6902619999999899
11
226.6438550000000021
21
-97.633544999999998
0
LINE
8
BLACK
6
CONTINUOUS
10
226.6438550000000021
20
-97.633544999999998
11
226.613316999999995
21
-97.5419319999999885
0
LINE
8
BLACK
6
CONTINUOUS
10
226.613316999999995
20
-97.5419319999999885
11
226.6028120000000001
21
-97.5314269999999937
0
LINE
8
BLACK
6
CONTINUOUS
10
226.6028120000000001
20
-97.5314269999999937
11
226.4209979999999973
21
-97.5314269999999937
0
LINE
8
BLACK
6
CONTINUOUS
10
226.4209979999999973
20
-97.5314269999999937
11
226.4209979999999973
21
-97.6238079999999968
0
LINE
8
BLACK
6
CONTINUOUS
10
226.4209979999999973
20
-97.6238079999999968
11
226.4164309999999887
21
-97.6467689999999919
0
LINE
8
BLACK
6
CONTINUOUS
10
226.4164309999999887
20
-97.6467689999999919
11
226.383958999999976
21
-97.6792409999999904
0
LINE
8
BLACK
6
CONTINUOUS
10
226.383958999999976
20
-97.6792409999999904
11
226.3380369999999857
21
-97.6792409999999904
0
LINE
8
BLACK
6
CONTINUOUS
10
226.3380369999999857
20
-97.6792409999999904
11
226.3055650000000014
21
-97.6467689999999919
0
LINE
8
BLACK
6
CONTINUOUS
10
226.3055650000000014
20
-97.6467689999999919
11
226.3009979999999928
21
-97.6238079999999968
0
LINE
8
BLACK
6
CONTINUOUS
10
226.3009979999999928
20
-97.6238079999999968
11
226.3009979999999928
21
-97.4714269999999914
0
LINE
8
BLACK
6
CONTINUOUS
10
226.3009979999999928
20
-97.4714269999999914
11
226.3055650000000014
21
-97.4484659999999963
0
LINE
8
BLACK
6
CONTINUOUS
10
226.3055650000000014
20
-97.4484659999999963
11
226.3380369999999857
21
-97.4159939999999978
0
LINE
8
BLACK
6
CONTINUOUS
10
226.3380369999999857
20
-97.4159939999999978
11
226.360997999999995
21
-97.4114269999999891
0
LINE
8
BLACK
6
CONTINUOUS
10
226.360997999999995
20
-97.4114269999999891
11
226.6276639999999816
21
-97.4114269999999891
0
LINE
8
BLACK
6
CONTINUOUS
10
226.6276639999999816
20
-97.4114269999999891
11
226.6506249999999909
21
-97.4159939999999978
0
LINE
8
BLACK
6
CONTINUOUS
10
224.0144209999999987
20
-97.3358240000000023
11
224.0157269999999983
21
-97.3353889999999922
0
LINE
8
BLACK
6
CONTINUOUS
10
224.0157269999999983
20
-97.3353889999999922
11
224.0250020000000006
21
-97.3379279999999909
0
LINE
8
BLACK
6
CONTINUOUS
10
224.0250020000000006
20
-97.3379279999999909
11
224.034435000000002
21
-97.3398049999999984
0
LINE
8
BLACK
6
CONTINUOUS
10
224.034435000000002
20
-97.3398049999999984
11
224.0354079999999897
21
-97.3407780000000002
0
LINE
8
BLACK
6
CONTINUOUS
10
224.0354079999999897
20
-97.3407780000000002
11
224.0383070000000032
21
-97.3415719999999993
0
LINE
8
BLACK
6
CONTINUOUS
10
224.0383070000000032
20
-97.3415719999999993
11
224.1144970000000001
21
-97.3796669999999978
0
LINE
8
BLACK
6
CONTINUOUS
10
224.1144970000000001
20
-97.3796669999999978
11
224.1220950000000016
21
-97.3855640000000022
0
LINE
8
BLACK
6
CONTINUOUS
10
224.1220950000000016
20
-97.3855640000000022
11
224.1300899999999956
21
-97.3909060000000011
0
LINE
8
BLACK
6
CONTINUOUS
10
224.1300899999999956
20
-97.3909060000000011
11
224.1681859999999915
21
-97.4290009999999995
0
LINE
8
BLACK
6
CONTINUOUS
10
224.1681859999999915
20
-97.4290009999999995
11
224.1735279999999761
21
-97.436994999999996
0
LINE
8
BLACK
6
CONTINUOUS
10
224.1735279999999761
20
-97.436994999999996
11
224.1794259999999781
21
-97.4445949999999925
0
LINE
8
BLACK
6
CONTINUOUS
10
224.1794259999999781
20
-97.4445949999999925
11
224.2175209999999765
21
-97.5207869999999986
0
LINE
8
BLACK
6
CONTINUOUS
10
224.2175209999999765
20
-97.5207869999999986
11
224.2183139999999923
21
-97.5236839999999887
0
LINE
8
BLACK
6
CONTINUOUS
10
224.2183139999999923
20
-97.5236839999999887
11
224.2192879999999775
21
-97.5246580000000023
0
LINE
8
BLACK
6
CONTINUOUS
10
224.2192879999999775
20
-97.5246580000000023
11
224.2211639999999875
21
-97.5340920000000011
0
LINE
8
BLACK
6
CONTINUOUS
10
224.2211639999999875
20
-97.5340920000000011
11
224.2237039999999979
21
-97.5433659999999918
0
LINE
8
BLACK
6
CONTINUOUS
10
224.2237039999999979
20
-97.5433659999999918
11
224.2232679999999903
21
-97.5446709999999939
0
LINE
8
BLACK
6
CONTINUOUS
10
224.2232679999999903
20
-97.5446709999999939
11
224.2238549999999861
21
-97.5476189999999974
0
LINE
8
BLACK
6
CONTINUOUS
10
224.2238549999999861
20
-97.5476189999999974
11
224.2238549999999861
21
-97.7761899999999997
0
LINE
8
BLACK
6
CONTINUOUS
10
224.2238549999999861
20
-97.7761899999999997
11
224.2232679999999903
21
-97.7791369999999915
0
LINE
8
BLACK
6
CONTINUOUS
10
224.2232679999999903
20
-97.7791369999999915
11
224.2237039999999979
21
-97.7804429999999911
0
LINE
8
BLACK
6
CONTINUOUS
10
224.2237039999999979
20
-97.7804429999999911
11
224.2211639999999875
21
-97.7897159999999985
0
LINE
8
BLACK
6
CONTINUOUS
10
224.2211639999999875
20
-97.7897159999999985
11
224.2192879999999775
21
-97.7991509999999948
0
LINE
8
BLACK
6
CONTINUOUS
10
224.2192879999999775
20
-97.7991509999999948
11
224.2183139999999923
21
-97.8001239999999967
0
LINE
8
BLACK
6
CONTINUOUS
10
224.2183139999999923
20
-97.8001239999999967
11
224.2175209999999765
21
-97.8030219999999986
0
LINE
8
BLACK
6
CONTINUOUS
10
224.2175209999999765
20
-97.8030219999999986
11
224.1794259999999781
21
-97.8792139999999904
0
LINE
8
BLACK
6
CONTINUOUS
10
224.1794259999999781
20
-97.8792139999999904
11
224.1735279999999761
21
-97.8868129999999894
0
LINE
8
BLACK
6
CONTINUOUS
10
224.1735279999999761
20
-97.8868129999999894
11
224.1681859999999915
21
-97.8948079999999976
0
LINE
8
BLACK
6
CONTINUOUS
10
224.1681859999999915
20
-97.8948079999999976
11
224.1300899999999956
21
-97.932902999999996
0
LINE
8
BLACK
6
CONTINUOUS
10
224.1300899999999956
20
-97.932902999999996
11
224.1106240000000014
21
-97.9459090000000003
0
LINE
8
BLACK
6
CONTINUOUS
10
224.1106240000000014
20
-97.9459090000000003
11
224.0647019999999827
21
-97.9459090000000003
0
LINE
8
BLACK
6
CONTINUOUS
10
224.0647019999999827
20
-97.9459090000000003
11
224.0322309999999959
21
-97.9134359999999901
0
LINE
8
BLACK
6
CONTINUOUS
10
224.0322309999999959
20
-97.9134359999999901
11
224.0322309999999959
21
-97.8675139999999999
0
LINE
8
BLACK
6
CONTINUOUS
10
224.0322309999999959
20
-97.8675139999999999
11
224.0452379999999835
21
-97.848048999999989
0
LINE
8
BLACK
6
CONTINUOUS
10
224.0452379999999835
20
-97.848048999999989
11
224.0764479999999992
21
-97.8168390000000016
0
LINE
8
BLACK
6
CONTINUOUS
10
224.0764479999999992
20
-97.8168390000000016
11
224.1038549999999816
21
-97.7620249999999942
0
LINE
8
BLACK
6
CONTINUOUS
10
224.1038549999999816
20
-97.7620249999999942
11
224.1038549999999816
21
-97.5617829999999913
0
LINE
8
BLACK
6
CONTINUOUS
10
224.1038549999999816
20
-97.5617829999999913
11
224.0764479999999992
21
-97.506968999999998
0
LINE
8
BLACK
6
CONTINUOUS
10
224.0764479999999992
20
-97.506968999999998
11
224.0521229999999946
21
-97.4826449999999909
0
LINE
8
BLACK
6
CONTINUOUS
10
224.0521229999999946
20
-97.4826449999999909
11
223.9973090000000013
21
-97.4552379999999943
0
LINE
8
BLACK
6
CONTINUOUS
10
223.9973090000000013
20
-97.4552379999999943
11
223.8351629999999943
21
-97.4552379999999943
0
LINE
8
BLACK
6
CONTINUOUS
10
223.8351629999999943
20
-97.4552379999999943
11
223.7803469999999777
21
-97.4826449999999909
0
LINE
8
BLACK
6
CONTINUOUS
10
223.7803469999999777
20
-97.4826449999999909
11
223.7560239999999965
21
-97.5069680000000005
0
LINE
8
BLACK
6
CONTINUOUS
10
223.7560239999999965
20
-97.5069680000000005
11
223.7286169999999856
21
-97.5617829999999913
0
LINE
8
BLACK
6
CONTINUOUS
10
223.7286169999999856
20
-97.5617829999999913
11
223.7286169999999856
21
-97.6619039999999927
0
LINE
8
BLACK
6
CONTINUOUS
10
223.7286169999999856
20
-97.6619039999999927
11
223.7252879999999777
21
-97.6786359999999974
0
LINE
8
BLACK
6
CONTINUOUS
10
223.7252879999999777
20
-97.6786359999999974
11
223.7254549999999824
21
-97.6811269999999894
0
LINE
8
BLACK
6
CONTINUOUS
10
223.7254549999999824
20
-97.6811269999999894
11
223.7245979999999861
21
-97.6821049999999929
0
LINE
8
BLACK
6
CONTINUOUS
10
223.7245979999999861
20
-97.6821049999999929
11
223.724049999999977
21
-97.6848650000000021
0
LINE
8
BLACK
6
CONTINUOUS
10
223.724049999999977
20
-97.6848650000000021
11
223.7091240000000028
21
-97.6997909999999905
0
LINE
8
BLACK
6
CONTINUOUS
10
223.7091240000000028
20
-97.6997909999999905
11
223.6952149999999904
21
-97.7156870000000026
0
LINE
8
BLACK
6
CONTINUOUS
10
223.6952149999999904
20
-97.7156870000000026
11
223.6930859999999939
21
-97.7158280000000019
0
LINE
8
BLACK
6
CONTINUOUS
10
223.6930859999999939
20
-97.7158280000000019
11
223.6915779999999927
21
-97.7173370000000006
0
LINE
8
BLACK
6
CONTINUOUS
10
223.6915779999999927
20
-97.7173370000000006
11
223.6704670000000021
21
-97.7173370000000006
0
LINE
8
BLACK
6
CONTINUOUS
10
223.6704670000000021
20
-97.7173370000000006
11
223.6493940000000009
21
-97.7187419999999918
0
LINE
8
BLACK
6
CONTINUOUS
10
223.6493940000000009
20
-97.7187419999999918
11
223.6469539999999938
21
-97.7173370000000006
0
LINE
8
BLACK
6
CONTINUOUS
10
223.6469539999999938
20
-97.7173370000000006
11
223.6456560000000025
21
-97.7173370000000006
0
LINE
8
BLACK
6
CONTINUOUS
10
223.6456560000000025
20
-97.7173370000000006
11
223.6438929999999914
21
-97.7155739999999895
0
LINE
8
BLACK
6
CONTINUOUS
10
223.6438929999999914
20
-97.7155739999999895
11
223.6291069999999763
21
-97.707059000000001
0
LINE
8
BLACK
6
CONTINUOUS
10
223.6291069999999763
20
-97.707059000000001
11
223.4238550000000032
21
-97.5274639999999948
0
LINE
8
BLACK
6
CONTINUOUS
10
223.4238550000000032
20
-97.5274639999999948
11
223.4238550000000032
21
-97.8904759999999925
0
LINE
8
BLACK
6
CONTINUOUS
10
223.4238550000000032
20
-97.8904759999999925
11
223.4192879999999946
21
-97.9134370000000018
0
LINE
8
BLACK
6
CONTINUOUS
10
223.4192879999999946
20
-97.9134370000000018
11
223.3868159999999818
21
-97.9459090000000003
0
LINE
8
BLACK
6
CONTINUOUS
10
223.3868159999999818
20
-97.9459090000000003
11
223.3408939999999916
21
-97.9459090000000003
0
LINE
8
BLACK
6
CONTINUOUS
10
223.3408939999999916
20
-97.9459090000000003
11
223.3084219999999789
21
-97.9134370000000018
0
LINE
8
BLACK
6
CONTINUOUS
10
223.3084219999999789
20
-97.9134370000000018
11
223.3038549999999987
21
-97.8904759999999925
0
LINE
8
BLACK
6
CONTINUOUS
10
223.3038549999999987
20
-97.8904759999999925
11
223.3038549999999987
21
-97.395237999999992
0
LINE
8
BLACK
6
CONTINUOUS
10
223.3038549999999987
20
-97.395237999999992
11
223.3071829999999807
21
-97.3785049999999899
0
LINE
8
BLACK
6
CONTINUOUS
10
223.3071829999999807
20
-97.3785049999999899
11
223.3070170000000019
21
-97.3760149999999953
0
LINE
8
BLACK
6
CONTINUOUS
10
223.3070170000000019
20
-97.3760149999999953
11
223.3078730000000007
21
-97.3750359999999944
0
LINE
8
BLACK
6
CONTINUOUS
10
223.3078730000000007
20
-97.3750359999999944
11
223.3084219999999789
21
-97.3722769999999969
0
LINE
8
BLACK
6
CONTINUOUS
10
223.3084219999999789
20
-97.3722769999999969
11
223.3233479999999815
21
-97.3573509999999942
0
LINE
8
BLACK
6
CONTINUOUS
10
223.3233479999999815
20
-97.3573509999999942
11
223.3372569999999939
21
-97.3414549999999963
0
LINE
8
BLACK
6
CONTINUOUS
10
223.3372569999999939
20
-97.3414549999999963
11
223.3393849999999929
21
-97.3413129999999995
0
LINE
8
BLACK
6
CONTINUOUS
10
223.3393849999999929
20
-97.3413129999999995
11
223.3408939999999916
21
-97.3398049999999984
0
LINE
8
BLACK
6
CONTINUOUS
10
223.3408939999999916
20
-97.3398049999999984
11
223.3620049999999821
21
-97.3398049999999984
0
LINE
8
BLACK
6
CONTINUOUS
10
223.3620049999999821
20
-97.3398049999999984
11
223.3830779999999834
21
-97.3383999999999929
0
LINE
8
BLACK
6
CONTINUOUS
10
223.3830779999999834
20
-97.3383999999999929
11
223.3855179999999905
21
-97.3398049999999984
0
LINE
8
BLACK
6
CONTINUOUS
10
223.3855179999999905
20
-97.3398049999999984
11
223.3868159999999818
21
-97.3398049999999984
0
LINE
8
BLACK
6
CONTINUOUS
10
223.3868159999999818
20
-97.3398049999999984
11
223.3885779999999954
21
-97.3415669999999977
0
LINE
8
BLACK
6
CONTINUOUS
10
223.3885779999999954
20
-97.3415669999999977
11
223.4033649999999795
21
-97.3500829999999979
0
LINE
8
BLACK
6
CONTINUOUS
10
223.4033649999999795
20
-97.3500829999999979
11
223.6116559999999822
21
-97.5323369999999983
0
LINE
8
BLACK
6
CONTINUOUS
10
223.6116559999999822
20
-97.5323369999999983
11
223.6131839999999897
21
-97.5246580000000023
0
LINE
8
BLACK
6
CONTINUOUS
10
223.6131839999999897
20
-97.5246580000000023
11
223.6141569999999774
21
-97.5236839999999887
0
LINE
8
BLACK
6
CONTINUOUS
10
223.6141569999999774
20
-97.5236839999999887
11
223.6149509999999907
21
-97.5207860000000011
0
LINE
8
BLACK
6
CONTINUOUS
10
223.6149509999999907
20
-97.5207860000000011
11
223.6530459999999891
21
-97.4445949999999925
0
LINE
8
BLACK
6
CONTINUOUS
10
223.6530459999999891
20
-97.4445949999999925
11
223.658947999999981
21
-97.436988999999997
0
LINE
8
BLACK
6
CONTINUOUS
10
223.658947999999981
20
-97.436988999999997
11
223.6642859999999757
21
-97.429001999999997
0
LINE
8
BLACK
6
CONTINUOUS
10
223.6642859999999757
20
-97.429001999999997
11
223.7023799999999767
21
-97.3909069999999986
0
LINE
8
BLACK
6
CONTINUOUS
10
223.7023799999999767
20
-97.3909069999999986
11
223.7103740000000016
21
-97.3855640000000022
0
LINE
8
BLACK
6
CONTINUOUS
10
223.7103740000000016
20
-97.3855640000000022
11
223.7179739999999981
21
-97.3796669999999978
0
LINE
8
BLACK
6
CONTINUOUS
10
223.7179739999999981
20
-97.3796669999999978
11
223.7941659999999899
21
-97.3415719999999993
0
LINE
8
BLACK
6
CONTINUOUS
10
223.7941659999999899
20
-97.3415719999999993
11
223.7970629999999801
21
-97.3407780000000002
0
LINE
8
BLACK
6
CONTINUOUS
10
223.7970629999999801
20
-97.3407780000000002
11
223.7980369999999937
21
-97.3398049999999984
0
LINE
8
BLACK
6
CONTINUOUS
10
223.7980369999999937
20
-97.3398049999999984
11
223.8074709999999925
21
-97.3379279999999909
0
LINE
8
BLACK
6
CONTINUOUS
10
223.8074709999999925
20
-97.3379279999999909
11
223.8167449999999974
21
-97.3353889999999922
0
LINE
8
BLACK
6
CONTINUOUS
10
223.8167449999999974
20
-97.3353889999999922
11
223.8180499999999995
21
-97.3358240000000023
0
LINE
8
BLACK
6
CONTINUOUS
10
223.8180499999999995
20
-97.3358240000000023
11
223.820998000000003
21
-97.3352379999999897
0
LINE
8
BLACK
6
CONTINUOUS
10
223.820998000000003
20
-97.3352379999999897
11
224.0114739999999927
21
-97.3352379999999897
0
LINE
8
BLACK
6
CONTINUOUS
10
224.0114739999999927
20
-97.3352379999999897
11
224.0144209999999987
21
-97.3358240000000023
0
LINE
8
BLACK
6
CONTINUOUS
10
221.3643950000000018
20
-97.1461939999999942
11
221.3717399999999884
21
-97.1465519999999998
0
LINE
8
BLACK
6
CONTINUOUS
10
221.3717399999999884
20
-97.1465519999999998
11
221.5241209999999796
21
-97.1846479999999957
0
LINE
8
BLACK
6
CONTINUOUS
10
221.5241209999999796
20
-97.1846479999999957
11
221.5299959999999828
21
-97.1874229999999955
0
LINE
8
BLACK
6
CONTINUOUS
10
221.5299959999999828
20
-97.1874229999999955
11
221.53252999999998
21
-97.1874229999999955
0
LINE
8
BLACK
6
CONTINUOUS
10
221.53252999999998
20
-97.1874229999999955
11
221.5386419999999816
21
-97.1915070000000014
0
LINE
8
BLACK
6
CONTINUOUS
10
221.5386419999999816
20
-97.1915070000000014
11
221.5452889999999968
21
-97.1946469999999891
0
LINE
8
BLACK
6
CONTINUOUS
10
221.5452889999999968
20
-97.1946469999999891
11
221.546592000000004
21
-97.1968200000000024
0
LINE
8
BLACK
6
CONTINUOUS
10
221.546592000000004
20
-97.1968200000000024
11
221.5519949999999767
21
-97.2004299999999972
0
LINE
8
BLACK
6
CONTINUOUS
10
221.5519949999999767
20
-97.2004299999999972
11
221.6281859999999995
21
-97.2766199999999941
0
LINE
8
BLACK
6
CONTINUOUS
10
221.6281859999999995
20
-97.2766199999999941
11
221.6335279999999841
21
-97.2846150000000023
0
LINE
8
BLACK
6
CONTINUOUS
10
221.6335279999999841
20
-97.2846150000000023
11
221.6394259999999861
21
-97.2922140000000013
0
LINE
8
BLACK
6
CONTINUOUS
10
221.6394259999999861
20
-97.2922140000000013
11
221.6775209999999845
21
-97.3684039999999982
0
LINE
8
BLACK
6
CONTINUOUS
10
221.6775209999999845
20
-97.3684039999999982
11
221.6783140000000003
21
-97.371302
0
LINE
8
BLACK
6
CONTINUOUS
10
221.6783140000000003
20
-97.371302
11
221.6792879999999855
21
-97.3722759999999994
0
LINE
8
BLACK
6
CONTINUOUS
10
221.6792879999999855
20
-97.3722759999999994
11
221.6811639999999954
21
-97.3817079999999891
0
LINE
8
BLACK
6
CONTINUOUS
10
221.6811639999999954
20
-97.3817079999999891
11
221.6837039999999774
21
-97.3909839999999889
0
LINE
8
BLACK
6
CONTINUOUS
10
221.6837039999999774
20
-97.3909839999999889
11
221.6832679999999982
21
-97.392288999999991
0
LINE
8
BLACK
6
CONTINUOUS
10
221.6832679999999982
20
-97.392288999999991
11
221.6838549999999941
21
-97.3952369999999945
0
LINE
8
BLACK
6
CONTINUOUS
10
221.6838549999999941
20
-97.3952369999999945
11
221.6838549999999941
21
-97.5476179999999999
0
LINE
8
BLACK
6
CONTINUOUS
10
221.6838549999999941
20
-97.5476179999999999
11
221.6832679999999982
21
-97.5505649999999918
0
LINE
8
BLACK
6
CONTINUOUS
10
221.6832679999999982
20
-97.5505649999999918
11
221.6837039999999774
21
-97.5518709999999913
0
LINE
8
BLACK
6
CONTINUOUS
10
221.6837039999999774
20
-97.5518709999999913
11
221.6811639999999954
21
-97.5611439999999988
0
LINE
8
BLACK
6
CONTINUOUS
10
221.6811639999999954
20
-97.5611439999999988
11
221.6792879999999855
21
-97.5705789999999951
0
LINE
8
BLACK
6
CONTINUOUS
10
221.6792879999999855
20
-97.5705789999999951
11
221.6783140000000003
21
-97.571551999999997
0
LINE
8
BLACK
6
CONTINUOUS
10
221.6783140000000003
20
-97.571551999999997
11
221.6775209999999845
21
-97.5744499999999988
0
LINE
8
BLACK
6
CONTINUOUS
10
221.6775209999999845
20
-97.5744499999999988
11
221.6394259999999861
21
-97.6506419999999906
0
LINE
8
BLACK
6
CONTINUOUS
10
221.6394259999999861
20
-97.6506419999999906
11
221.6335229999999967
21
-97.6582469999999887
0
LINE
8
BLACK
6
CONTINUOUS
10
221.6335229999999967
20
-97.6582469999999887
11
221.6281859999999995
21
-97.6662350000000004
0
LINE
8
BLACK
6
CONTINUOUS
10
221.6281859999999995
20
-97.6662350000000004
11
221.5519949999999767
21
-97.7424259999999947
0
LINE
8
BLACK
6
CONTINUOUS
10
221.5519949999999767
20
-97.7424259999999947
11
221.546592000000004
21
-97.7460359999999895
0
LINE
8
BLACK
6
CONTINUOUS
10
221.546592000000004
20
-97.7460359999999895
11
221.5452889999999968
21
-97.7482079999999911
0
LINE
8
BLACK
6
CONTINUOUS
10
221.5452889999999968
20
-97.7482079999999911
11
221.5386429999999791
21
-97.7513469999999955
0
LINE
8
BLACK
6
CONTINUOUS
10
221.5386429999999791
20
-97.7513469999999955
11
221.53252999999998
21
-97.755431999999999
0
LINE
8
BLACK
6
CONTINUOUS
10
221.53252999999998
20
-97.755431999999999
11
221.5299959999999828
21
-97.755431999999999
0
LINE
8
BLACK
6
CONTINUOUS
10
221.5299959999999828
20
-97.755431999999999
11
221.5241209999999796
21
-97.7582069999999987
0
LINE
8
BLACK
6
CONTINUOUS
10
221.5241209999999796
20
-97.7582069999999987
11
221.3717399999999884
21
-97.7963029999999947
0
LINE
8
BLACK
6
CONTINUOUS
10
221.3717399999999884
20
-97.7963029999999947
11
221.3643989999999917
21
-97.7966599999999886
0
LINE
8
BLACK
6
CONTINUOUS
10
221.3643989999999917
20
-97.7966599999999886
11
221.3571879999999794
21
-97.7980949999999893
0
LINE
8
BLACK
6
CONTINUOUS
10
221.3571879999999794
20
-97.7980949999999893
11
221.0905209999999954
21
-97.7980949999999893
0
LINE
8
BLACK
6
CONTINUOUS
10
221.0905209999999954
20
-97.7980949999999893
11
221.083313000000004
21
-97.7966610000000003
0
LINE
8
BLACK
6
CONTINUOUS
10
221.083313000000004
20
-97.7966610000000003
11
221.0759689999999864
21
-97.7963039999999921
0
LINE
8
BLACK
6
CONTINUOUS
10
221.0759689999999864
20
-97.7963039999999921
11
220.9235879999999952
21
-97.7582069999999987
0
LINE
8
BLACK
6
CONTINUOUS
10
220.9235879999999952
20
-97.7582069999999987
11
220.917712999999992
21
-97.755431999999999
0
LINE
8
BLACK
6
CONTINUOUS
10
220.917712999999992
20
-97.755431999999999
11
220.9151789999999949
21
-97.755431999999999
0
LINE
8
BLACK
6
CONTINUOUS
10
220.9151789999999949
20
-97.755431999999999
11
220.9090659999999957
21
-97.7513469999999955
0
LINE
8
BLACK
6
CONTINUOUS
10
220.9090659999999957
20
-97.7513469999999955
11
220.902419999999978
21
-97.7482079999999911
0
LINE
8
BLACK
6
CONTINUOUS
10
220.902419999999978
20
-97.7482079999999911
11
220.9011160000000018
21
-97.7460339999999945
0
LINE
8
BLACK
6
CONTINUOUS
10
220.9011160000000018
20
-97.7460339999999945
11
220.8957139999999981
21
-97.7424249999999972
0
LINE
8
BLACK
6
CONTINUOUS
10
220.8957139999999981
20
-97.7424249999999972
11
220.8195240000000013
21
-97.6662350000000004
0
LINE
8
BLACK
6
CONTINUOUS
10
220.8195240000000013
20
-97.6662350000000004
11
220.8141859999999781
21
-97.6582469999999887
0
LINE
8
BLACK
6
CONTINUOUS
10
220.8141859999999781
20
-97.6582469999999887
11
220.8082839999999862
21
-97.6506419999999906
0
LINE
8
BLACK
6
CONTINUOUS
10
220.8082839999999862
20
-97.6506419999999906
11
220.7701889999999878
21
-97.5744509999999963
0
LINE
8
BLACK
6
CONTINUOUS
10
220.7701889999999878
20
-97.5744509999999963
11
220.7693950000000029
21
-97.571551999999997
0
LINE
8
BLACK
6
CONTINUOUS
10
220.7693950000000029
20
-97.571551999999997
11
220.7684219999999868
21
-97.5705789999999951
0
LINE
8
BLACK
6
CONTINUOUS
10
220.7684219999999868
20
-97.5705789999999951
11
220.7665449999999794
21
-97.5611459999999937
0
LINE
8
BLACK
6
CONTINUOUS
10
220.7665449999999794
20
-97.5611459999999937
11
220.7640059999999949
21
-97.5518709999999913
0
LINE
8
BLACK
6
CONTINUOUS
10
220.7640059999999949
20
-97.5518709999999913
11
220.7644409999999766
21
-97.5505649999999918
0
LINE
8
BLACK
6
CONTINUOUS
10
220.7644409999999766
20
-97.5505649999999918
11
220.7638549999999782
21
-97.5476179999999999
0
LINE
8
BLACK
6
CONTINUOUS
10
220.7638549999999782
20
-97.5476179999999999
11
220.7638549999999782
21
-97.3952369999999945
0
LINE
8
BLACK
6
CONTINUOUS
10
220.7638549999999782
20
-97.3952369999999945
11
220.7644409999999766
21
-97.392288999999991
0
LINE
8
BLACK
6
CONTINUOUS
10
220.7644409999999766
20
-97.392288999999991
11
220.7640059999999949
21
-97.3909839999999889
0
LINE
8
BLACK
6
CONTINUOUS
10
220.7640059999999949
20
-97.3909839999999889
11
220.7665449999999794
21
-97.3817079999999891
0
LINE
8
BLACK
6
CONTINUOUS
10
220.7665449999999794
20
-97.3817079999999891
11
220.7684219999999868
21
-97.3722759999999994
0
LINE
8
BLACK
6
CONTINUOUS
10
220.7684219999999868
20
-97.3722759999999994
11
220.7693950000000029
21
-97.371302
0
LINE
8
BLACK
6
CONTINUOUS
10
220.7693950000000029
20
-97.371302
11
220.7701889999999878
21
-97.3684039999999982
0
LINE
8
BLACK
6
CONTINUOUS
10
220.7701889999999878
20
-97.3684039999999982
11
220.8082839999999862
21
-97.2922140000000013
0
LINE
8
BLACK
6
CONTINUOUS
10
220.8082839999999862
20
-97.2922140000000013
11
220.8141789999999958
21
-97.2846169999999972
0
LINE
8
BLACK
6
CONTINUOUS
10
220.8141789999999958
20
-97.2846169999999972
11
220.8195230000000038
21
-97.2766209999999916
0
LINE
8
BLACK
6
CONTINUOUS
10
220.8195230000000038
20
-97.2766209999999916
11
220.8957139999999981
21
-97.2004299999999972
0
LINE
8
BLACK
6
CONTINUOUS
10
220.8957139999999981
20
-97.2004299999999972
11
220.9011160000000018
21
-97.1968200000000024
0
LINE
8
BLACK
6
CONTINUOUS
10
220.9011160000000018
20
-97.1968200000000024
11
220.902419999999978
21
-97.1946469999999891
0
LINE
8
BLACK
6
CONTINUOUS
10
220.902419999999978
20
-97.1946469999999891
11
220.9090679999999907
21
-97.1915059999999897
0
LINE
8
BLACK
6
CONTINUOUS
10
220.9090679999999907
20
-97.1915059999999897
11
220.9151789999999949
21
-97.1874229999999955
0
LINE
8
BLACK
6
CONTINUOUS
10
220.9151789999999949
20
-97.1874229999999955
11
220.9177119999999945
21
-97.1874229999999955
0
LINE
8
BLACK
6
CONTINUOUS
10
220.9177119999999945
20
-97.1874229999999955
11
220.9235879999999952
21
-97.1846469999999982
0
LINE
8
BLACK
6
CONTINUOUS
10
220.9235879999999952
20
-97.1846469999999982
11
221.0759689999999864
21
-97.1465519999999998
0
LINE
8
BLACK
6
CONTINUOUS
10
221.0759689999999864
20
-97.1465519999999998
11
221.083313000000004
21
-97.1461939999999942
0
LINE
8
BLACK
6
CONTINUOUS
10
221.083313000000004
20
-97.1461939999999942
11
221.0905209999999954
21
-97.1447610000000026
0
LINE
8
BLACK
6
CONTINUOUS
10
221.0905209999999954
20
-97.1447610000000026
11
221.3571879999999794
21
-97.1447610000000026
0
LINE
8
BLACK
6
CONTINUOUS
10
221.3571879999999794
20
-97.1447610000000026
11
221.3643950000000018
21
-97.1461939999999942
0
LINE
8
BLACK
6
CONTINUOUS
10
220.9688139999999805
20
-97.2970339999999965
11
220.9112619999999936
21
-97.3545869999999951
0
LINE
8
BLACK
6
CONTINUOUS
10
220.9112619999999936
20
-97.3545869999999951
11
220.8838549999999827
21
-97.409402
0
LINE
8
BLACK
6
CONTINUOUS
10
220.8838549999999827
20
-97.409402
11
220.8838549999999827
21
-97.5334529999999944
0
LINE
8
BLACK
6
CONTINUOUS
10
220.8838549999999827
20
-97.5334529999999944
11
220.9112619999999936
21
-97.5882689999999968
0
LINE
8
BLACK
6
CONTINUOUS
10
220.9112619999999936
20
-97.5882689999999968
11
220.9688139999999805
21
-97.645820999999998
0
LINE
8
BLACK
6
CONTINUOUS
10
220.9688139999999805
20
-97.645820999999998
11
221.0979049999999972
21
-97.678094999999999
0
LINE
8
BLACK
6
CONTINUOUS
10
221.0979049999999972
20
-97.678094999999999
11
221.3498039999999776
21
-97.678094999999999
0
LINE
8
BLACK
6
CONTINUOUS
10
221.3498039999999776
20
-97.678094999999999
11
221.4788939999999968
21
-97.6458200000000005
0
LINE
8
BLACK
6
CONTINUOUS
10
221.4788939999999968
20
-97.6458200000000005
11
221.5364469999999812
21
-97.5882670000000019
0
LINE
8
BLACK
6
CONTINUOUS
10
221.5364469999999812
20
-97.5882670000000019
11
221.5638549999999896
21
-97.5334529999999944
0
LINE
8
BLACK
6
CONTINUOUS
10
221.5638549999999896
20
-97.5334529999999944
11
221.5638549999999896
21
-97.409402
0
LINE
8
BLACK
6
CONTINUOUS
10
221.5638549999999896
20
-97.409402
11
221.5364469999999812
21
-97.3545869999999951
0
LINE
8
BLACK
6
CONTINUOUS
10
221.5364469999999812
20
-97.3545869999999951
11
221.4788949999999943
21
-97.2970339999999965
0
LINE
8
BLACK
6
CONTINUOUS
10
221.4788949999999943
20
-97.2970339999999965
11
221.3497999999999877
21
-97.2647609999999929
0
LINE
8
BLACK
6
CONTINUOUS
10
221.3497999999999877
20
-97.2647609999999929
11
221.0979049999999972
21
-97.2647609999999929
0
LINE
8
BLACK
6
CONTINUOUS
10
221.0979049999999972
20
-97.2647609999999929
11
220.9688139999999805
21
-97.2970339999999965
0
LINE
8
BLACK
6
CONTINUOUS
10
229.0944209999999828
20
-96.9548709999999971
11
229.0957269999999824
21
-96.9544360000000012
0
LINE
8
BLACK
6
CONTINUOUS
10
229.0957269999999824
20
-96.9544360000000012
11
229.1050019999999847
21
-96.9569749999999999
0
LINE
8
BLACK
6
CONTINUOUS
10
229.1050019999999847
20
-96.9569749999999999
11
229.1144349999999861
21
-96.9588519999999932
0
LINE
8
BLACK
6
CONTINUOUS
10
229.1144349999999861
20
-96.9588519999999932
11
229.1154080000000022
21
-96.959824999999995
0
LINE
8
BLACK
6
CONTINUOUS
10
229.1154080000000022
20
-96.959824999999995
11
229.1183069999999873
21
-96.9606189999999941
0
LINE
8
BLACK
6
CONTINUOUS
10
229.1183069999999873
20
-96.9606189999999941
11
229.1944969999999842
21
-96.9987139999999926
0
LINE
8
BLACK
6
CONTINUOUS
10
229.1944969999999842
20
-96.9987139999999926
11
229.2020949999999857
21
-97.004610999999997
0
LINE
8
BLACK
6
CONTINUOUS
10
229.2020949999999857
20
-97.004610999999997
11
229.2100899999999797
21
-97.0099529999999959
0
LINE
8
BLACK
6
CONTINUOUS
10
229.2100899999999797
20
-97.0099529999999959
11
229.2481859999999756
21
-97.0480479999999943
0
LINE
8
BLACK
6
CONTINUOUS
10
229.2481859999999756
20
-97.0480479999999943
11
229.2535279999999887
21
-97.0560419999999908
0
LINE
8
BLACK
6
CONTINUOUS
10
229.2535279999999887
20
-97.0560419999999908
11
229.2594259999999906
21
-97.0636420000000015
0
LINE
8
BLACK
6
CONTINUOUS
10
229.2594259999999906
20
-97.0636420000000015
11
229.297520999999989
21
-97.1398339999999934
0
LINE
8
BLACK
6
CONTINUOUS
10
229.297520999999989
20
-97.1398339999999934
11
229.2983139999999764
21
-97.1427309999999977
0
LINE
8
BLACK
6
CONTINUOUS
10
229.2983139999999764
20
-97.1427309999999977
11
229.29928799999999
21
-97.1437049999999971
0
LINE
8
BLACK
6
CONTINUOUS
10
229.29928799999999
20
-97.1437049999999971
11
229.301164
21
-97.1531389999999959
0
LINE
8
BLACK
6
CONTINUOUS
10
229.301164
20
-97.1531389999999959
11
229.303703999999982
21
-97.1624130000000008
0
LINE
8
BLACK
6
CONTINUOUS
10
229.303703999999982
20
-97.1624130000000008
11
229.3032680000000028
21
-97.1637179999999887
0
LINE
8
BLACK
6
CONTINUOUS
10
229.3032680000000028
20
-97.1637179999999887
11
229.3038549999999987
21
-97.1666659999999922
0
LINE
8
BLACK
6
CONTINUOUS
10
229.3038549999999987
20
-97.1666659999999922
11
229.3038549999999987
21
-97.3571419999999961
0
LINE
8
BLACK
6
CONTINUOUS
10
229.3038549999999987
20
-97.3571419999999961
11
229.3032680000000028
21
-97.3600890000000021
0
LINE
8
BLACK
6
CONTINUOUS
10
229.3032680000000028
20
-97.3600890000000021
11
229.303703999999982
21
-97.3613950000000017
0
LINE
8
BLACK
6
CONTINUOUS
10
229.303703999999982
20
-97.3613950000000017
11
229.301164
21
-97.3706699999999898
0
LINE
8
BLACK
6
CONTINUOUS
10
229.301164
20
-97.3706699999999898
11
229.29928799999999
21
-97.3801029999999912
0
LINE
8
BLACK
6
CONTINUOUS
10
229.29928799999999
20
-97.3801029999999912
11
229.2983139999999764
21
-97.3810759999999931
0
LINE
8
BLACK
6
CONTINUOUS
10
229.2983139999999764
20
-97.3810759999999931
11
229.297520999999989
21
-97.3839749999999924
0
LINE
8
BLACK
6
CONTINUOUS
10
229.297520999999989
20
-97.3839749999999924
11
229.2594259999999906
21
-97.4601649999999893
0
LINE
8
BLACK
6
CONTINUOUS
10
229.2594259999999906
20
-97.4601649999999893
11
229.2535249999999962
21
-97.4677659999999975
0
LINE
8
BLACK
6
CONTINUOUS
10
229.2535249999999962
20
-97.4677659999999975
11
229.2481859999999756
21
-97.475757999999999
0
LINE
8
BLACK
6
CONTINUOUS
10
229.2481859999999756
20
-97.475757999999999
11
229.2100899999999797
21
-97.5138539999999949
0
LINE
8
BLACK
6
CONTINUOUS
10
229.2100899999999797
20
-97.5138539999999949
11
229.1906249999999829
21
-97.5268609999999967
0
LINE
8
BLACK
6
CONTINUOUS
10
229.1906249999999829
20
-97.5268609999999967
11
229.1447029999999927
21
-97.5268609999999967
0
LINE
8
BLACK
6
CONTINUOUS
10
229.1447029999999927
20
-97.5268609999999967
11
229.11223099999998
21
-97.4943889999999982
0
LINE
8
BLACK
6
CONTINUOUS
10
229.11223099999998
20
-97.4943889999999982
11
229.11223099999998
21
-97.4484669999999937
0
LINE
8
BLACK
6
CONTINUOUS
10
229.11223099999998
20
-97.4484669999999937
11
229.125237999999996
21
-97.429001999999997
0
LINE
8
BLACK
6
CONTINUOUS
10
229.125237999999996
20
-97.429001999999997
11
229.1564469999999858
21
-97.397792999999993
0
LINE
8
BLACK
6
CONTINUOUS
10
229.1564469999999858
20
-97.397792999999993
11
229.1838549999999941
21
-97.3429769999999905
0
LINE
8
BLACK
6
CONTINUOUS
10
229.1838549999999941
20
-97.3429769999999905
11
229.1838549999999941
21
-97.1808300000000003
0
LINE
8
BLACK
6
CONTINUOUS
10
229.1838549999999941
20
-97.1808300000000003
11
229.1564479999999833
21
-97.1260159999999928
0
LINE
8
BLACK
6
CONTINUOUS
10
229.1564479999999833
20
-97.1260159999999928
11
229.1321229999999787
21
-97.1016919999999999
0
LINE
8
BLACK
6
CONTINUOUS
10
229.1321229999999787
20
-97.1016919999999999
11
229.0773089999999854
21
-97.0742849999999891
0
LINE
8
BLACK
6
CONTINUOUS
10
229.0773089999999854
20
-97.0742849999999891
11
228.9151629999999784
21
-97.0742849999999891
0
LINE
8
BLACK
6
CONTINUOUS
10
228.9151629999999784
20
-97.0742849999999891
11
228.8603469999999902
21
-97.1016919999999999
0
LINE
8
BLACK
6
CONTINUOUS
10
228.8603469999999902
20
-97.1016919999999999
11
228.8360239999999806
21
-97.1260149999999953
0
LINE
8
BLACK
6
CONTINUOUS
10
228.8360239999999806
20
-97.1260149999999953
11
228.8086169999999981
21
-97.1808300000000003
0
LINE
8
BLACK
6
CONTINUOUS
10
228.8086169999999981
20
-97.1808300000000003
11
228.8086169999999981
21
-97.3429769999999905
0
LINE
8
BLACK
6
CONTINUOUS
10
228.8086169999999981
20
-97.3429769999999905
11
228.8360239999999806
21
-97.397790999999998
0
LINE
8
BLACK
6
CONTINUOUS
10
228.8360239999999806
20
-97.397790999999998
11
228.8672339999999963
21
-97.429001999999997
0
LINE
8
BLACK
6
CONTINUOUS
10
228.8672339999999963
20
-97.429001999999997
11
228.8802399999999864
21
-97.4484669999999937
0
LINE
8
BLACK
6
CONTINUOUS
10
228.8802399999999864
20
-97.4484669999999937
11
228.8802399999999864
21
-97.4516399999999976
0
LINE
8
BLACK
6
CONTINUOUS
10
228.8802399999999864
20
-97.4516399999999976
11
228.8822499999999991
21
-97.4540969999999902
0
LINE
8
BLACK
6
CONTINUOUS
10
228.8822499999999991
20
-97.4540969999999902
11
228.8802399999999864
21
-97.4741939999999971
0
LINE
8
BLACK
6
CONTINUOUS
10
228.8802399999999864
20
-97.4741939999999971
11
228.8802399999999864
21
-97.4943899999999957
0
LINE
8
BLACK
6
CONTINUOUS
10
228.8802399999999864
20
-97.4943899999999957
11
228.8779949999999985
21
-97.4966340000000002
0
LINE
8
BLACK
6
CONTINUOUS
10
228.8779949999999985
20
-97.4966340000000002
11
228.877679999999998
21
-97.4997910000000019
0
LINE
8
BLACK
6
CONTINUOUS
10
228.877679999999998
20
-97.4997910000000019
11
228.8620469999999898
21
-97.5125799999999998
0
LINE
8
BLACK
6
CONTINUOUS
10
228.8620469999999898
20
-97.5125799999999998
11
228.8477669999999762
21
-97.5268609999999967
0
LINE
8
BLACK
6
CONTINUOUS
10
228.8477669999999762
20
-97.5268609999999967
11
228.8445949999999982
21
-97.5268609999999967
0
LINE
8
BLACK
6
CONTINUOUS
10
228.8445949999999982
20
-97.5268609999999967
11
228.8421379999999772
21
-97.5288709999999952
0
LINE
8
BLACK
6
CONTINUOUS
10
228.8421379999999772
20
-97.5288709999999952
11
228.818837000000002
21
-97.5311299999999903
0
LINE
8
BLACK
6
CONTINUOUS
10
228.818837000000002
20
-97.5311299999999903
11
228.4378849999999943
21
-97.4930339999999944
0
LINE
8
BLACK
6
CONTINUOUS
10
228.4378849999999943
20
-97.4930339999999944
11
228.4238869999999793
21
-97.4887650000000008
0
LINE
8
BLACK
6
CONTINUOUS
10
228.4238869999999793
20
-97.4887650000000008
11
228.4208939999999757
21
-97.4887650000000008
0
LINE
8
BLACK
6
CONTINUOUS
10
228.4208939999999757
20
-97.4887650000000008
11
228.4195799999999963
21
-97.487450999999993
0
LINE
8
BLACK
6
CONTINUOUS
10
228.4195799999999963
20
-97.487450999999993
11
228.4154920000000004
21
-97.4862049999999982
0
LINE
8
BLACK
6
CONTINUOUS
10
228.4154920000000004
20
-97.4862049999999982
11
228.4027019999999766
21
-97.4705730000000017
0
LINE
8
BLACK
6
CONTINUOUS
10
228.4027019999999766
20
-97.4705730000000017
11
228.3884219999999914
21
-97.4562930000000023
0
LINE
8
BLACK
6
CONTINUOUS
10
228.3884219999999914
20
-97.4562930000000023
11
228.3875879999999938
21
-97.4521000000000015
0
LINE
8
BLACK
6
CONTINUOUS
10
228.3875879999999938
20
-97.4521000000000015
11
228.3864119999999787
21
-97.4506629999999916
0
LINE
8
BLACK
6
CONTINUOUS
10
228.3864119999999787
20
-97.4506629999999916
11
228.3867089999999962
21
-97.4476839999999953
0
LINE
8
BLACK
6
CONTINUOUS
10
228.3867089999999962
20
-97.4476839999999953
11
228.3838549999999827
21
-97.4333319999999929
0
LINE
8
BLACK
6
CONTINUOUS
10
228.3838549999999827
20
-97.4333319999999929
11
228.3838549999999827
21
-97.0523799999999994
0
LINE
8
BLACK
6
CONTINUOUS
10
228.3838549999999827
20
-97.0523799999999994
11
228.3884219999999914
21
-97.0294189999999901
0
LINE
8
BLACK
6
CONTINUOUS
10
228.3884219999999914
20
-97.0294189999999901
11
228.4208939999999757
21
-96.9969469999999916
0
LINE
8
BLACK
6
CONTINUOUS
10
228.4208939999999757
20
-96.9969469999999916
11
228.4668159999999943
21
-96.9969469999999916
0
LINE
8
BLACK
6
CONTINUOUS
10
228.4668159999999943
20
-96.9969469999999916
11
228.4992879999999786
21
-97.0294189999999901
0
LINE
8
BLACK
6
CONTINUOUS
10
228.4992879999999786
20
-97.0294189999999901
11
228.5038549999999873
21
-97.0523799999999994
0
LINE
8
BLACK
6
CONTINUOUS
10
228.5038549999999873
20
-97.0523799999999994
11
228.5038549999999873
21
-97.3790329999999926
0
LINE
8
BLACK
6
CONTINUOUS
10
228.5038549999999873
20
-97.3790329999999926
11
228.7024069999999938
21
-97.3988879999999995
0
LINE
8
BLACK
6
CONTINUOUS
10
228.7024069999999938
20
-97.3988879999999995
11
228.6949510000000032
21
-97.3839749999999924
0
LINE
8
BLACK
6
CONTINUOUS
10
228.6949510000000032
20
-97.3839749999999924
11
228.6941569999999899
21
-97.3810759999999931
0
LINE
8
BLACK
6
CONTINUOUS
10
228.6941569999999899
20
-97.3810759999999931
11
228.6931840000000022
21
-97.3801029999999912
0
LINE
8
BLACK
6
CONTINUOUS
10
228.6931840000000022
20
-97.3801029999999912
11
228.6913069999999948
21
-97.3706699999999898
0
LINE
8
BLACK
6
CONTINUOUS
10
228.6913069999999948
20
-97.3706699999999898
11
228.6887679999999818
21
-97.3613950000000017
0
LINE
8
BLACK
6
CONTINUOUS
10
228.6887679999999818
20
-97.3613950000000017
11
228.689202999999992
21
-97.3600890000000021
0
LINE
8
BLACK
6
CONTINUOUS
10
228.689202999999992
20
-97.3600890000000021
11
228.6886169999999936
21
-97.3571419999999961
0
LINE
8
BLACK
6
CONTINUOUS
10
228.6886169999999936
20
-97.3571419999999961
11
228.6886169999999936
21
-97.1666659999999922
0
LINE
8
BLACK
6
CONTINUOUS
10
228.6886169999999936
20
-97.1666659999999922
11
228.689202999999992
21
-97.1637179999999887
0
LINE
8
BLACK
6
CONTINUOUS
10
228.689202999999992
20
-97.1637179999999887
11
228.6887679999999818
21
-97.1624130000000008
0
LINE
8
BLACK
6
CONTINUOUS
10
228.6887679999999818
20
-97.1624130000000008
11
228.6913069999999948
21
-97.153137000000001
0
LINE
8
BLACK
6
CONTINUOUS
10
228.6913069999999948
20
-97.153137000000001
11
228.6931840000000022
21
-97.1437049999999971
0
LINE
8
BLACK
6
CONTINUOUS
10
228.6931840000000022
20
-97.1437049999999971
11
228.6941569999999899
21
-97.1427309999999977
0
LINE
8
BLACK
6
CONTINUOUS
10
228.6941569999999899
20
-97.1427309999999977
11
228.6949510000000032
21
-97.1398329999999959
0
LINE
8
BLACK
6
CONTINUOUS
10
228.6949510000000032
20
-97.1398329999999959
11
228.7330460000000016
21
-97.0636420000000015
0
LINE
8
BLACK
6
CONTINUOUS
10
228.7330460000000016
20
-97.0636420000000015
11
228.7389479999999935
21
-97.0560359999999918
0
LINE
8
BLACK
6
CONTINUOUS
10
228.7389479999999935
20
-97.0560359999999918
11
228.7442859999999882
21
-97.0480489999999918
0
LINE
8
BLACK
6
CONTINUOUS
10
228.7442859999999882
20
-97.0480489999999918
11
228.7823799999999892
21
-97.0099539999999934
0
LINE
8
BLACK
6
CONTINUOUS
10
228.7823799999999892
20
-97.0099539999999934
11
228.7903739999999857
21
-97.004610999999997
0
LINE
8
BLACK
6
CONTINUOUS
10
228.7903739999999857
20
-97.004610999999997
11
228.7979739999999822
21
-96.9987139999999926
0
LINE
8
BLACK
6
CONTINUOUS
10
228.7979739999999822
20
-96.9987139999999926
11
228.8741660000000024
21
-96.9606189999999941
0
LINE
8
BLACK
6
CONTINUOUS
10
228.8741660000000024
20
-96.9606189999999941
11
228.8770629999999926
21
-96.959824999999995
0
LINE
8
BLACK
6
CONTINUOUS
10
228.8770629999999926
20
-96.959824999999995
11
228.8780369999999778
21
-96.9588519999999932
0
LINE
8
BLACK
6
CONTINUOUS
10
228.8780369999999778
20
-96.9588519999999932
11
228.8874709999999766
21
-96.9569749999999999
0
LINE
8
BLACK
6
CONTINUOUS
10
228.8874709999999766
20
-96.9569749999999999
11
228.8967449999999815
21
-96.9544360000000012
0
LINE
8
BLACK
6
CONTINUOUS
10
228.8967449999999815
20
-96.9544360000000012
11
228.8980499999999836
21
-96.9548709999999971
0
LINE
8
BLACK
6
CONTINUOUS
10
228.8980499999999836
20
-96.9548709999999971
11
228.9009979999999871
21
-96.9542849999999987
0
LINE
8
BLACK
6
CONTINUOUS
10
228.9009979999999871
20
-96.9542849999999987
11
229.0914739999999767
21
-96.9542849999999987
0
LINE
8
BLACK
6
CONTINUOUS
10
229.0914739999999767
20
-96.9542849999999987
11
229.0944209999999828
21
-96.9548709999999971
0
LINE
8
BLACK
6
CONTINUOUS
10
223.3828289999999868
20
-96.5764119999999906
11
224.1828289999999981
21
-96.8430779999999913
0
LINE
8
BLACK
6
CONTINUOUS
10
224.1828289999999981
20
-96.8430779999999913
11
224.2031669999999792
21
-96.8546719999999937
0
LINE
8
BLACK
6
CONTINUOUS
10
224.2031669999999792
20
-96.8546719999999937
11
224.2051719999999762
21
-96.8586820000000017
0
LINE
8
BLACK
6
CONTINUOUS
10
224.2051719999999762
20
-96.8586820000000017
11
224.2091819999999984
21
-96.8606869999999986
0
LINE
8
BLACK
6
CONTINUOUS
10
224.2091819999999984
20
-96.8606869999999986
11
224.2151969999999892
21
-96.8787319999999994
0
LINE
8
BLACK
6
CONTINUOUS
10
224.2151969999999892
20
-96.8787319999999994
11
224.2237039999999979
21
-96.8957460000000026
0
LINE
8
BLACK
6
CONTINUOUS
10
224.2237039999999979
20
-96.8957460000000026
11
224.2222859999999969
21
-96.899998999999994
0
LINE
8
BLACK
6
CONTINUOUS
10
224.2222859999999969
20
-96.899998999999994
11
224.2237039999999979
21
-96.9042519999999996
0
LINE
8
BLACK
6
CONTINUOUS
10
224.2237039999999979
20
-96.9042519999999996
11
224.2151989999999842
21
-96.9212610000000012
0
LINE
8
BLACK
6
CONTINUOUS
10
224.2151989999999842
20
-96.9212610000000012
11
224.2091829999999959
21
-96.9393109999999893
0
LINE
8
BLACK
6
CONTINUOUS
10
224.2091829999999959
20
-96.9393109999999893
11
224.2051709999999787
21
-96.9413160000000005
0
LINE
8
BLACK
6
CONTINUOUS
10
224.2051709999999787
20
-96.9413160000000005
11
224.2031669999999792
21
-96.9453259999999943
0
LINE
8
BLACK
6
CONTINUOUS
10
224.2031669999999792
20
-96.9453259999999943
11
224.1828289999999981
21
-96.9569199999999967
0
LINE
8
BLACK
6
CONTINUOUS
10
224.1828289999999981
20
-96.9569199999999967
11
223.3828289999999868
21
-97.2235869999999949
0
LINE
8
BLACK
6
CONTINUOUS
10
223.3828289999999868
20
-97.2235869999999949
11
223.3596019999999953
21
-97.226514999999992
0
LINE
8
BLACK
6
CONTINUOUS
10
223.3596019999999953
20
-97.226514999999992
11
223.3185279999999864
21
-97.2059780000000018
0
LINE
8
BLACK
6
CONTINUOUS
10
223.3185279999999864
20
-97.2059780000000018
11
223.3040059999999869
21
-97.1624130000000008
0
LINE
8
BLACK
6
CONTINUOUS
10
223.3040059999999869
20
-97.1624130000000008
11
223.3245429999999772
21
-97.1213389999999919
0
LINE
8
BLACK
6
CONTINUOUS
10
223.3245429999999772
20
-97.1213389999999919
11
223.3448809999999867
21
-97.1097449999999895
0
LINE
8
BLACK
6
CONTINUOUS
10
223.3448809999999867
20
-97.1097449999999895
11
223.9741179999999758
21
-96.8999979999999965
0
LINE
8
BLACK
6
CONTINUOUS
10
223.9741179999999758
20
-96.8999979999999965
11
223.3448809999999867
21
-96.6902539999999959
0
LINE
8
BLACK
6
CONTINUOUS
10
223.3448809999999867
20
-96.6902539999999959
11
223.3245429999999772
21
-96.6786599999999936
0
LINE
8
BLACK
6
CONTINUOUS
10
223.3245429999999772
20
-96.6786599999999936
11
223.3040059999999869
21
-96.6375859999999989
0
LINE
8
BLACK
6
CONTINUOUS
10
223.3040059999999869
20
-96.6375859999999989
11
223.3185279999999864
21
-96.5940209999999979
0
LINE
8
BLACK
6
CONTINUOUS
10
223.3185279999999864
20
-96.5940209999999979
11
223.3596019999999953
21
-96.5734839999999934
0
LINE
8
BLACK
6
CONTINUOUS
10
223.3596019999999953
20
-96.5734839999999934
11
223.3828289999999868
21
-96.5764119999999906
0
LINE
8
BLACK
6
CONTINUOUS
10
226.7268159999999853
20
-96.6159940000000006
11
226.7326419999999985
21
-96.6218199999999996
0
LINE
8
BLACK
6
CONTINUOUS
10
226.7326419999999985
20
-96.6218199999999996
11
226.7405929999999898
21
-96.6239889999999946
0
LINE
8
BLACK
6
CONTINUOUS
10
226.7405929999999898
20
-96.6239889999999946
11
226.7483009999999979
21
-96.637478999999999
0
LINE
8
BLACK
6
CONTINUOUS
10
226.7483009999999979
20
-96.637478999999999
11
226.759287999999998
21
-96.6484659999999991
0
LINE
8
BLACK
6
CONTINUOUS
10
226.759287999999998
20
-96.6484659999999991
11
226.759287999999998
21
-96.6567050000000023
0
LINE
8
BLACK
6
CONTINUOUS
10
226.759287999999998
20
-96.6567050000000023
11
226.7633759999999938
21
-96.6638599999999997
0
LINE
8
BLACK
6
CONTINUOUS
10
226.7633759999999938
20
-96.6638599999999997
11
226.759287999999998
21
-96.6788489999999996
0
LINE
8
BLACK
6
CONTINUOUS
10
226.759287999999998
20
-96.6788489999999996
11
226.759287999999998
21
-96.6943879999999893
0
LINE
8
BLACK
6
CONTINUOUS
10
226.759287999999998
20
-96.6943879999999893
11
226.7534599999999898
21
-96.700215
0
LINE
8
BLACK
6
CONTINUOUS
10
226.7534599999999898
20
-96.700215
11
226.7512929999999756
21
-96.7081639999999965
0
LINE
8
BLACK
6
CONTINUOUS
10
226.7512929999999756
20
-96.7081639999999965
11
226.7336229999999944
21
-96.7235220000000027
0
LINE
8
BLACK
6
CONTINUOUS
10
226.7336229999999944
20
-96.7235220000000027
11
226.1297889999999882
21
-97.068569999999994
0
LINE
8
BLACK
6
CONTINUOUS
10
226.1297889999999882
20
-97.068569999999994
11
226.7038549999999759
21
-97.068569999999994
0
LINE
8
BLACK
6
CONTINUOUS
10
226.7038549999999759
20
-97.068569999999994
11
226.7268159999999853
21
-97.0731370000000027
0
LINE
8
BLACK
6
CONTINUOUS
10
226.7268159999999853
20
-97.0731370000000027
11
226.759287999999998
21
-97.1056090000000012
0
LINE
8
BLACK
6
CONTINUOUS
10
226.759287999999998
20
-97.1056090000000012
11
226.759287999999998
21
-97.1515309999999914
0
LINE
8
BLACK
6
CONTINUOUS
10
226.759287999999998
20
-97.1515309999999914
11
226.7268159999999853
21
-97.1840029999999899
0
LINE
8
BLACK
6
CONTINUOUS
10
226.7268159999999853
20
-97.1840029999999899
11
226.7038549999999759
21
-97.1885699999999986
0
LINE
8
BLACK
6
CONTINUOUS
10
226.7038549999999759
20
-97.1885699999999986
11
225.903854999999993
21
-97.1885699999999986
0
LINE
8
BLACK
6
CONTINUOUS
10
225.903854999999993
20
-97.1885699999999986
11
225.8808939999999836
21
-97.1840029999999899
0
LINE
8
BLACK
6
CONTINUOUS
10
225.8808939999999836
20
-97.1840029999999899
11
225.8750660000000039
21
-97.178174999999996
0
LINE
8
BLACK
6
CONTINUOUS
10
225.8750660000000039
20
-97.178174999999996
11
225.8671179999999765
21
-97.1760079999999959
0
LINE
8
BLACK
6
CONTINUOUS
10
225.8671179999999765
20
-97.1760079999999959
11
225.8594089999999994
21
-97.1625179999999915
0
LINE
8
BLACK
6
CONTINUOUS
10
225.8594089999999994
20
-97.1625179999999915
11
225.8484219999999993
21
-97.1515309999999914
0
LINE
8
BLACK
6
CONTINUOUS
10
225.8484219999999993
20
-97.1515309999999914
11
225.8484219999999993
21
-97.1432899999999933
0
LINE
8
BLACK
6
CONTINUOUS
10
225.8484219999999993
20
-97.1432899999999933
11
225.8443340000000035
21
-97.1361369999999908
0
LINE
8
BLACK
6
CONTINUOUS
10
225.8443340000000035
20
-97.1361369999999908
11
225.8484219999999993
21
-97.1211469999999935
0
LINE
8
BLACK
6
CONTINUOUS
10
225.8484219999999993
20
-97.1211469999999935
11
225.8484219999999993
21
-97.1056090000000012
0
LINE
8
BLACK
6
CONTINUOUS
10
225.8484219999999993
20
-97.1056090000000012
11
225.8542489999999816
21
-97.099780999999993
0
LINE
8
BLACK
6
CONTINUOUS
10
225.8542489999999816
20
-97.099780999999993
11
225.8564169999999933
21
-97.0918329999999941
0
LINE
8
BLACK
6
CONTINUOUS
10
225.8564169999999933
20
-97.0918329999999941
11
225.8740870000000029
21
-97.0764750000000021
0
LINE
8
BLACK
6
CONTINUOUS
10
225.8740870000000029
20
-97.0764750000000021
11
226.4779209999999807
21
-96.7314269999999965
0
LINE
8
BLACK
6
CONTINUOUS
10
226.4779209999999807
20
-96.7314269999999965
11
225.903854999999993
21
-96.7314269999999965
0
LINE
8
BLACK
6
CONTINUOUS
10
225.903854999999993
20
-96.7314269999999965
11
225.8808939999999836
21
-96.7268600000000021
0
LINE
8
BLACK
6
CONTINUOUS
10
225.8808939999999836
20
-96.7268600000000021
11
225.8484219999999993
21
-96.6943879999999893
0
LINE
8
BLACK
6
CONTINUOUS
10
225.8484219999999993
20
-96.6943879999999893
11
225.8484219999999993
21
-96.6484659999999991
0
LINE
8
BLACK
6
CONTINUOUS
10
225.8484219999999993
20
-96.6484659999999991
11
225.8808939999999836
21
-96.6159940000000006
0
LINE
8
BLACK
6
CONTINUOUS
10
225.8808939999999836
20
-96.6159940000000006
11
225.903854999999993
21
-96.6114269999999919
0
LINE
8
BLACK
6
CONTINUOUS
10
225.903854999999993
20
-96.6114269999999919
11
226.7038549999999759
21
-96.6114269999999919
0
LINE
8
BLACK
6
CONTINUOUS
10
226.7038549999999759
20
-96.6114269999999919
11
226.7268159999999853
21
-96.6159940000000006
0
LINE
8
BLACK
6
CONTINUOUS
10
221.6792879999999855
20
-96.4198959999999943
11
221.6838549999999941
21
-96.4428569999999894
0
LINE
8
BLACK
6
CONTINUOUS
10
221.6838549999999941
20
-96.4428569999999894
11
221.6838549999999941
21
-96.8999999999999915
0
LINE
8
BLACK
6
CONTINUOUS
10
221.6838549999999941
20
-96.8999999999999915
11
221.6792879999999855
21
-96.9229610000000008
0
LINE
8
BLACK
6
CONTINUOUS
10
221.6792879999999855
20
-96.9229610000000008
11
221.6468160000000012
21
-96.9554329999999993
0
LINE
8
BLACK
6
CONTINUOUS
10
221.6468160000000012
20
-96.9554329999999993
11
221.6008939999999825
21
-96.9554329999999993
0
LINE
8
BLACK
6
CONTINUOUS
10
221.6008939999999825
20
-96.9554329999999993
11
221.5684219999999982
21
-96.9229610000000008
0
LINE
8
BLACK
6
CONTINUOUS
10
221.5684219999999982
20
-96.9229610000000008
11
221.5638549999999896
21
-96.8999999999999915
0
LINE
8
BLACK
6
CONTINUOUS
10
221.5638549999999896
20
-96.8999999999999915
11
221.5638549999999896
21
-96.731427999999994
0
LINE
8
BLACK
6
CONTINUOUS
10
221.5638549999999896
20
-96.731427999999994
11
221.0068019999999933
21
-96.731427999999994
0
LINE
8
BLACK
6
CONTINUOUS
10
221.0068019999999933
20
-96.731427999999994
11
221.0567569999999762
21
-96.7813829999999911
0
LINE
8
BLACK
6
CONTINUOUS
10
221.0567569999999762
20
-96.7813829999999911
11
221.0620940000000019
21
-96.789369999999991
0
LINE
8
BLACK
6
CONTINUOUS
10
221.0620940000000019
20
-96.789369999999991
11
221.0679969999999912
21
-96.7969760000000008
0
LINE
8
BLACK
6
CONTINUOUS
10
221.0679969999999912
20
-96.7969760000000008
11
221.1060919999999896
21
-96.8731679999999926
0
LINE
8
BLACK
6
CONTINUOUS
10
221.1060919999999896
20
-96.8731679999999926
11
221.1122749999999826
21
-96.8957470000000001
0
LINE
8
BLACK
6
CONTINUOUS
10
221.1122749999999826
20
-96.8957470000000001
11
221.0977529999999831
21
-96.9393129999999985
0
LINE
8
BLACK
6
CONTINUOUS
10
221.0977529999999831
20
-96.9393129999999985
11
221.0566790000000026
21
-96.9598489999999913
0
LINE
8
BLACK
6
CONTINUOUS
10
221.0566790000000026
20
-96.9598489999999913
11
221.0131130000000041
21
-96.9453269999999918
0
LINE
8
BLACK
6
CONTINUOUS
10
221.0131130000000041
20
-96.9453269999999918
11
220.9987599999999759
21
-96.926833000000002
0
LINE
8
BLACK
6
CONTINUOUS
10
220.9987599999999759
20
-96.926833000000002
11
220.9650179999999864
21
-96.8593499999999921
0
LINE
8
BLACK
6
CONTINUOUS
10
220.9650179999999864
20
-96.8593499999999921
11
220.8999139999999954
21
-96.7942449999999894
0
LINE
8
BLACK
6
CONTINUOUS
10
220.8999139999999954
20
-96.7942449999999894
11
220.7905729999999949
21
-96.7213509999999985
0
LINE
8
BLACK
6
CONTINUOUS
10
220.7905729999999949
20
-96.7213509999999985
11
220.7740009999999984
21
-96.7048139999999989
0
LINE
8
BLACK
6
CONTINUOUS
10
220.7740009999999984
20
-96.7048139999999989
11
220.7727889999999888
21
-96.6987559999999888
0
LINE
8
BLACK
6
CONTINUOUS
10
220.7727889999999888
20
-96.6987559999999888
11
220.7684219999999868
21
-96.694389000000001
0
LINE
8
BLACK
6
CONTINUOUS
10
220.7684219999999868
20
-96.694389000000001
11
220.7684219999999868
21
-96.6769149999999939
0
LINE
8
BLACK
6
CONTINUOUS
10
220.7684219999999868
20
-96.6769149999999939
11
220.7649959999999965
21
-96.6597840000000019
0
LINE
8
BLACK
6
CONTINUOUS
10
220.7649959999999965
20
-96.6597840000000019
11
220.7684219999999868
21
-96.6546439999999905
0
LINE
8
BLACK
6
CONTINUOUS
10
220.7684219999999868
20
-96.6546439999999905
11
220.7684219999999868
21
-96.6484669999999966
0
LINE
8
BLACK
6
CONTINUOUS
10
220.7684219999999868
20
-96.6484669999999966
11
220.7807770000000005
21
-96.6361109999999996
0
LINE
8
BLACK
6
CONTINUOUS
10
220.7807770000000005
20
-96.6361109999999996
11
220.7904690000000016
21
-96.6215739999999954
0
LINE
8
BLACK
6
CONTINUOUS
10
220.7904690000000016
20
-96.6215739999999954
11
220.7965260000000001
21
-96.6203620000000001
0
LINE
8
BLACK
6
CONTINUOUS
10
220.7965260000000001
20
-96.6203620000000001
11
220.8008939999999996
21
-96.6159949999999981
0
LINE
8
BLACK
6
CONTINUOUS
10
220.8008939999999996
20
-96.6159949999999981
11
220.8238549999999805
21
-96.6114279999999894
0
LINE
8
BLACK
6
CONTINUOUS
10
220.8238549999999805
20
-96.6114279999999894
11
221.5638549999999896
21
-96.6114279999999894
0
LINE
8
BLACK
6
CONTINUOUS
10
221.5638549999999896
20
-96.6114279999999894
11
221.5638549999999896
21
-96.4428569999999894
0
LINE
8
BLACK
6
CONTINUOUS
10
221.5638549999999896
20
-96.4428569999999894
11
221.5684219999999982
21
-96.4198959999999943
0
LINE
8
BLACK
6
CONTINUOUS
10
221.5684219999999982
20
-96.4198959999999943
11
221.6008939999999825
21
-96.3874239999999958
0
LINE
8
BLACK
6
CONTINUOUS
10
221.6008939999999825
20
-96.3874239999999958
11
221.6468160000000012
21
-96.3874239999999958
0
LINE
8
BLACK
6
CONTINUOUS
10
221.6468160000000012
20
-96.3874239999999958
11
221.6792879999999855
21
-96.4198959999999943
0
LINE
8
BLACK
6
CONTINUOUS
10
228.4628289999999993
20
-96.1954589999999996
11
229.2628289999999822
21
-96.4621250000000003
0
LINE
8
BLACK
6
CONTINUOUS
10
229.2628289999999822
20
-96.4621250000000003
11
229.2831669999999917
21
-96.4737190000000027
0
LINE
8
BLACK
6
CONTINUOUS
10
229.2831669999999917
20
-96.4737190000000027
11
229.2851719999999887
21
-96.4777289999999965
0
LINE
8
BLACK
6
CONTINUOUS
10
229.2851719999999887
20
-96.4777289999999965
11
229.2891819999999825
21
-96.4797339999999934
0
LINE
8
BLACK
6
CONTINUOUS
10
229.2891819999999825
20
-96.4797339999999934
11
229.2951970000000017
21
-96.4977789999999942
0
LINE
8
BLACK
6
CONTINUOUS
10
229.2951970000000017
20
-96.4977789999999942
11
229.303703999999982
21
-96.5147929999999974
0
LINE
8
BLACK
6
CONTINUOUS
10
229.303703999999982
20
-96.5147929999999974
11
229.302285999999981
21
-96.5190459999999888
0
LINE
8
BLACK
6
CONTINUOUS
10
229.302285999999981
20
-96.5190459999999888
11
229.303703999999982
21
-96.5232989999999944
0
LINE
8
BLACK
6
CONTINUOUS
10
229.303703999999982
20
-96.5232989999999944
11
229.2951989999999967
21
-96.540307999999996
0
LINE
8
BLACK
6
CONTINUOUS
10
229.2951989999999967
20
-96.540307999999996
11
229.28918299999998
21
-96.5583579999999984
0
LINE
8
BLACK
6
CONTINUOUS
10
229.28918299999998
20
-96.5583579999999984
11
229.2851709999999912
21
-96.5603629999999953
0
LINE
8
BLACK
6
CONTINUOUS
10
229.2851709999999912
20
-96.5603629999999953
11
229.2831669999999917
21
-96.5643729999999891
0
LINE
8
BLACK
6
CONTINUOUS
10
229.2831669999999917
20
-96.5643729999999891
11
229.2628289999999822
21
-96.5759669999999915
0
LINE
8
BLACK
6
CONTINUOUS
10
229.2628289999999822
20
-96.5759669999999915
11
228.4628289999999993
21
-96.8426339999999897
0
LINE
8
BLACK
6
CONTINUOUS
10
228.4628289999999993
20
-96.8426339999999897
11
228.4396019999999794
21
-96.845562000000001
0
LINE
8
BLACK
6
CONTINUOUS
10
228.4396019999999794
20
-96.845562000000001
11
228.3985279999999989
21
-96.8250249999999966
0
LINE
8
BLACK
6
CONTINUOUS
10
228.3985279999999989
20
-96.8250249999999966
11
228.3840059999999994
21
-96.7814599999999956
0
LINE
8
BLACK
6
CONTINUOUS
10
228.3840059999999994
20
-96.7814599999999956
11
228.4045429999999897
21
-96.7403860000000009
0
LINE
8
BLACK
6
CONTINUOUS
10
228.4045429999999897
20
-96.7403860000000009
11
228.4248809999999992
21
-96.7287919999999986
0
LINE
8
BLACK
6
CONTINUOUS
10
228.4248809999999992
20
-96.7287919999999986
11
229.0541179999999883
21
-96.5190449999999913
0
LINE
8
BLACK
6
CONTINUOUS
10
229.0541179999999883
20
-96.5190449999999913
11
228.4248809999999992
21
-96.3093009999999907
0
LINE
8
BLACK
6
CONTINUOUS
10
228.4248809999999992
20
-96.3093009999999907
11
228.4045429999999897
21
-96.2977070000000026
0
LINE
8
BLACK
6
CONTINUOUS
10
228.4045429999999897
20
-96.2977070000000026
11
228.3840059999999994
21
-96.2566329999999937
0
LINE
8
BLACK
6
CONTINUOUS
10
228.3840059999999994
20
-96.2566329999999937
11
228.3985279999999989
21
-96.2130679999999927
0
LINE
8
BLACK
6
CONTINUOUS
10
228.3985279999999989
20
-96.2130679999999927
11
228.4396019999999794
21
-96.1925310000000025
0
LINE
8
BLACK
6
CONTINUOUS
10
228.4396019999999794
20
-96.1925310000000025
11
228.4628289999999993
21
-96.1954589999999996
0
LINE
8
BLACK
6
CONTINUOUS
10
224.0144209999999987
20
-95.8882049999999992
11
224.0157269999999983
21
-95.8877699999999891
0
LINE
8
BLACK
6
CONTINUOUS
10
224.0157269999999983
20
-95.8877699999999891
11
224.0250020000000006
21
-95.890309000000002
0
LINE
8
BLACK
6
CONTINUOUS
10
224.0250020000000006
20
-95.890309000000002
11
224.034435000000002
21
-95.8921859999999953
0
LINE
8
BLACK
6
CONTINUOUS
10
224.034435000000002
20
-95.8921859999999953
11
224.0354079999999897
21
-95.8931589999999971
0
LINE
8
BLACK
6
CONTINUOUS
10
224.0354079999999897
20
-95.8931589999999971
11
224.0383070000000032
21
-95.8939529999999962
0
LINE
8
BLACK
6
CONTINUOUS
10
224.0383070000000032
20
-95.8939529999999962
11
224.1144970000000001
21
-95.9320479999999947
0
LINE
8
BLACK
6
CONTINUOUS
10
224.1144970000000001
20
-95.9320479999999947
11
224.1220950000000016
21
-95.9379449999999991
0
LINE
8
BLACK
6
CONTINUOUS
10
224.1220950000000016
20
-95.9379449999999991
11
224.1300899999999956
21
-95.943286999999998
0
LINE
8
BLACK
6
CONTINUOUS
10
224.1300899999999956
20
-95.943286999999998
11
224.1681859999999915
21
-95.9813819999999964
0
LINE
8
BLACK
6
CONTINUOUS
10
224.1681859999999915
20
-95.9813819999999964
11
224.1735279999999761
21
-95.9893759999999929
0
LINE
8
BLACK
6
CONTINUOUS
10
224.1735279999999761
20
-95.9893759999999929
11
224.1794259999999781
21
-95.9969759999999894
0
LINE
8
BLACK
6
CONTINUOUS
10
224.1794259999999781
20
-95.9969759999999894
11
224.2175209999999765
21
-96.0731679999999955
0
LINE
8
BLACK
6
CONTINUOUS
10
224.2175209999999765
20
-96.0731679999999955
11
224.2183139999999923
21
-96.0760649999999998
0
LINE
8
BLACK
6
CONTINUOUS
10
224.2183139999999923
20
-96.0760649999999998
11
224.2192879999999775
21
-96.0770389999999992
0
LINE
8
BLACK
6
CONTINUOUS
10
224.2192879999999775
20
-96.0770389999999992
11
224.2211639999999875
21
-96.086472999999998
0
LINE
8
BLACK
6
CONTINUOUS
10
224.2211639999999875
20
-96.086472999999998
11
224.2237039999999979
21
-96.0957469999999887
0
LINE
8
BLACK
6
CONTINUOUS
10
224.2237039999999979
20
-96.0957469999999887
11
224.2232679999999903
21
-96.0970519999999908
0
LINE
8
BLACK
6
CONTINUOUS
10
224.2232679999999903
20
-96.0970519999999908
11
224.2238549999999861
21
-96.0999999999999943
0
LINE
8
BLACK
6
CONTINUOUS
10
224.2238549999999861
20
-96.0999999999999943
11
224.2238549999999861
21
-96.3285709999999966
0
LINE
8
BLACK
6
CONTINUOUS
10
224.2238549999999861
20
-96.3285709999999966
11
224.2232679999999903
21
-96.3315180000000026
0
LINE
8
BLACK
6
CONTINUOUS
10
224.2232679999999903
20
-96.3315180000000026
11
224.2237039999999979
21
-96.3328240000000022
0
LINE
8
BLACK
6
CONTINUOUS
10
224.2237039999999979
20
-96.3328240000000022
11
224.2211639999999875
21
-96.3420969999999954
0
LINE
8
BLACK
6
CONTINUOUS
10
224.2211639999999875
20
-96.3420969999999954
11
224.2192879999999775
21
-96.3515319999999917
0
LINE
8
BLACK
6
CONTINUOUS
10
224.2192879999999775
20
-96.3515319999999917
11
224.2183139999999923
21
-96.3525049999999936
0
LINE
8
BLACK
6
CONTINUOUS
10
224.2183139999999923
20
-96.3525049999999936
11
224.2175209999999765
21
-96.3554029999999955
0
LINE
8
BLACK
6
CONTINUOUS
10
224.2175209999999765
20
-96.3554029999999955
11
224.1794259999999781
21
-96.4315950000000015
0
LINE
8
BLACK
6
CONTINUOUS
10
224.1794259999999781
20
-96.4315950000000015
11
224.1735279999999761
21
-96.4391940000000005
0
LINE
8
BLACK
6
CONTINUOUS
10
224.1735279999999761
20
-96.4391940000000005
11
224.1681859999999915
21
-96.4471889999999945
0
LINE
8
BLACK
6
CONTINUOUS
10
224.1681859999999915
20
-96.4471889999999945
11
224.1300899999999956
21
-96.4852839999999929
0
LINE
8
BLACK
6
CONTINUOUS
10
224.1300899999999956
20
-96.4852839999999929
11
224.1106240000000014
21
-96.4982899999999972
0
LINE
8
BLACK
6
CONTINUOUS
10
224.1106240000000014
20
-96.4982899999999972
11
224.0647019999999827
21
-96.4982899999999972
0
LINE
8
BLACK
6
CONTINUOUS
10
224.0647019999999827
20
-96.4982899999999972
11
224.0322309999999959
21
-96.4658170000000013
0
LINE
8
BLACK
6
CONTINUOUS
10
224.0322309999999959
20
-96.4658170000000013
11
224.0322309999999959
21
-96.4198949999999968
0
LINE
8
BLACK
6
CONTINUOUS
10
224.0322309999999959
20
-96.4198949999999968
11
224.0452379999999835
21
-96.4004300000000001
0
LINE
8
BLACK
6
CONTINUOUS
10
224.0452379999999835
20
-96.4004300000000001
11
224.0764479999999992
21
-96.3692199999999985
0
LINE
8
BLACK
6
CONTINUOUS
10
224.0764479999999992
20
-96.3692199999999985
11
224.1038549999999816
21
-96.3144059999999911
0
LINE
8
BLACK
6
CONTINUOUS
10
224.1038549999999816
20
-96.3144059999999911
11
224.1038549999999816
21
-96.1141640000000024
0
LINE
8
BLACK
6
CONTINUOUS
10
224.1038549999999816
20
-96.1141640000000024
11
224.0764479999999992
21
-96.0593499999999949
0
LINE
8
BLACK
6
CONTINUOUS
10
224.0764479999999992
20
-96.0593499999999949
11
224.0521229999999946
21
-96.035026000000002
0
LINE
8
BLACK
6
CONTINUOUS
10
224.0521229999999946
20
-96.035026000000002
11
223.9973090000000013
21
-96.0076189999999912
0
LINE
8
BLACK
6
CONTINUOUS
10
223.9973090000000013
20
-96.0076189999999912
11
223.8351629999999943
21
-96.0076189999999912
0
LINE
8
BLACK
6
CONTINUOUS
10
223.8351629999999943
20
-96.0076189999999912
11
223.7803469999999777
21
-96.035026000000002
0
LINE
8
BLACK
6
CONTINUOUS
10
223.7803469999999777
20
-96.035026000000002
11
223.7560239999999965
21
-96.0593489999999974
0
LINE
8
BLACK
6
CONTINUOUS
10
223.7560239999999965
20
-96.0593489999999974
11
223.7286169999999856
21
-96.1141640000000024
0
LINE
8
BLACK
6
CONTINUOUS
10
223.7286169999999856
20
-96.1141640000000024
11
223.7286169999999856
21
-96.2142849999999896
0
LINE
8
BLACK
6
CONTINUOUS
10
223.7286169999999856
20
-96.2142849999999896
11
223.7252879999999777
21
-96.2310169999999943
0
LINE
8
BLACK
6
CONTINUOUS
10
223.7252879999999777
20
-96.2310169999999943
11
223.7254549999999824
21
-96.2335080000000005
0
LINE
8
BLACK
6
CONTINUOUS
10
223.7254549999999824
20
-96.2335080000000005
11
223.7245979999999861
21
-96.2344859999999898
0
LINE
8
BLACK
6
CONTINUOUS
10
223.7245979999999861
20
-96.2344859999999898
11
223.724049999999977
21
-96.237245999999999
0
LINE
8
BLACK
6
CONTINUOUS
10
223.724049999999977
20
-96.237245999999999
11
223.7091240000000028
21
-96.2521720000000016
0
LINE
8
BLACK
6
CONTINUOUS
10
223.7091240000000028
20
-96.2521720000000016
11
223.6952149999999904
21
-96.2680679999999995
0
LINE
8
BLACK
6
CONTINUOUS
10
223.6952149999999904
20
-96.2680679999999995
11
223.6930859999999939
21
-96.2682089999999988
0
LINE
8
BLACK
6
CONTINUOUS
10
223.6930859999999939
20
-96.2682089999999988
11
223.6915779999999927
21
-96.2697179999999975
0
LINE
8
BLACK
6
CONTINUOUS
10
223.6915779999999927
20
-96.2697179999999975
11
223.6704670000000021
21
-96.2697179999999975
0
LINE
8
BLACK
6
CONTINUOUS
10
223.6704670000000021
20
-96.2697179999999975
11
223.6493940000000009
21
-96.2711229999999887
0
LINE
8
BLACK
6
CONTINUOUS
10
223.6493940000000009
20
-96.2711229999999887
11
223.6469539999999938
21
-96.2697179999999975
0
LINE
8
BLACK
6
CONTINUOUS
10
223.6469539999999938
20
-96.2697179999999975
11
223.6456560000000025
21
-96.2697179999999975
0
LINE
8
BLACK
6
CONTINUOUS
10
223.6456560000000025
20
-96.2697179999999975
11
223.6438929999999914
21
-96.2679550000000006
0
LINE
8
BLACK
6
CONTINUOUS
10
223.6438929999999914
20
-96.2679550000000006
11
223.6291069999999763
21
-96.2594399999999979
0
LINE
8
BLACK
6
CONTINUOUS
10
223.6291069999999763
20
-96.2594399999999979
11
223.4238550000000032
21
-96.0798449999999917
0
LINE
8
BLACK
6
CONTINUOUS
10
223.4238550000000032
20
-96.0798449999999917
11
223.4238550000000032
21
-96.4428569999999894
0
LINE
8
BLACK
6
CONTINUOUS
10
223.4238550000000032
20
-96.4428569999999894
11
223.4192879999999946
21
-96.4658179999999987
0
LINE
8
BLACK
6
CONTINUOUS
10
223.4192879999999946
20
-96.4658179999999987
11
223.3868159999999818
21
-96.4982899999999972
0
LINE
8
BLACK
6
CONTINUOUS
10
223.3868159999999818
20
-96.4982899999999972
11
223.3408939999999916
21
-96.4982899999999972
0
LINE
8
BLACK
6
CONTINUOUS
10
223.3408939999999916
20
-96.4982899999999972
11
223.3084219999999789
21
-96.4658179999999987
0
LINE
8
BLACK
6
CONTINUOUS
10
223.3084219999999789
20
-96.4658179999999987
11
223.3038549999999987
21
-96.4428569999999894
0
LINE
8
BLACK
6
CONTINUOUS
10
223.3038549999999987
20
-96.4428569999999894
11
223.3038549999999987
21
-95.9476189999999889
0
LINE
8
BLACK
6
CONTINUOUS
10
223.3038549999999987
20
-95.9476189999999889
11
223.3071829999999807
21
-95.930886000000001
0
LINE
8
BLACK
6
CONTINUOUS
10
223.3071829999999807
20
-95.930886000000001
11
223.3070170000000019
21
-95.9283959999999922
0
LINE
8
BLACK
6
CONTINUOUS
10
223.3070170000000019
20
-95.9283959999999922
11
223.3078730000000007
21
-95.9274169999999913
0
LINE
8
BLACK
6
CONTINUOUS
10
223.3078730000000007
20
-95.9274169999999913
11
223.3084219999999789
21
-95.9246579999999938
0
LINE
8
BLACK
6
CONTINUOUS
10
223.3084219999999789
20
-95.9246579999999938
11
223.3233479999999815
21
-95.9097319999999911
0
LINE
8
BLACK
6
CONTINUOUS
10
223.3233479999999815
20
-95.9097319999999911
11
223.3372569999999939
21
-95.8938359999999932
0
LINE
8
BLACK
6
CONTINUOUS
10
223.3372569999999939
20
-95.8938359999999932
11
223.3393849999999929
21
-95.8936939999999964
0
LINE
8
BLACK
6
CONTINUOUS
10
223.3393849999999929
20
-95.8936939999999964
11
223.3408939999999916
21
-95.8921859999999953
0
LINE
8
BLACK
6
CONTINUOUS
10
223.3408939999999916
20
-95.8921859999999953
11
223.3620049999999821
21
-95.8921859999999953
0
LINE
8
BLACK
6
CONTINUOUS
10
223.3620049999999821
20
-95.8921859999999953
11
223.3830779999999834
21
-95.8907809999999898
0
LINE
8
BLACK
6
CONTINUOUS
10
223.3830779999999834
20
-95.8907809999999898
11
223.3855179999999905
21
-95.8921859999999953
0
LINE
8
BLACK
6
CONTINUOUS
10
223.3855179999999905
20
-95.8921859999999953
11
223.3868159999999818
21
-95.8921859999999953
0
LINE
8
BLACK
6
CONTINUOUS
10
223.3868159999999818
20
-95.8921859999999953
11
223.3885779999999954
21
-95.8939479999999946
0
LINE
8
BLACK
6
CONTINUOUS
10
223.3885779999999954
20
-95.8939479999999946
11
223.4033649999999795
21
-95.9024639999999948
0
LINE
8
BLACK
6
CONTINUOUS
10
223.4033649999999795
20
-95.9024639999999948
11
223.6116559999999822
21
-96.0847179999999952
0
LINE
8
BLACK
6
CONTINUOUS
10
223.6116559999999822
20
-96.0847179999999952
11
223.6131839999999897
21
-96.0770389999999992
0
LINE
8
BLACK
6
CONTINUOUS
10
223.6131839999999897
20
-96.0770389999999992
11
223.6141569999999774
21
-96.0760649999999998
0
LINE
8
BLACK
6
CONTINUOUS
10
223.6141569999999774
20
-96.0760649999999998
11
223.6149509999999907
21
-96.073166999999998
0
LINE
8
BLACK
6
CONTINUOUS
10
223.6149509999999907
20
-96.073166999999998
11
223.6530459999999891
21
-95.9969759999999894
0
LINE
8
BLACK
6
CONTINUOUS
10
223.6530459999999891
20
-95.9969759999999894
11
223.658947999999981
21
-95.9893699999999939
0
LINE
8
BLACK
6
CONTINUOUS
10
223.658947999999981
20
-95.9893699999999939
11
223.6642859999999757
21
-95.9813829999999939
0
LINE
8
BLACK
6
CONTINUOUS
10
223.6642859999999757
20
-95.9813829999999939
11
223.7023799999999767
21
-95.9432879999999955
0
LINE
8
BLACK
6
CONTINUOUS
10
223.7023799999999767
20
-95.9432879999999955
11
223.7103740000000016
21
-95.9379449999999991
0
LINE
8
BLACK
6
CONTINUOUS
10
223.7103740000000016
20
-95.9379449999999991
11
223.7179739999999981
21
-95.9320479999999947
0
LINE
8
BLACK
6
CONTINUOUS
10
223.7179739999999981
20
-95.9320479999999947
11
223.7941659999999899
21
-95.8939529999999962
0
LINE
8
BLACK
6
CONTINUOUS
10
223.7941659999999899
20
-95.8939529999999962
11
223.7970629999999801
21
-95.8931589999999971
0
LINE
8
BLACK
6
CONTINUOUS
10
223.7970629999999801
20
-95.8931589999999971
11
223.7980369999999937
21
-95.8921859999999953
0
LINE
8
BLACK
6
CONTINUOUS
10
223.7980369999999937
20
-95.8921859999999953
11
223.8074709999999925
21
-95.890309000000002
0
LINE
8
BLACK
6
CONTINUOUS
10
223.8074709999999925
20
-95.890309000000002
11
223.8167449999999974
21
-95.8877699999999891
0
LINE
8
BLACK
6
CONTINUOUS
10
223.8167449999999974
20
-95.8877699999999891
11
223.8180499999999995
21
-95.8882049999999992
0
LINE
8
BLACK
6
CONTINUOUS
10
223.8180499999999995
20
-95.8882049999999992
11
223.820998000000003
21
-95.8876190000000008
0
LINE
8
BLACK
6
CONTINUOUS
10
223.820998000000003
20
-95.8876190000000008
11
224.0114739999999927
21
-95.8876190000000008
0
LINE
8
BLACK
6
CONTINUOUS
10
224.0114739999999927
20
-95.8876190000000008
11
224.0144209999999987
21
-95.8882049999999992
0
LINE
8
BLACK
6
CONTINUOUS
10
226.3682089999999789
20
-95.7747659999999996
11
226.3755499999999756
21
-95.775123999999991
0
LINE
8
BLACK
6
CONTINUOUS
10
226.3755499999999756
20
-95.775123999999991
11
226.5279309999999953
21
-95.8132200000000012
0
LINE
8
BLACK
6
CONTINUOUS
10
226.5279309999999953
20
-95.8132200000000012
11
226.533869999999979
21
-95.8160249999999962
0
LINE
8
BLACK
6
CONTINUOUS
10
226.533869999999979
20
-95.8160249999999962
11
226.5402119999999968
21
-95.8177620000000019
0
LINE
8
BLACK
6
CONTINUOUS
10
226.5402119999999968
20
-95.8177620000000019
11
226.6164019999999937
21
-95.8558570000000003
0
LINE
8
BLACK
6
CONTINUOUS
10
226.6164019999999937
20
-95.8558570000000003
11
226.6239980000000003
21
-95.8617519999999956
0
LINE
8
BLACK
6
CONTINUOUS
10
226.6239980000000003
20
-95.8617519999999956
11
226.6319949999999892
21
-95.8670959999999894
0
LINE
8
BLACK
6
CONTINUOUS
10
226.6319949999999892
20
-95.8670959999999894
11
226.7081859999999836
21
-95.943286999999998
0
LINE
8
BLACK
6
CONTINUOUS
10
226.7081859999999836
20
-95.943286999999998
11
226.7098539999999787
21
-95.9457839999999891
0
LINE
8
BLACK
6
CONTINUOUS
10
226.7098539999999787
20
-95.9457839999999891
11
226.7110879999999895
21
-95.9464009999999945
0
LINE
8
BLACK
6
CONTINUOUS
10
226.7110879999999895
20
-95.9464009999999945
11
226.7158539999999789
21
-95.9547620000000023
0
LINE
8
BLACK
6
CONTINUOUS
10
226.7158539999999789
20
-95.9547620000000023
11
226.7211929999999995
21
-95.9627519999999947
0
LINE
8
BLACK
6
CONTINUOUS
10
226.7211929999999995
20
-95.9627519999999947
11
226.7211929999999995
21
-95.9641280000000023
0
LINE
8
BLACK
6
CONTINUOUS
10
226.7211929999999995
20
-95.9641280000000023
11
226.7226809999999944
21
-95.9667389999999898
0
LINE
8
BLACK
6
CONTINUOUS
10
226.7226809999999944
20
-95.9667389999999898
11
226.7607759999999928
21
-96.0810259999999943
0
LINE
8
BLACK
6
CONTINUOUS
10
226.7607759999999928
20
-96.0810259999999943
11
226.7619779999999992
21
-96.0905640000000005
0
LINE
8
BLACK
6
CONTINUOUS
10
226.7619779999999992
20
-96.0905640000000005
11
226.7638549999999782
21
-96.0999989999999968
0
LINE
8
BLACK
6
CONTINUOUS
10
226.7638549999999782
20
-96.0999989999999968
11
226.7638549999999782
21
-96.2904750000000007
0
LINE
8
BLACK
6
CONTINUOUS
10
226.7638549999999782
20
-96.2904750000000007
11
226.759287999999998
21
-96.3134359999999958
0
LINE
8
BLACK
6
CONTINUOUS
10
226.759287999999998
20
-96.3134359999999958
11
226.7268159999999853
21
-96.3459079999999943
0
LINE
8
BLACK
6
CONTINUOUS
10
226.7268159999999853
20
-96.3459079999999943
11
226.7038549999999759
21
-96.3504749999999888
0
LINE
8
BLACK
6
CONTINUOUS
10
226.7038549999999759
20
-96.3504749999999888
11
225.903854999999993
21
-96.3504749999999888
0
LINE
8
BLACK
6
CONTINUOUS
10
225.903854999999993
20
-96.3504749999999888
11
225.8808939999999836
21
-96.3459079999999943
0
LINE
8
BLACK
6
CONTINUOUS
10
225.8808939999999836
20
-96.3459079999999943
11
225.8484219999999993
21
-96.3134359999999958
0
LINE
8
BLACK
6
CONTINUOUS
10
225.8484219999999993
20
-96.3134359999999958
11
225.8438549999999907
21
-96.2904750000000007
0
LINE
8
BLACK
6
CONTINUOUS
10
225.8438549999999907
20
-96.2904750000000007
11
225.8438549999999907
21
-96.0999989999999968
0
LINE
8
BLACK
6
CONTINUOUS
10
225.8438549999999907
20
-96.0999989999999968
11
225.8457310000000007
21
-96.090564999999998
0
LINE
8
BLACK
6
CONTINUOUS
10
225.8457310000000007
20
-96.090564999999998
11
225.8469339999999761
21
-96.0810249999999968
0
LINE
8
BLACK
6
CONTINUOUS
10
225.8469339999999761
20
-96.0810249999999968
11
225.885029000000003
21
-95.9667389999999898
0
LINE
8
BLACK
6
CONTINUOUS
10
225.885029000000003
20
-95.9667389999999898
11
225.8865169999999978
21
-95.9641280000000023
0
LINE
8
BLACK
6
CONTINUOUS
10
225.8865169999999978
20
-95.9641280000000023
11
225.8865169999999978
21
-95.9627519999999947
0
LINE
8
BLACK
6
CONTINUOUS
10
225.8865169999999978
20
-95.9627519999999947
11
225.8918549999999925
21
-95.9547620000000023
0
LINE
8
BLACK
6
CONTINUOUS
10
225.8918549999999925
20
-95.9547620000000023
11
225.8966219999999794
21
-95.9464009999999945
0
LINE
8
BLACK
6
CONTINUOUS
10
225.8966219999999794
20
-95.9464009999999945
11
225.8978549999999927
21
-95.9457839999999891
0
LINE
8
BLACK
6
CONTINUOUS
10
225.8978549999999927
20
-95.9457839999999891
11
225.8995239999999853
21
-95.943286999999998
0
LINE
8
BLACK
6
CONTINUOUS
10
225.8995239999999853
20
-95.943286999999998
11
225.9757139999999822
21
-95.8670970000000011
0
LINE
8
BLACK
6
CONTINUOUS
10
225.9757139999999822
20
-95.8670970000000011
11
225.9837009999999964
21
-95.8617589999999922
0
LINE
8
BLACK
6
CONTINUOUS
10
225.9837009999999964
20
-95.8617589999999922
11
225.9913069999999777
21
-95.8558570000000003
0
LINE
8
BLACK
6
CONTINUOUS
10
225.9913069999999777
20
-95.8558570000000003
11
226.067498999999998
21
-95.8177620000000019
0
LINE
8
BLACK
6
CONTINUOUS
10
226.067498999999998
20
-95.8177620000000019
11
226.073837999999995
21
-95.8160249999999962
0
LINE
8
BLACK
6
CONTINUOUS
10
226.073837999999995
20
-95.8160249999999962
11
226.079779000000002
21
-95.8132200000000012
0
LINE
8
BLACK
6
CONTINUOUS
10
226.079779000000002
20
-95.8132200000000012
11
226.2321599999999933
21
-95.7751229999999936
0
LINE
8
BLACK
6
CONTINUOUS
10
226.2321599999999933
20
-95.7751229999999936
11
226.2395039999999824
21
-95.7747650000000021
0
LINE
8
BLACK
6
CONTINUOUS
10
226.2395039999999824
20
-95.7747650000000021
11
226.2467120000000023
21
-95.7733319999999964
0
LINE
8
BLACK
6
CONTINUOUS
10
226.2467120000000023
20
-95.7733319999999964
11
226.360997999999995
21
-95.7733319999999964
0
LINE
8
BLACK
6
CONTINUOUS
10
226.360997999999995
20
-95.7733319999999964
11
226.3682089999999789
21
-95.7747659999999996
0
LINE
8
BLACK
6
CONTINUOUS
10
226.1152759999999944
20
-95.9280369999999891
11
226.0536779999999908
21
-95.9588359999999909
0
LINE
8
BLACK
6
CONTINUOUS
10
226.0536779999999908
20
-95.9588359999999909
11
225.9943919999999764
21
-96.0181219999999911
0
LINE
8
BLACK
6
CONTINUOUS
10
225.9943919999999764
20
-96.0181219999999911
11
225.9638549999999952
21
-96.1097350000000006
0
LINE
8
BLACK
6
CONTINUOUS
10
225.9638549999999952
20
-96.1097350000000006
11
225.9638549999999952
21
-96.2304749999999984
0
LINE
8
BLACK
6
CONTINUOUS
10
225.9638549999999952
20
-96.2304749999999984
11
226.6438550000000021
21
-96.2304749999999984
0
LINE
8
BLACK
6
CONTINUOUS
10
226.6438550000000021
20
-96.2304749999999984
11
226.6438550000000021
21
-96.1097350000000006
0
LINE
8
BLACK
6
CONTINUOUS
10
226.6438550000000021
20
-96.1097350000000006
11
226.6133179999999925
21
-96.0181240000000003
0
LINE
8
BLACK
6
CONTINUOUS
10
226.6133179999999925
20
-96.0181240000000003
11
226.5540279999999882
21
-95.9588349999999934
0
LINE
8
BLACK
6
CONTINUOUS
10
226.5540279999999882
20
-95.9588349999999934
11
226.4924359999999979
21
-95.9280389999999983
0
LINE
8
BLACK
6
CONTINUOUS
10
226.4924359999999979
20
-95.9280389999999983
11
226.3536139999999932
21
-95.8933320000000009
0
LINE
8
BLACK
6
CONTINUOUS
10
226.3536139999999932
20
-95.8933320000000009
11
226.2540959999999757
21
-95.8933320000000009
0
LINE
8
BLACK
6
CONTINUOUS
10
226.2540959999999757
20
-95.8933320000000009
11
226.1152759999999944
21
-95.9280369999999891
0
LINE
8
BLACK
6
CONTINUOUS
10
221.4744209999999782
20
-95.621538000000001
11
221.4757269999999778
21
-95.6211029999999909
0
LINE
8
BLACK
6
CONTINUOUS
10
221.4757269999999778
20
-95.6211029999999909
11
221.4850019999999802
21
-95.6236419999999896
0
LINE
8
BLACK
6
CONTINUOUS
10
221.4850019999999802
20
-95.6236419999999896
11
221.4944349999999815
21
-95.625518999999997
0
LINE
8
BLACK
6
CONTINUOUS
10
221.4944349999999815
20
-95.625518999999997
11
221.4954079999999976
21
-95.6264919999999989
0
LINE
8
BLACK
6
CONTINUOUS
10
221.4954079999999976
20
-95.6264919999999989
11
221.4983069999999827
21
-95.627285999999998
0
LINE
8
BLACK
6
CONTINUOUS
10
221.4983069999999827
20
-95.627285999999998
11
221.5744969999999796
21
-95.6653809999999964
0
LINE
8
BLACK
6
CONTINUOUS
10
221.5744969999999796
20
-95.6653809999999964
11
221.5820949999999812
21
-95.6712780000000009
0
LINE
8
BLACK
6
CONTINUOUS
10
221.5820949999999812
20
-95.6712780000000009
11
221.5900900000000036
21
-95.6766199999999998
0
LINE
8
BLACK
6
CONTINUOUS
10
221.5900900000000036
20
-95.6766199999999998
11
221.6281859999999995
21
-95.7147149999999982
0
LINE
8
BLACK
6
CONTINUOUS
10
221.6281859999999995
20
-95.7147149999999982
11
221.6335279999999841
21
-95.7227089999999947
0
LINE
8
BLACK
6
CONTINUOUS
10
221.6335279999999841
20
-95.7227089999999947
11
221.6394259999999861
21
-95.7303089999999912
0
LINE
8
BLACK
6
CONTINUOUS
10
221.6394259999999861
20
-95.7303089999999912
11
221.6775209999999845
21
-95.8065009999999972
0
LINE
8
BLACK
6
CONTINUOUS
10
221.6775209999999845
20
-95.8065009999999972
11
221.6783140000000003
21
-95.8093980000000016
0
LINE
8
BLACK
6
CONTINUOUS
10
221.6783140000000003
20
-95.8093980000000016
11
221.6792879999999855
21
-95.810372000000001
0
LINE
8
BLACK
6
CONTINUOUS
10
221.6792879999999855
20
-95.810372000000001
11
221.6811639999999954
21
-95.8198059999999998
0
LINE
8
BLACK
6
CONTINUOUS
10
221.6811639999999954
20
-95.8198059999999998
11
221.6837039999999774
21
-95.8290799999999905
0
LINE
8
BLACK
6
CONTINUOUS
10
221.6837039999999774
20
-95.8290799999999905
11
221.6832679999999982
21
-95.8303849999999926
0
LINE
8
BLACK
6
CONTINUOUS
10
221.6832679999999982
20
-95.8303849999999926
11
221.6838549999999941
21
-95.8333329999999961
0
LINE
8
BLACK
6
CONTINUOUS
10
221.6838549999999941
20
-95.8333329999999961
11
221.6838549999999941
21
-96.0619039999999984
0
LINE
8
BLACK
6
CONTINUOUS
10
221.6838549999999941
20
-96.0619039999999984
11
221.6832679999999982
21
-96.0648509999999902
0
LINE
8
BLACK
6
CONTINUOUS
10
221.6832679999999982
20
-96.0648509999999902
11
221.6837039999999774
21
-96.0661569999999898
0
LINE
8
BLACK
6
CONTINUOUS
10
221.6837039999999774
20
-96.0661569999999898
11
221.6811639999999954
21
-96.0754299999999972
0
LINE
8
BLACK
6
CONTINUOUS
10
221.6811639999999954
20
-96.0754299999999972
11
221.6792879999999855
21
-96.0848649999999935
0
LINE
8
BLACK
6
CONTINUOUS
10
221.6792879999999855
20
-96.0848649999999935
11
221.6783140000000003
21
-96.0858379999999954
0
LINE
8
BLACK
6
CONTINUOUS
10
221.6783140000000003
20
-96.0858379999999954
11
221.6775209999999845
21
-96.0887359999999973
0
LINE
8
BLACK
6
CONTINUOUS
10
221.6775209999999845
20
-96.0887359999999973
11
221.6394259999999861
21
-96.1649279999999891
0
LINE
8
BLACK
6
CONTINUOUS
10
221.6394259999999861
20
-96.1649279999999891
11
221.6335279999999841
21
-96.1725270000000023
0
LINE
8
BLACK
6
CONTINUOUS
10
221.6335279999999841
20
-96.1725270000000023
11
221.6281859999999995
21
-96.1805219999999963
0
LINE
8
BLACK
6
CONTINUOUS
10
221.6281859999999995
20
-96.1805219999999963
11
221.5900900000000036
21
-96.2186169999999947
0
LINE
8
BLACK
6
CONTINUOUS
10
221.5900900000000036
20
-96.2186169999999947
11
221.5706239999999809
21
-96.231622999999999
0
LINE
8
BLACK
6
CONTINUOUS
10
221.5706239999999809
20
-96.231622999999999
11
221.5247019999999907
21
-96.231622999999999
0
LINE
8
BLACK
6
CONTINUOUS
10
221.5247019999999907
20
-96.231622999999999
11
221.4922310000000039
21
-96.1991499999999888
0
LINE
8
BLACK
6
CONTINUOUS
10
221.4922310000000039
20
-96.1991499999999888
11
221.4922310000000039
21
-96.1532279999999986
0
LINE
8
BLACK
6
CONTINUOUS
10
221.4922310000000039
20
-96.1532279999999986
11
221.5052379999999914
21
-96.1337630000000019
0
LINE
8
BLACK
6
CONTINUOUS
10
221.5052379999999914
20
-96.1337630000000019
11
221.5364479999999787
21
-96.1025530000000003
0
LINE
8
BLACK
6
CONTINUOUS
10
221.5364479999999787
20
-96.1025530000000003
11
221.5638549999999896
21
-96.0477389999999929
0
LINE
8
BLACK
6
CONTINUOUS
10
221.5638549999999896
20
-96.0477389999999929
11
221.5638549999999896
21
-95.84749699999999
0
LINE
8
BLACK
6
CONTINUOUS
10
221.5638549999999896
20
-95.84749699999999
11
221.5364479999999787
21
-95.7926829999999967
0
LINE
8
BLACK
6
CONTINUOUS
10
221.5364479999999787
20
-95.7926829999999967
11
221.5121230000000025
21
-95.7683589999999896
0
LINE
8
BLACK
6
CONTINUOUS
10
221.5121230000000025
20
-95.7683589999999896
11
221.4573089999999809
21
-95.7409519999999929
0
LINE
8
BLACK
6
CONTINUOUS
10
221.4573089999999809
20
-95.7409519999999929
11
221.2951630000000023
21
-95.7409519999999929
0
LINE
8
BLACK
6
CONTINUOUS
10
221.2951630000000023
20
-95.7409519999999929
11
221.2403469999999857
21
-95.7683589999999896
0
LINE
8
BLACK
6
CONTINUOUS
10
221.2403469999999857
20
-95.7683589999999896
11
221.216023999999976
21
-95.7926819999999992
0
LINE
8
BLACK
6
CONTINUOUS
10
221.216023999999976
20
-95.7926819999999992
11
221.1886169999999936
21
-95.84749699999999
0
LINE
8
BLACK
6
CONTINUOUS
10
221.1886169999999936
20
-95.84749699999999
11
221.1886169999999936
21
-95.9476179999999914
0
LINE
8
BLACK
6
CONTINUOUS
10
221.1886169999999936
20
-95.9476179999999914
11
221.1852879999999857
21
-95.964349999999996
0
LINE
8
BLACK
6
CONTINUOUS
10
221.1852879999999857
20
-95.964349999999996
11
221.1854549999999904
21
-95.9668410000000023
0
LINE
8
BLACK
6
CONTINUOUS
10
221.1854549999999904
20
-95.9668410000000023
11
221.184597999999994
21
-95.9678189999999915
0
LINE
8
BLACK
6
CONTINUOUS
10
221.184597999999994
20
-95.9678189999999915
11
221.1840499999999849
21
-95.9705790000000007
0
LINE
8
BLACK
6
CONTINUOUS
10
221.1840499999999849
20
-95.9705790000000007
11
221.1691239999999823
21
-95.9855049999999892
0
LINE
8
BLACK
6
CONTINUOUS
10
221.1691239999999823
20
-95.9855049999999892
11
221.1552149999999983
21
-96.0014010000000013
0
LINE
8
BLACK
6
CONTINUOUS
10
221.1552149999999983
20
-96.0014010000000013
11
221.1530860000000018
21
-96.0015420000000006
0
LINE
8
BLACK
6
CONTINUOUS
10
221.1530860000000018
20
-96.0015420000000006
11
221.1515780000000007
21
-96.0030509999999992
0
LINE
8
BLACK
6
CONTINUOUS
10
221.1515780000000007
20
-96.0030509999999992
11
221.1304669999999817
21
-96.0030509999999992
0
LINE
8
BLACK
6
CONTINUOUS
10
221.1304669999999817
20
-96.0030509999999992
11
221.1093939999999805
21
-96.0044559999999905
0
LINE
8
BLACK
6
CONTINUOUS
10
221.1093939999999805
20
-96.0044559999999905
11
221.1069540000000018
21
-96.0030509999999992
0
LINE
8
BLACK
6
CONTINUOUS
10
221.1069540000000018
20
-96.0030509999999992
11
221.105655999999982
21
-96.0030509999999992
0
LINE
8
BLACK
6
CONTINUOUS
10
221.105655999999982
20
-96.0030509999999992
11
221.1038929999999993
21
-96.0012880000000024
0
LINE
8
BLACK
6
CONTINUOUS
10
221.1038929999999993
20
-96.0012880000000024
11
221.0891069999999843
21
-95.9927729999999997
0
LINE
8
BLACK
6
CONTINUOUS
10
221.0891069999999843
20
-95.9927729999999997
11
220.8838549999999827
21
-95.8131779999999935
0
LINE
8
BLACK
6
CONTINUOUS
10
220.8838549999999827
20
-95.8131779999999935
11
220.8838549999999827
21
-96.1761899999999912
0
LINE
8
BLACK
6
CONTINUOUS
10
220.8838549999999827
20
-96.1761899999999912
11
220.8792880000000025
21
-96.1991510000000005
0
LINE
8
BLACK
6
CONTINUOUS
10
220.8792880000000025
20
-96.1991510000000005
11
220.8468159999999898
21
-96.231622999999999
0
LINE
8
BLACK
6
CONTINUOUS
10
220.8468159999999898
20
-96.231622999999999
11
220.8008939999999996
21
-96.231622999999999
0
LINE
8
BLACK
6
CONTINUOUS
10
220.8008939999999996
20
-96.231622999999999
11
220.7684219999999868
21
-96.1991510000000005
0
LINE
8
BLACK
6
CONTINUOUS
10
220.7684219999999868
20
-96.1991510000000005
11
220.7638549999999782
21
-96.1761899999999912
0
LINE
8
BLACK
6
CONTINUOUS
10
220.7638549999999782
20
-96.1761899999999912
11
220.7638549999999782
21
-95.6809519999999907
0
LINE
8
BLACK
6
CONTINUOUS
10
220.7638549999999782
20
-95.6809519999999907
11
220.7671829999999886
21
-95.6642189999999886
0
LINE
8
BLACK
6
CONTINUOUS
10
220.7671829999999886
20
-95.6642189999999886
11
220.7670169999999814
21
-95.661728999999994
0
LINE
8
BLACK
6
CONTINUOUS
10
220.7670169999999814
20
-95.661728999999994
11
220.7678729999999803
21
-95.6607499999999931
0
LINE
8
BLACK
6
CONTINUOUS
10
220.7678729999999803
20
-95.6607499999999931
11
220.7684219999999868
21
-95.6579909999999956
0
LINE
8
BLACK
6
CONTINUOUS
10
220.7684219999999868
20
-95.6579909999999956
11
220.7833479999999895
21
-95.6430649999999929
0
LINE
8
BLACK
6
CONTINUOUS
10
220.7833479999999895
20
-95.6430649999999929
11
220.7972570000000019
21
-95.627168999999995
0
LINE
8
BLACK
6
CONTINUOUS
10
220.7972570000000019
20
-95.627168999999995
11
220.7993850000000009
21
-95.6270269999999982
0
LINE
8
BLACK
6
CONTINUOUS
10
220.7993850000000009
20
-95.6270269999999982
11
220.8008939999999996
21
-95.625518999999997
0
LINE
8
BLACK
6
CONTINUOUS
10
220.8008939999999996
20
-95.625518999999997
11
220.8220049999999901
21
-95.625518999999997
0
LINE
8
BLACK
6
CONTINUOUS
10
220.8220049999999901
20
-95.625518999999997
11
220.8430779999999913
21
-95.6241139999999916
0
LINE
8
BLACK
6
CONTINUOUS
10
220.8430779999999913
20
-95.6241139999999916
11
220.8455179999999984
21
-95.625518999999997
0
LINE
8
BLACK
6
CONTINUOUS
10
220.8455179999999984
20
-95.625518999999997
11
220.8468159999999898
21
-95.625518999999997
0
LINE
8
BLACK
6
CONTINUOUS
10
220.8468159999999898
20
-95.625518999999997
11
220.8485780000000034
21
-95.6272809999999964
0
LINE
8
BLACK
6
CONTINUOUS
10
220.8485780000000034
20
-95.6272809999999964
11
220.8633649999999875
21
-95.6357969999999966
0
LINE
8
BLACK
6
CONTINUOUS
10
220.8633649999999875
20
-95.6357969999999966
11
221.0716559999999902
21
-95.818050999999997
0
LINE
8
BLACK
6
CONTINUOUS
10
221.0716559999999902
20
-95.818050999999997
11
221.0731839999999977
21
-95.810372000000001
0
LINE
8
BLACK
6
CONTINUOUS
10
221.0731839999999977
20
-95.810372000000001
11
221.0741569999999854
21
-95.8093980000000016
0
LINE
8
BLACK
6
CONTINUOUS
10
221.0741569999999854
20
-95.8093980000000016
11
221.0749509999999987
21
-95.8064999999999998
0
LINE
8
BLACK
6
CONTINUOUS
10
221.0749509999999987
20
-95.8064999999999998
11
221.1130459999999971
21
-95.7303089999999912
0
LINE
8
BLACK
6
CONTINUOUS
10
221.1130459999999971
20
-95.7303089999999912
11
221.118947999999989
21
-95.7227029999999957
0
LINE
8
BLACK
6
CONTINUOUS
10
221.118947999999989
20
-95.7227029999999957
11
221.1242859999999837
21
-95.7147159999999957
0
LINE
8
BLACK
6
CONTINUOUS
10
221.1242859999999837
20
-95.7147159999999957
11
221.1623799999999846
21
-95.6766209999999973
0
LINE
8
BLACK
6
CONTINUOUS
10
221.1623799999999846
20
-95.6766209999999973
11
221.1703739999999812
21
-95.6712780000000009
0
LINE
8
BLACK
6
CONTINUOUS
10
221.1703739999999812
20
-95.6712780000000009
11
221.1779739999999777
21
-95.6653809999999964
0
LINE
8
BLACK
6
CONTINUOUS
10
221.1779739999999777
20
-95.6653809999999964
11
221.2541659999999979
21
-95.627285999999998
0
LINE
8
BLACK
6
CONTINUOUS
10
221.2541659999999979
20
-95.627285999999998
11
221.2570629999999881
21
-95.6264919999999989
0
LINE
8
BLACK
6
CONTINUOUS
10
221.2570629999999881
20
-95.6264919999999989
11
221.2580370000000016
21
-95.625518999999997
0
LINE
8
BLACK
6
CONTINUOUS
10
221.2580370000000016
20
-95.625518999999997
11
221.2674710000000005
21
-95.6236419999999896
0
LINE
8
BLACK
6
CONTINUOUS
10
221.2674710000000005
20
-95.6236419999999896
11
221.2767449999999769
21
-95.6211029999999909
0
LINE
8
BLACK
6
CONTINUOUS
10
221.2767449999999769
20
-95.6211029999999909
11
221.278049999999979
21
-95.621538000000001
0
LINE
8
BLACK
6
CONTINUOUS
10
221.278049999999979
20
-95.621538000000001
11
221.2809979999999825
21
-95.6209520000000026
0
LINE
8
BLACK
6
CONTINUOUS
10
221.2809979999999825
20
-95.6209520000000026
11
221.4714740000000006
21
-95.6209520000000026
0
LINE
8
BLACK
6
CONTINUOUS
10
221.4714740000000006
20
-95.6209520000000026
11
221.4744209999999782
21
-95.621538000000001
0
LINE
8
BLACK
6
CONTINUOUS
10
176.2554329999999823
20
-94.9770389999999907
11
176.2599999999999909
21
-95.
0
LINE
8
BLACK
6
CONTINUOUS
10
176.2599999999999909
20
-95.
11
176.2599999999999909
21
-95.6999999999999886
0
LINE
8
BLACK
6
CONTINUOUS
10
176.2599999999999909
20
-95.6999999999999886
11
176.2554329999999823
21
-95.722960999999998
0
LINE
8
BLACK
6
CONTINUOUS
10
176.2554329999999823
20
-95.722960999999998
11
176.222960999999998
21
-95.7554329999999965
0
LINE
8
BLACK
6
CONTINUOUS
10
176.222960999999998
20
-95.7554329999999965
11
176.1770389999999793
21
-95.7554329999999965
0
LINE
8
BLACK
6
CONTINUOUS
10
176.1770389999999793
20
-95.7554329999999965
11
176.144566999999995
21
-95.722960999999998
0
LINE
8
BLACK
6
CONTINUOUS
10
176.144566999999995
20
-95.722960999999998
11
176.1399999999999864
21
-95.6999999999999886
0
LINE
8
BLACK
6
CONTINUOUS
10
176.1399999999999864
20
-95.6999999999999886
11
176.1399999999999864
21
-95.
0
LINE
8
BLACK
6
CONTINUOUS
10
176.1399999999999864
20
-95.
11
176.144566999999995
21
-94.9770389999999907
0
LINE
8
BLACK
6
CONTINUOUS
10
176.144566999999995
20
-94.9770389999999907
11
176.1770389999999793
21
-94.9445669999999922
0
LINE
8
BLACK
6
CONTINUOUS
10
176.1770389999999793
20
-94.9445669999999922
11
176.222960999999998
21
-94.9445669999999922
0
LINE
8
BLACK
6
CONTINUOUS
10
176.222960999999998
20
-94.9445669999999922
11
176.2554329999999823
21
-94.9770389999999907
0
LINE
8
BLACK
6
CONTINUOUS
10
176.0629610000000014
20
-88.4045670000000001
11
176.0954329999999857
21
-88.4370389999999986
0
LINE
8
BLACK
6
CONTINUOUS
10
176.0954329999999857
20
-88.4370389999999986
11
176.0999999999999943
21
-88.4599999999999937
0
LINE
8
BLACK
6
CONTINUOUS
10
176.0999999999999943
20
-88.4599999999999937
11
176.0999999999999943
21
-90.2000000000000028
0
LINE
8
BLACK
6
CONTINUOUS
10
176.0999999999999943
20
-90.2000000000000028
11
177.4899999999999807
21
-90.2000000000000028
0
LINE
8
BLACK
6
CONTINUOUS
10
177.4899999999999807
20
-90.2000000000000028
11
177.51296099999999
21
-90.2045669999999973
0
LINE
8
BLACK
6
CONTINUOUS
10
177.51296099999999
20
-90.2045669999999973
11
177.5454330000000027
21
-90.2370389999999958
0
LINE
8
BLACK
6
CONTINUOUS
10
177.5454330000000027
20
-90.2370389999999958
11
177.5454330000000027
21
-90.2829610000000002
0
LINE
8
BLACK
6
CONTINUOUS
10
177.5454330000000027
20
-90.2829610000000002
11
177.51296099999999
21
-90.3154329999999987
0
LINE
8
BLACK
6
CONTINUOUS
10
177.51296099999999
20
-90.3154329999999987
11
177.4899999999999807
21
-90.3199999999999932
0
LINE
8
BLACK
6
CONTINUOUS
10
177.4899999999999807
20
-90.3199999999999932
11
176.039999999999992
21
-90.3199999999999932
0
LINE
8
BLACK
6
CONTINUOUS
10
176.039999999999992
20
-90.3199999999999932
11
176.0170389999999827
21
-90.3154329999999987
0
LINE
8
BLACK
6
CONTINUOUS
10
176.0170389999999827
20
-90.3154329999999987
11
175.9845669999999984
21
-90.2829610000000002
0
LINE
8
BLACK
6
CONTINUOUS
10
175.9845669999999984
20
-90.2829610000000002
11
175.9799999999999898
21
-90.2599999999999909
0
LINE
8
BLACK
6
CONTINUOUS
10
175.9799999999999898
20
-90.2599999999999909
11
175.9799999999999898
21
-88.519999999999996
0
LINE
8
BLACK
6
CONTINUOUS
10
175.9799999999999898
20
-88.519999999999996
11
175.0499999999999829
21
-88.519999999999996
0
LINE
8
BLACK
6
CONTINUOUS
10
175.0499999999999829
20
-88.519999999999996
11
175.027039000000002
21
-88.5154330000000016
0
LINE
8
BLACK
6
CONTINUOUS
10
175.027039000000002
20
-88.5154330000000016
11
174.9945669999999893
21
-88.4829610000000031
0
LINE
8
BLACK
6
CONTINUOUS
10
174.9945669999999893
20
-88.4829610000000031
11
174.9945669999999893
21
-88.4370389999999986
0
LINE
8
BLACK
6
CONTINUOUS
10
174.9945669999999893
20
-88.4370389999999986
11
175.027039000000002
21
-88.4045670000000001
0
LINE
8
BLACK
6
CONTINUOUS
10
175.027039000000002
20
-88.4045670000000001
11
175.0499999999999829
21
-88.3999999999999915
0
LINE
8
BLACK
6
CONTINUOUS
10
175.0499999999999829
20
-88.3999999999999915
11
176.039999999999992
21
-88.3999999999999915
0
LINE
8
BLACK
6
CONTINUOUS
10
176.039999999999992
20
-88.3999999999999915
11
176.0629610000000014
21
-88.4045670000000001
0
LINE
8
BLACK
6
CONTINUOUS
10
180.3654329999999959
20
-85.5370389999999929
11
180.3700000000000045
21
-85.5600000000000023
0
LINE
8
BLACK
6
CONTINUOUS
10
180.3700000000000045
20
-85.5600000000000023
11
180.3700000000000045
21
-88.9899999999999949
0
LINE
8
BLACK
6
CONTINUOUS
10
180.3700000000000045
20
-88.9899999999999949
11
180.3654329999999959
21
-89.01296099999999
0
LINE
8
BLACK
6
CONTINUOUS
10
180.3654329999999959
20
-89.01296099999999
11
180.3329609999999832
21
-89.0454330000000027
0
LINE
8
BLACK
6
CONTINUOUS
10
180.3329609999999832
20
-89.0454330000000027
11
180.2870389999999929
21
-89.0454330000000027
0
LINE
8
BLACK
6
CONTINUOUS
10
180.2870389999999929
20
-89.0454330000000027
11
180.2545669999999802
21
-89.01296099999999
0
LINE
8
BLACK
6
CONTINUOUS
10
180.2545669999999802
20
-89.01296099999999
11
180.25
21
-88.9899999999999949
0
LINE
8
BLACK
6
CONTINUOUS
10
180.25
20
-88.9899999999999949
11
180.25
21
-85.5600000000000023
0
LINE
8
BLACK
6
CONTINUOUS
10
180.25
20
-85.5600000000000023
11
180.2545669999999802
21
-85.5370389999999929
0
LINE
8
BLACK
6
CONTINUOUS
10
180.2545669999999802
20
-85.5370389999999929
11
180.2870389999999929
21
-85.5045669999999944
0
LINE
8
BLACK
6
CONTINUOUS
10
180.2870389999999929
20
-85.5045669999999944
11
180.3329609999999832
21
-85.5045669999999944
0
LINE
8
BLACK
6
CONTINUOUS
10
180.3329609999999832
20
-85.5045669999999944
11
180.3654329999999959
21
-85.5370389999999929
0
LINE
8
BLACK
6
CONTINUOUS
10
181.9789739999999938
20
-88.302630999999991
11
181.9814629999999909
21
-88.3036620000000028
0
LINE
8
BLACK
6
CONTINUOUS
10
181.9814629999999909
20
-88.3036620000000028
11
181.9841509999999971
21
-88.3038529999999895
0
LINE
8
BLACK
6
CONTINUOUS
10
181.9841509999999971
20
-88.3038529999999895
11
181.9978830000000016
21
-88.3091079999999948
0
LINE
8
BLACK
6
CONTINUOUS
10
181.9978830000000016
20
-88.3091079999999948
11
182.0931209999999965
21
-88.3567269999999922
0
LINE
8
BLACK
6
CONTINUOUS
10
182.0931209999999965
20
-88.3567269999999922
11
182.0994169999999883
21
-88.3606899999999911
0
LINE
8
BLACK
6
CONTINUOUS
10
182.0994169999999883
20
-88.3606899999999911
11
182.1012470000000008
21
-88.3614479999999958
0
LINE
8
BLACK
6
CONTINUOUS
10
182.1012470000000008
20
-88.3614479999999958
11
182.1033049999999776
21
-88.3631369999999947
0
LINE
8
BLACK
6
CONTINUOUS
10
182.1033049999999776
20
-88.3631369999999947
11
182.1055639999999869
21
-88.3645589999999999
0
LINE
8
BLACK
6
CONTINUOUS
10
182.1055639999999869
20
-88.3645589999999999
11
182.1068630000000041
21
-88.3660569999999979
0
LINE
8
BLACK
6
CONTINUOUS
10
182.1068630000000041
20
-88.3660569999999979
11
182.1126119999999844
21
-88.3707749999999947
0
LINE
8
BLACK
6
CONTINUOUS
10
182.1126119999999844
20
-88.3707749999999947
11
182.1602319999999793
21
-88.4183939999999922
0
LINE
8
BLACK
6
CONTINUOUS
10
182.1602319999999793
20
-88.4183939999999922
11
182.1649500000000046
21
-88.4241430000000008
0
LINE
8
BLACK
6
CONTINUOUS
10
182.1649500000000046
20
-88.4241430000000008
11
182.1664499999999975
21
-88.4254439999999988
0
LINE
8
BLACK
6
CONTINUOUS
10
182.1664499999999975
20
-88.4254439999999988
11
182.1678719999999885
21
-88.4277029999999939
0
LINE
8
BLACK
6
CONTINUOUS
10
182.1678719999999885
20
-88.4277029999999939
11
182.1695599999999899
21
-88.4297600000000017
0
LINE
8
BLACK
6
CONTINUOUS
10
182.1695599999999899
20
-88.4297600000000017
11
182.170316999999983
21
-88.4315869999999933
0
LINE
8
BLACK
6
CONTINUOUS
10
182.170316999999983
20
-88.4315869999999933
11
182.1742820000000052
21
-88.4378869999999893
0
LINE
8
BLACK
6
CONTINUOUS
10
182.1742820000000052
20
-88.4378869999999893
11
182.2219010000000026
21
-88.5331249999999983
0
LINE
8
BLACK
6
CONTINUOUS
10
182.2219010000000026
20
-88.5331249999999983
11
182.2271559999999795
21
-88.5468559999999911
0
LINE
8
BLACK
6
CONTINUOUS
10
182.2271559999999795
20
-88.5468559999999911
11
182.2273469999999804
21
-88.5495449999999948
0
LINE
8
BLACK
6
CONTINUOUS
10
182.2273469999999804
20
-88.5495449999999948
11
182.2283779999999922
21
-88.5520339999999919
0
LINE
8
BLACK
6
CONTINUOUS
10
182.2283779999999922
20
-88.5520339999999919
11
182.229818999999992
21
-88.5666659999999979
0
LINE
8
BLACK
6
CONTINUOUS
10
182.229818999999992
20
-88.5666659999999979
11
182.229818999999992
21
-88.9476179999999914
0
LINE
8
BLACK
6
CONTINUOUS
10
182.229818999999992
20
-88.9476179999999914
11
182.2283779999999922
21
-88.9622499999999974
0
LINE
8
BLACK
6
CONTINUOUS
10
182.2283779999999922
20
-88.9622499999999974
11
182.2171789999999874
21
-88.9892859999999928
0
LINE
8
BLACK
6
CONTINUOUS
10
182.2171789999999874
20
-88.9892859999999928
11
182.1964869999999905
21
-89.0099779999999896
0
LINE
8
BLACK
6
CONTINUOUS
10
182.1964869999999905
20
-89.0099779999999896
11
182.1694509999999809
21
-89.0211769999999945
0
LINE
8
BLACK
6
CONTINUOUS
10
182.1694509999999809
20
-89.0211769999999945
11
182.1548190000000034
21
-89.0226179999999943
0
LINE
8
BLACK
6
CONTINUOUS
10
182.1548190000000034
20
-89.0226179999999943
11
181.1548190000000034
21
-89.0226179999999943
0
LINE
8
BLACK
6
CONTINUOUS
10
181.1548190000000034
20
-89.0226179999999943
11
181.1401869999999974
21
-89.0211769999999945
0
LINE
8
BLACK
6
CONTINUOUS
10
181.1401869999999974
20
-89.0211769999999945
11
181.1131509999999878
21
-89.0099779999999896
0
LINE
8
BLACK
6
CONTINUOUS
10
181.1131509999999878
20
-89.0099779999999896
11
181.092458999999991
21
-88.9892859999999928
0
LINE
8
BLACK
6
CONTINUOUS
10
181.092458999999991
20
-88.9892859999999928
11
181.0812599999999861
21
-88.9622499999999974
0
LINE
8
BLACK
6
CONTINUOUS
10
181.0812599999999861
20
-88.9622499999999974
11
181.0798189999999863
21
-88.9476179999999914
0
LINE
8
BLACK
6
CONTINUOUS
10
181.0798189999999863
20
-88.9476179999999914
11
181.0798189999999863
21
-88.6142849999999953
0
LINE
8
BLACK
6
CONTINUOUS
10
181.0798189999999863
20
-88.6142849999999953
11
181.0812599999999861
21
-88.5996529999999893
0
LINE
8
BLACK
6
CONTINUOUS
10
181.0812599999999861
20
-88.5996529999999893
11
181.0822909999999979
21
-88.5971629999999948
0
LINE
8
BLACK
6
CONTINUOUS
10
181.0822909999999979
20
-88.5971629999999948
11
181.0824819999999988
21
-88.5944760000000002
0
LINE
8
BLACK
6
CONTINUOUS
10
181.0824819999999988
20
-88.5944760000000002
11
181.0877370000000042
21
-88.5807439999999957
0
LINE
8
BLACK
6
CONTINUOUS
10
181.0877370000000042
20
-88.5807439999999957
11
181.1353560000000016
21
-88.4855060000000009
0
LINE
8
BLACK
6
CONTINUOUS
10
181.1353560000000016
20
-88.4855060000000009
11
181.1393199999999979
21
-88.4792059999999907
0
LINE
8
BLACK
6
CONTINUOUS
10
181.1393199999999979
20
-88.4792059999999907
11
181.1400779999999884
21
-88.4773789999999991
0
LINE
8
BLACK
6
CONTINUOUS
10
181.1400779999999884
20
-88.4773789999999991
11
181.1417659999999898
21
-88.4753219999999914
0
LINE
8
BLACK
6
CONTINUOUS
10
181.1417659999999898
20
-88.4753219999999914
11
181.1431879999999808
21
-88.4730629999999962
0
LINE
8
BLACK
6
CONTINUOUS
10
181.1431879999999808
20
-88.4730629999999962
11
181.1446859999999788
21
-88.4717629999999957
0
LINE
8
BLACK
6
CONTINUOUS
10
181.1446859999999788
20
-88.4717629999999957
11
181.1494050000000016
21
-88.4660140000000013
0
LINE
8
BLACK
6
CONTINUOUS
10
181.1494050000000016
20
-88.4660140000000013
11
181.197023999999999
21
-88.4183949999999896
0
LINE
8
BLACK
6
CONTINUOUS
10
181.197023999999999
20
-88.4183949999999896
11
181.2027729999999792
21
-88.4136759999999953
0
LINE
8
BLACK
6
CONTINUOUS
10
181.2027729999999792
20
-88.4136759999999953
11
181.204072999999994
21
-88.4121779999999973
0
LINE
8
BLACK
6
CONTINUOUS
10
181.204072999999994
20
-88.4121779999999973
11
181.2063320000000033
21
-88.4107559999999921
0
LINE
8
BLACK
6
CONTINUOUS
10
181.2063320000000033
20
-88.4107559999999921
11
181.2083889999999826
21
-88.4090679999999907
0
LINE
8
BLACK
6
CONTINUOUS
10
181.2083889999999826
20
-88.4090679999999907
11
181.2102160000000026
21
-88.4083100000000002
0
LINE
8
BLACK
6
CONTINUOUS
10
181.2102160000000026
20
-88.4083100000000002
11
181.2165159999999844
21
-88.4043459999999897
0
LINE
8
BLACK
6
CONTINUOUS
10
181.2165159999999844
20
-88.4043459999999897
11
181.3117539999999792
21
-88.3567269999999922
0
LINE
8
BLACK
6
CONTINUOUS
10
181.3117539999999792
20
-88.3567269999999922
11
181.3254849999999863
21
-88.3514720000000011
0
LINE
8
BLACK
6
CONTINUOUS
10
181.3254849999999863
20
-88.3514720000000011
11
181.32817399999999
21
-88.3512800000000027
0
LINE
8
BLACK
6
CONTINUOUS
10
181.32817399999999
20
-88.3512800000000027
11
181.3306629999999871
21
-88.3502500000000026
0
LINE
8
BLACK
6
CONTINUOUS
10
181.3306629999999871
20
-88.3502500000000026
11
181.345294999999993
21
-88.3488090000000028
0
LINE
8
BLACK
6
CONTINUOUS
10
181.345294999999993
20
-88.3488090000000028
11
181.4405329999999879
21
-88.3488090000000028
0
LINE
8
BLACK
6
CONTINUOUS
10
181.4405329999999879
20
-88.3488090000000028
11
181.4551649999999938
21
-88.3502500000000026
0
LINE
8
BLACK
6
CONTINUOUS
10
181.4551649999999938
20
-88.3502500000000026
11
181.4576539999999909
21
-88.3512810000000002
0
LINE
8
BLACK
6
CONTINUOUS
10
181.4576539999999909
20
-88.3512810000000002
11
181.4603419999999971
21
-88.3514720000000011
0
LINE
8
BLACK
6
CONTINUOUS
10
181.4603419999999971
20
-88.3514720000000011
11
181.4740740000000017
21
-88.3567269999999922
0
LINE
8
BLACK
6
CONTINUOUS
10
181.4740740000000017
20
-88.3567269999999922
11
181.5693119999999965
21
-88.4043459999999897
0
LINE
8
BLACK
6
CONTINUOUS
10
181.5693119999999965
20
-88.4043459999999897
11
181.5756109999999808
21
-88.4083100000000002
0
LINE
8
BLACK
6
CONTINUOUS
10
181.5756109999999808
20
-88.4083100000000002
11
181.5774389999999983
21
-88.4090679999999907
0
LINE
8
BLACK
6
CONTINUOUS
10
181.5774389999999983
20
-88.4090679999999907
11
181.5794949999999801
21
-88.4107559999999921
0
LINE
8
BLACK
6
CONTINUOUS
10
181.5794949999999801
20
-88.4107559999999921
11
181.5817549999999869
21
-88.4121779999999973
0
LINE
8
BLACK
6
CONTINUOUS
10
181.5817549999999869
20
-88.4121779999999973
11
181.5830540000000042
21
-88.4136759999999953
0
LINE
8
BLACK
6
CONTINUOUS
10
181.5830540000000042
20
-88.4136759999999953
11
181.5888039999999819
21
-88.4183949999999896
0
LINE
8
BLACK
6
CONTINUOUS
10
181.5888039999999819
20
-88.4183949999999896
11
181.610761999999994
21
-88.4403530000000018
0
LINE
8
BLACK
6
CONTINUOUS
10
181.610761999999994
20
-88.4403530000000018
11
181.6134710000000041
21
-88.4342860000000002
0
LINE
8
BLACK
6
CONTINUOUS
10
181.6134710000000041
20
-88.4342860000000002
11
181.6152359999999817
21
-88.4322499999999962
0
LINE
8
BLACK
6
CONTINUOUS
10
181.6152359999999817
20
-88.4322499999999962
11
181.6162679999999909
21
-88.4297600000000017
0
LINE
8
BLACK
6
CONTINUOUS
10
181.6162679999999909
20
-88.4297600000000017
11
181.6255950000000041
21
-88.4183949999999896
0
LINE
8
BLACK
6
CONTINUOUS
10
181.6255950000000041
20
-88.4183949999999896
11
181.6732140000000015
21
-88.3707759999999922
0
LINE
8
BLACK
6
CONTINUOUS
10
181.6732140000000015
20
-88.3707759999999922
11
181.6789629999999818
21
-88.3660569999999979
0
LINE
8
BLACK
6
CONTINUOUS
10
181.6789629999999818
20
-88.3660569999999979
11
181.6802629999999965
21
-88.3645589999999999
0
LINE
8
BLACK
6
CONTINUOUS
10
181.6802629999999965
20
-88.3645589999999999
11
181.6825220000000058
21
-88.3631369999999947
0
LINE
8
BLACK
6
CONTINUOUS
10
181.6825220000000058
20
-88.3631369999999947
11
181.6845789999999852
21
-88.3614489999999932
0
LINE
8
BLACK
6
CONTINUOUS
10
181.6845789999999852
20
-88.3614489999999932
11
181.6864060000000052
21
-88.3606910000000028
0
LINE
8
BLACK
6
CONTINUOUS
10
181.6864060000000052
20
-88.3606910000000028
11
181.6927059999999869
21
-88.3567269999999922
0
LINE
8
BLACK
6
CONTINUOUS
10
181.6927059999999869
20
-88.3567269999999922
11
181.7879439999999818
21
-88.3091079999999948
0
LINE
8
BLACK
6
CONTINUOUS
10
181.7879439999999818
20
-88.3091079999999948
11
181.8016749999999888
21
-88.3038529999999895
0
LINE
8
BLACK
6
CONTINUOUS
10
181.8016749999999888
20
-88.3038529999999895
11
181.8043639999999925
21
-88.3036609999999911
0
LINE
8
BLACK
6
CONTINUOUS
10
181.8043639999999925
20
-88.3036609999999911
11
181.8068529999999896
21
-88.302630999999991
0
LINE
8
BLACK
6
CONTINUOUS
10
181.8068529999999896
20
-88.302630999999991
11
181.8214849999999956
21
-88.3011899999999912
0
LINE
8
BLACK
6
CONTINUOUS
10
181.8214849999999956
20
-88.3011899999999912
11
181.9643419999999878
21
-88.3011899999999912
0
LINE
8
BLACK
6
CONTINUOUS
10
181.9643419999999878
20
-88.3011899999999912
11
181.9789739999999938
21
-88.302630999999991
0
LINE
8
BLACK
6
CONTINUOUS
10
181.2944839999999829
20
-88.5330670000000026
11
181.2640769999999861
21
-88.5634739999999994
0
LINE
8
BLACK
6
CONTINUOUS
10
181.2640769999999861
20
-88.5634739999999994
11
181.229818999999992
21
-88.6319900000000018
0
LINE
8
BLACK
6
CONTINUOUS
10
181.229818999999992
20
-88.6319900000000018
11
181.229818999999992
21
-88.8726180000000028
0
LINE
8
BLACK
6
CONTINUOUS
10
181.229818999999992
20
-88.8726180000000028
11
181.5560089999999889
21
-88.8726180000000028
0
LINE
8
BLACK
6
CONTINUOUS
10
181.5560089999999889
20
-88.8726180000000028
11
181.5560089999999889
21
-88.6319900000000018
0
LINE
8
BLACK
6
CONTINUOUS
10
181.5560089999999889
20
-88.6319900000000018
11
181.5217509999999947
21
-88.5634739999999994
0
LINE
8
BLACK
6
CONTINUOUS
10
181.5217509999999947
20
-88.5634739999999994
11
181.491343999999998
21
-88.5330670000000026
0
LINE
8
BLACK
6
CONTINUOUS
10
181.491343999999998
20
-88.5330670000000026
11
181.4228279999999813
21
-88.4988089999999943
0
LINE
8
BLACK
6
CONTINUOUS
10
181.4228279999999813
20
-88.4988089999999943
11
181.3629999999999995
21
-88.4988089999999943
0
LINE
8
BLACK
6
CONTINUOUS
10
181.3629999999999995
20
-88.4988089999999943
11
181.2944839999999829
21
-88.5330670000000026
0
LINE
8
BLACK
6
CONTINUOUS
10
181.7706739999999854
20
-88.485447999999991
11
181.7441800000000001
21
-88.5119409999999931
0
LINE
8
BLACK
6
CONTINUOUS
10
181.7441800000000001
20
-88.5119409999999931
11
181.7060089999999946
21
-88.6264549999999929
0
LINE
8
BLACK
6
CONTINUOUS
10
181.7060089999999946
20
-88.6264549999999929
11
181.7060089999999946
21
-88.8726180000000028
0
LINE
8
BLACK
6
CONTINUOUS
10
181.7060089999999946
20
-88.8726180000000028
11
182.0798189999999863
21
-88.8726180000000028
0
LINE
8
BLACK
6
CONTINUOUS
10
182.0798189999999863
20
-88.8726180000000028
11
182.0798189999999863
21
-88.5843709999999902
0
LINE
8
BLACK
6
CONTINUOUS
10
182.0798189999999863
20
-88.5843709999999902
11
182.0455609999999922
21
-88.515855000000002
0
LINE
8
BLACK
6
CONTINUOUS
10
182.0455609999999922
20
-88.515855000000002
11
182.015152999999998
21
-88.485447999999991
0
LINE
8
BLACK
6
CONTINUOUS
10
182.015152999999998
20
-88.485447999999991
11
181.9466369999999813
21
-88.4511899999999969
0
LINE
8
BLACK
6
CONTINUOUS
10
181.9466369999999813
20
-88.4511899999999969
11
181.8391900000000021
21
-88.4511899999999969
0
LINE
8
BLACK
6
CONTINUOUS
10
181.8391900000000021
20
-88.4511899999999969
11
181.7706739999999854
21
-88.485447999999991
0
LINE
8
BLACK
6
CONTINUOUS
10
182.1746279999999842
20
-87.3514729999999986
11
182.2008019999999817
21
-87.3645589999999999
0
LINE
8
BLACK
6
CONTINUOUS
10
182.2008019999999817
20
-87.3645589999999999
11
182.2199760000000026
21
-87.3866670000000028
0
LINE
8
BLACK
6
CONTINUOUS
10
182.2199760000000026
20
-87.3866670000000028
11
182.2292300000000012
21
-87.4144289999999984
0
LINE
8
BLACK
6
CONTINUOUS
10
182.2292300000000012
20
-87.4144289999999984
11
182.227154999999982
21
-87.4436189999999982
0
LINE
8
BLACK
6
CONTINUOUS
10
182.227154999999982
20
-87.4436189999999982
11
182.2140679999999975
21
-87.4697919999999982
0
LINE
8
BLACK
6
CONTINUOUS
10
182.2140679999999975
20
-87.4697919999999982
11
182.1919609999999921
21
-87.4889659999999907
0
LINE
8
BLACK
6
CONTINUOUS
10
182.1919609999999921
20
-87.4889659999999907
11
182.1785359999999798
21
-87.4949599999999919
0
LINE
8
BLACK
6
CONTINUOUS
10
182.1785359999999798
20
-87.4949599999999919
11
181.9441039999999816
21
-87.573102999999989
0
LINE
8
BLACK
6
CONTINUOUS
10
181.9441039999999816
20
-87.573102999999989
11
181.9441039999999816
21
-87.9411800000000028
0
LINE
8
BLACK
6
CONTINUOUS
10
181.9441039999999816
20
-87.9411800000000028
11
182.1785359999999798
21
-88.0193239999999975
0
LINE
8
BLACK
6
CONTINUOUS
10
182.1785359999999798
20
-88.0193239999999975
11
182.1919609999999921
21
-88.0253179999999986
0
LINE
8
BLACK
6
CONTINUOUS
10
182.1919609999999921
20
-88.0253179999999986
11
182.2140679999999975
21
-88.0444919999999911
0
LINE
8
BLACK
6
CONTINUOUS
10
182.2140679999999975
20
-88.0444919999999911
11
182.227154999999982
21
-88.0706649999999911
0
LINE
8
BLACK
6
CONTINUOUS
10
182.227154999999982
20
-88.0706649999999911
11
182.2292300000000012
21
-88.0998549999999909
0
LINE
8
BLACK
6
CONTINUOUS
10
182.2292300000000012
20
-88.0998549999999909
11
182.2199760000000026
21
-88.1276170000000008
0
LINE
8
BLACK
6
CONTINUOUS
10
182.2199760000000026
20
-88.1276170000000008
11
182.2008019999999817
21
-88.1497249999999894
0
LINE
8
BLACK
6
CONTINUOUS
10
182.2008019999999817
20
-88.1497249999999894
11
182.1746279999999842
21
-88.1628109999999907
0
LINE
8
BLACK
6
CONTINUOUS
10
182.1746279999999842
20
-88.1628109999999907
11
182.1454379999999844
21
-88.1648859999999956
0
LINE
8
BLACK
6
CONTINUOUS
10
182.1454379999999844
20
-88.1648859999999956
11
182.1311019999999985
21
-88.1616259999999983
0
LINE
8
BLACK
6
CONTINUOUS
10
182.1311019999999985
20
-88.1616259999999983
11
181.1311019999999985
21
-87.8282930000000022
0
LINE
8
BLACK
6
CONTINUOUS
10
181.1311019999999985
20
-87.8282930000000022
11
181.1176759999999888
21
-87.822299000000001
0
LINE
8
BLACK
6
CONTINUOUS
10
181.1176759999999888
20
-87.822299000000001
11
181.1136269999999797
21
-87.8187870000000004
0
LINE
8
BLACK
6
CONTINUOUS
10
181.1136269999999797
20
-87.8187870000000004
11
181.1088359999999966
21
-87.8163919999999933
0
LINE
8
BLACK
6
CONTINUOUS
10
181.1088359999999966
20
-87.8163919999999933
11
181.1026729999999816
21
-87.8092869999999976
0
LINE
8
BLACK
6
CONTINUOUS
10
181.1026729999999816
20
-87.8092869999999976
11
181.0955689999999834
21
-87.8031249999999943
0
LINE
8
BLACK
6
CONTINUOUS
10
181.0955689999999834
20
-87.8031249999999943
11
181.0931729999999789
21
-87.7983329999999995
0
LINE
8
BLACK
6
CONTINUOUS
10
181.0931729999999789
20
-87.7983329999999995
11
181.0896620000000041
21
-87.7942850000000021
0
LINE
8
BLACK
6
CONTINUOUS
10
181.0896620000000041
20
-87.7942850000000021
11
181.0866869999999835
21
-87.7853609999999946
0
LINE
8
BLACK
6
CONTINUOUS
10
181.0866869999999835
20
-87.7853609999999946
11
181.0824829999999963
21
-87.7769519999999943
0
LINE
8
BLACK
6
CONTINUOUS
10
181.0824829999999963
20
-87.7769519999999943
11
181.0821029999999894
21
-87.771607000000003
0
LINE
8
BLACK
6
CONTINUOUS
10
181.0821029999999894
20
-87.771607000000003
11
181.0804080000000056
21
-87.7665219999999948
0
LINE
8
BLACK
6
CONTINUOUS
10
181.0804080000000056
20
-87.7665219999999948
11
181.081074000000001
21
-87.7571420000000018
0
LINE
8
BLACK
6
CONTINUOUS
10
181.081074000000001
20
-87.7571420000000018
11
181.0804080000000056
21
-87.7477619999999945
0
LINE
8
BLACK
6
CONTINUOUS
10
181.0804080000000056
20
-87.7477619999999945
11
181.0821029999999894
21
-87.742676000000003
0
LINE
8
BLACK
6
CONTINUOUS
10
181.0821029999999894
20
-87.742676000000003
11
181.0824829999999963
21
-87.737331999999995
0
LINE
8
BLACK
6
CONTINUOUS
10
181.0824829999999963
20
-87.737331999999995
11
181.0866869999999835
21
-87.7289219999999972
0
LINE
8
BLACK
6
CONTINUOUS
10
181.0866869999999835
20
-87.7289219999999972
11
181.0896620000000041
21
-87.7199990000000014
0
LINE
8
BLACK
6
CONTINUOUS
10
181.0896620000000041
20
-87.7199990000000014
11
181.0931729999999789
21
-87.7159499999999923
0
LINE
8
BLACK
6
CONTINUOUS
10
181.0931729999999789
20
-87.7159499999999923
11
181.0955689999999834
21
-87.711158999999995
0
LINE
8
BLACK
6
CONTINUOUS
10
181.0955689999999834
20
-87.711158999999995
11
181.1026729999999816
21
-87.7049959999999942
0
LINE
8
BLACK
6
CONTINUOUS
10
181.1026729999999816
20
-87.7049959999999942
11
181.1088359999999966
21
-87.697891999999996
0
LINE
8
BLACK
6
CONTINUOUS
10
181.1088359999999966
20
-87.697891999999996
11
181.1136269999999797
21
-87.6954959999999915
0
LINE
8
BLACK
6
CONTINUOUS
10
181.1136269999999797
20
-87.6954959999999915
11
181.1176759999999888
21
-87.6919850000000025
0
LINE
8
BLACK
6
CONTINUOUS
10
181.1176759999999888
20
-87.6919850000000025
11
181.1311019999999985
21
-87.6859910000000013
0
LINE
8
BLACK
6
CONTINUOUS
10
181.1311019999999985
20
-87.6859910000000013
11
182.1311019999999985
21
-87.352657999999991
0
LINE
8
BLACK
6
CONTINUOUS
10
182.1311019999999985
20
-87.352657999999991
11
182.1454379999999844
21
-87.3493979999999937
0
LINE
8
BLACK
6
CONTINUOUS
10
182.1454379999999844
20
-87.3493979999999937
11
182.1746279999999842
21
-87.3514729999999986
0
LINE
8
BLACK
6
CONTINUOUS
10
181.3919889999999953
20
-87.7571420000000018
11
181.7941040000000044
21
-87.8911799999999914
0
LINE
8
BLACK
6
CONTINUOUS
10
181.7941040000000044
20
-87.8911799999999914
11
181.7941040000000044
21
-87.6231030000000004
0
LINE
8
BLACK
6
CONTINUOUS
10
181.7941040000000044
20
-87.6231030000000004
11
181.3919889999999953
21
-87.7571420000000018
0
LINE
8
BLACK
6
CONTINUOUS
10
181.1964869999999905
20
-86.5995439999999945
11
181.2171789999999874
21
-86.6202359999999913
0
LINE
8
BLACK
6
CONTINUOUS
10
181.2171789999999874
20
-86.6202359999999913
11
181.2283779999999922
21
-86.647272000000001
0
LINE
8
BLACK
6
CONTINUOUS
10
181.2283779999999922
20
-86.647272000000001
11
181.229818999999992
21
-86.6619039999999927
0
LINE
8
BLACK
6
CONTINUOUS
10
181.229818999999992
20
-86.6619039999999927
11
181.229818999999992
21
-86.8726180000000028
0
LINE
8
BLACK
6
CONTINUOUS
10
181.229818999999992
20
-86.8726180000000028
11
182.1548190000000034
21
-86.8726180000000028
0
LINE
8
BLACK
6
CONTINUOUS
10
182.1548190000000034
20
-86.8726180000000028
11
182.1694509999999809
21
-86.8740590000000026
0
LINE
8
BLACK
6
CONTINUOUS
10
182.1694509999999809
20
-86.8740590000000026
11
182.1964869999999905
21
-86.8852579999999932
0
LINE
8
BLACK
6
CONTINUOUS
10
182.1964869999999905
20
-86.8852579999999932
11
182.2171789999999874
21
-86.90594999999999
0
LINE
8
BLACK
6
CONTINUOUS
10
182.2171789999999874
20
-86.90594999999999
11
182.2283779999999922
21
-86.9329859999999996
0
LINE
8
BLACK
6
CONTINUOUS
10
182.2283779999999922
20
-86.9329859999999996
11
182.2283779999999922
21
-86.9622499999999974
0
LINE
8
BLACK
6
CONTINUOUS
10
182.2283779999999922
20
-86.9622499999999974
11
182.2171789999999874
21
-86.9892859999999928
0
LINE
8
BLACK
6
CONTINUOUS
10
182.2171789999999874
20
-86.9892859999999928
11
182.1964869999999905
21
-87.0099779999999896
0
LINE
8
BLACK
6
CONTINUOUS
10
182.1964869999999905
20
-87.0099779999999896
11
182.1694509999999809
21
-87.0211769999999945
0
LINE
8
BLACK
6
CONTINUOUS
10
182.1694509999999809
20
-87.0211769999999945
11
182.1548190000000034
21
-87.0226179999999943
0
LINE
8
BLACK
6
CONTINUOUS
10
182.1548190000000034
20
-87.0226179999999943
11
181.229818999999992
21
-87.0226179999999943
0
LINE
8
BLACK
6
CONTINUOUS
10
181.229818999999992
20
-87.0226179999999943
11
181.229818999999992
21
-87.2333319999999901
0
LINE
8
BLACK
6
CONTINUOUS
10
181.229818999999992
20
-87.2333319999999901
11
181.2283779999999922
21
-87.2479639999999961
0
LINE
8
BLACK
6
CONTINUOUS
10
181.2283779999999922
20
-87.2479639999999961
11
181.2171789999999874
21
-87.2749999999999915
0
LINE
8
BLACK
6
CONTINUOUS
10
181.2171789999999874
20
-87.2749999999999915
11
181.1964869999999905
21
-87.2956920000000025
0
LINE
8
BLACK
6
CONTINUOUS
10
181.1964869999999905
20
-87.2956920000000025
11
181.1694509999999809
21
-87.3068909999999931
0
LINE
8
BLACK
6
CONTINUOUS
10
181.1694509999999809
20
-87.3068909999999931
11
181.1401869999999974
21
-87.3068909999999931
0
LINE
8
BLACK
6
CONTINUOUS
10
181.1401869999999974
20
-87.3068909999999931
11
181.1131509999999878
21
-87.2956920000000025
0
LINE
8
BLACK
6
CONTINUOUS
10
181.1131509999999878
20
-87.2956920000000025
11
181.092458999999991
21
-87.2749999999999915
0
LINE
8
BLACK
6
CONTINUOUS
10
181.092458999999991
20
-87.2749999999999915
11
181.0812599999999861
21
-87.2479639999999961
0
LINE
8
BLACK
6
CONTINUOUS
10
181.0812599999999861
20
-87.2479639999999961
11
181.0798189999999863
21
-87.2333319999999901
0
LINE
8
BLACK
6
CONTINUOUS
10
181.0798189999999863
20
-87.2333319999999901
11
181.0798189999999863
21
-86.6619039999999927
0
LINE
8
BLACK
6
CONTINUOUS
10
181.0798189999999863
20
-86.6619039999999927
11
181.0812599999999861
21
-86.647272000000001
0
LINE
8
BLACK
6
CONTINUOUS
10
181.0812599999999861
20
-86.647272000000001
11
181.092458999999991
21
-86.6202359999999913
0
LINE
8
BLACK
6
CONTINUOUS
10
181.092458999999991
20
-86.6202359999999913
11
181.1131509999999878
21
-86.5995439999999945
0
LINE
8
BLACK
6
CONTINUOUS
10
181.1131509999999878
20
-86.5995439999999945
11
181.1401869999999974
21
-86.5883449999999897
0
LINE
8
BLACK
6
CONTINUOUS
10
181.1401869999999974
20
-86.5883449999999897
11
181.1694509999999809
21
-86.5883449999999897
0
LINE
8
BLACK
6
CONTINUOUS
10
181.1694509999999809
20
-86.5883449999999897
11
181.1964869999999905
21
-86.5995439999999945
0
LINE
8
BLACK
6
CONTINUOUS
10
182.1964869999999905
20
-85.742401000000001
11
182.2171789999999874
21
-85.7630929999999978
0
LINE
8
BLACK
6
CONTINUOUS
10
182.2171789999999874
20
-85.7630929999999978
11
182.2283779999999922
21
-85.7901289999999932
0
LINE
8
BLACK
6
CONTINUOUS
10
182.2283779999999922
20
-85.7901289999999932
11
182.229818999999992
21
-85.8047609999999992
0
LINE
8
BLACK
6
CONTINUOUS
10
182.229818999999992
20
-85.8047609999999992
11
182.229818999999992
21
-86.3761889999999966
0
LINE
8
BLACK
6
CONTINUOUS
10
182.229818999999992
20
-86.3761889999999966
11
182.2283779999999922
21
-86.3908210000000025
0
LINE
8
BLACK
6
CONTINUOUS
10
182.2283779999999922
20
-86.3908210000000025
11
182.2171789999999874
21
-86.4178569999999979
0
LINE
8
BLACK
6
CONTINUOUS
10
182.2171789999999874
20
-86.4178569999999979
11
182.1964869999999905
21
-86.4385489999999947
0
LINE
8
BLACK
6
CONTINUOUS
10
182.1964869999999905
20
-86.4385489999999947
11
182.1694509999999809
21
-86.4497479999999996
0
LINE
8
BLACK
6
CONTINUOUS
10
182.1694509999999809
20
-86.4497479999999996
11
182.1401869999999974
21
-86.4497479999999996
0
LINE
8
BLACK
6
CONTINUOUS
10
182.1401869999999974
20
-86.4497479999999996
11
182.1131509999999878
21
-86.4385489999999947
0
LINE
8
BLACK
6
CONTINUOUS
10
182.1131509999999878
20
-86.4385489999999947
11
182.092458999999991
21
-86.4178569999999979
0
LINE
8
BLACK
6
CONTINUOUS
10
182.092458999999991
20
-86.4178569999999979
11
182.0812599999999861
21
-86.3908210000000025
0
LINE
8
BLACK
6
CONTINUOUS
10
182.0812599999999861
20
-86.3908210000000025
11
182.0798189999999863
21
-86.3761889999999966
0
LINE
8
BLACK
6
CONTINUOUS
10
182.0798189999999863
20
-86.3761889999999966
11
182.0798189999999863
21
-86.1654750000000007
0
LINE
8
BLACK
6
CONTINUOUS
10
182.0798189999999863
20
-86.1654750000000007
11
181.3835039999999879
21
-86.1654750000000007
0
LINE
8
BLACK
6
CONTINUOUS
10
181.3835039999999879
20
-86.1654750000000007
11
181.4459469999999897
21
-86.2279180000000025
0
LINE
8
BLACK
6
CONTINUOUS
10
181.4459469999999897
20
-86.2279180000000025
11
181.4506669999999815
21
-86.2336679999999944
0
LINE
8
BLACK
6
CONTINUOUS
10
181.4506669999999815
20
-86.2336679999999944
11
181.452163999999982
21
-86.2349669999999975
0
LINE
8
BLACK
6
CONTINUOUS
10
181.452163999999982
20
-86.2349669999999975
11
181.4535829999999805
21
-86.237220999999991
0
LINE
8
BLACK
6
CONTINUOUS
10
181.4535829999999805
20
-86.237220999999991
11
181.4552750000000003
21
-86.2392830000000004
0
LINE
8
BLACK
6
CONTINUOUS
10
181.4552750000000003
20
-86.2392830000000004
11
181.4560329999999908
21
-86.2411149999999935
0
LINE
8
BLACK
6
CONTINUOUS
10
181.4560329999999908
20
-86.2411149999999935
11
181.4599959999999896
21
-86.2474100000000021
0
LINE
8
BLACK
6
CONTINUOUS
10
181.4599959999999896
20
-86.2474100000000021
11
181.507614999999987
21
-86.342647999999997
0
LINE
8
BLACK
6
CONTINUOUS
10
181.507614999999987
20
-86.342647999999997
11
181.5128699999999924
21
-86.3563789999999898
0
LINE
8
BLACK
6
CONTINUOUS
10
181.5128699999999924
20
-86.3563789999999898
11
181.5149439999999856
21
-86.3855689999999896
0
LINE
8
BLACK
6
CONTINUOUS
10
181.5149439999999856
20
-86.3855689999999896
11
181.5056899999999871
21
-86.4133309999999994
0
LINE
8
BLACK
6
CONTINUOUS
10
181.5056899999999871
20
-86.4133309999999994
11
181.4865169999999921
21
-86.4354379999999907
0
LINE
8
BLACK
6
CONTINUOUS
10
181.4865169999999921
20
-86.4354379999999907
11
181.4603419999999971
21
-86.4485260000000011
0
LINE
8
BLACK
6
CONTINUOUS
10
181.4603419999999971
20
-86.4485260000000011
11
181.4311519999999973
21
-86.4505999999999943
0
LINE
8
BLACK
6
CONTINUOUS
10
181.4311519999999973
20
-86.4505999999999943
11
181.4033909999999992
21
-86.4413459999999958
0
LINE
8
BLACK
6
CONTINUOUS
10
181.4033909999999992
20
-86.4413459999999958
11
181.3812829999999963
21
-86.4221730000000008
0
LINE
8
BLACK
6
CONTINUOUS
10
181.3812829999999963
20
-86.4221730000000008
11
181.3734509999999887
21
-86.4097299999999962
0
LINE
8
BLACK
6
CONTINUOUS
10
181.3734509999999887
20
-86.4097299999999962
11
181.3312750000000051
21
-86.3253780000000006
0
LINE
8
BLACK
6
CONTINUOUS
10
181.3312750000000051
20
-86.3253780000000006
11
181.2498939999999834
21
-86.2439969999999931
0
LINE
8
BLACK
6
CONTINUOUS
10
181.2498939999999834
20
-86.2439969999999931
11
181.1132159999999942
21
-86.1528789999999987
0
LINE
8
BLACK
6
CONTINUOUS
10
181.1132159999999942
20
-86.1528789999999987
11
181.1131729999999891
21
-86.1528440000000018
0
LINE
8
BLACK
6
CONTINUOUS
10
181.1131729999999891
20
-86.1528440000000018
11
181.1131509999999878
21
-86.1528349999999961
0
LINE
8
BLACK
6
CONTINUOUS
10
181.1131509999999878
20
-86.1528349999999961
11
181.1130990000000054
21
-86.1527829999999994
0
LINE
8
BLACK
6
CONTINUOUS
10
181.1130990000000054
20
-86.1527829999999994
11
181.101840999999979
21
-86.1435630000000003
0
LINE
8
BLACK
6
CONTINUOUS
10
181.101840999999979
20
-86.1435630000000003
11
181.0977089999999805
21
-86.137393000000003
0
LINE
8
BLACK
6
CONTINUOUS
10
181.0977089999999805
20
-86.137393000000003
11
181.092458999999991
21
-86.1321429999999992
0
LINE
8
BLACK
6
CONTINUOUS
10
181.092458999999991
20
-86.1321429999999992
11
181.0896459999999877
21
-86.1253529999999898
0
LINE
8
BLACK
6
CONTINUOUS
10
181.0896459999999877
20
-86.1253529999999898
11
181.0855579999999918
21
-86.1192479999999989
0
LINE
8
BLACK
6
CONTINUOUS
10
181.0855579999999918
20
-86.1192479999999989
11
181.084101000000004
21
-86.1119669999999928
0
LINE
8
BLACK
6
CONTINUOUS
10
181.084101000000004
20
-86.1119669999999928
11
181.0812599999999861
21
-86.1051069999999896
0
LINE
8
BLACK
6
CONTINUOUS
10
181.0812599999999861
20
-86.1051069999999896
11
181.0812599999999861
21
-86.0977579999999989
0
LINE
8
BLACK
6
CONTINUOUS
10
181.0812599999999861
20
-86.0977579999999989
11
181.0798189999999863
21
-86.0905539999999974
0
LINE
8
BLACK
6
CONTINUOUS
10
181.0798189999999863
20
-86.0905539999999974
11
181.0812599999999861
21
-86.0832690000000014
0
LINE
8
BLACK
6
CONTINUOUS
10
181.0812599999999861
20
-86.0832690000000014
11
181.0812599999999861
21
-86.0758429999999919
0
LINE
8
BLACK
6
CONTINUOUS
10
181.0812599999999861
20
-86.0758429999999919
11
181.0840719999999919
21
-86.0690539999999942
0
LINE
8
BLACK
6
CONTINUOUS
10
181.0840719999999919
20
-86.0690539999999942
11
181.0854980000000012
21
-86.0618460000000027
0
LINE
8
BLACK
6
CONTINUOUS
10
181.0854980000000012
20
-86.0618460000000027
11
181.0896170000000041
21
-86.0556669999999997
0
LINE
8
BLACK
6
CONTINUOUS
10
181.0896170000000041
20
-86.0556669999999997
11
181.092458999999991
21
-86.0488069999999965
0
LINE
8
BLACK
6
CONTINUOUS
10
181.092458999999991
20
-86.0488069999999965
11
181.0976540000000057
21
-86.0436109999999985
0
LINE
8
BLACK
6
CONTINUOUS
10
181.0976540000000057
20
-86.0436109999999985
11
181.1017310000000009
21
-86.0374970000000019
0
LINE
8
BLACK
6
CONTINUOUS
10
181.1017310000000009
20
-86.0374970000000019
11
181.1079000000000008
21
-86.0333649999999892
0
LINE
8
BLACK
6
CONTINUOUS
10
181.1079000000000008
20
-86.0333649999999892
11
181.1131509999999878
21
-86.0281149999999997
0
LINE
8
BLACK
6
CONTINUOUS
10
181.1131509999999878
20
-86.0281149999999997
11
181.1199399999999855
21
-86.0253019999999964
0
LINE
8
BLACK
6
CONTINUOUS
10
181.1199399999999855
20
-86.0253019999999964
11
181.1260460000000023
21
-86.0212140000000005
0
LINE
8
BLACK
6
CONTINUOUS
10
181.1260460000000023
20
-86.0212140000000005
11
181.1333259999999825
21
-86.0197569999999985
0
LINE
8
BLACK
6
CONTINUOUS
10
181.1333259999999825
20
-86.0197569999999985
11
181.1401869999999974
21
-86.0169159999999948
0
LINE
8
BLACK
6
CONTINUOUS
10
181.1401869999999974
20
-86.0169159999999948
11
181.1546629999999993
21
-86.0154899999999998
0
LINE
8
BLACK
6
CONTINUOUS
10
181.1546629999999993
20
-86.0154899999999998
11
181.1547400000000039
21
-86.015474999999995
0
LINE
8
BLACK
6
CONTINUOUS
10
181.1547400000000039
20
-86.015474999999995
11
181.1547659999999951
21
-86.0154799999999966
0
LINE
8
BLACK
6
CONTINUOUS
10
181.1547659999999951
20
-86.0154799999999966
11
181.1548190000000034
21
-86.015474999999995
0
LINE
8
BLACK
6
CONTINUOUS
10
181.1548190000000034
20
-86.015474999999995
11
182.0798189999999863
21
-86.015474999999995
0
LINE
8
BLACK
6
CONTINUOUS
10
182.0798189999999863
20
-86.015474999999995
11
182.0798189999999863
21
-85.8047609999999992
0
LINE
8
BLACK
6
CONTINUOUS
10
182.0798189999999863
20
-85.8047609999999992
11
182.0812599999999861
21
-85.7901289999999932
0
LINE
8
BLACK
6
CONTINUOUS
10
182.0812599999999861
20
-85.7901289999999932
11
182.092458999999991
21
-85.7630929999999978
0
LINE
8
BLACK
6
CONTINUOUS
10
182.092458999999991
20
-85.7630929999999978
11
182.1131509999999878
21
-85.742401000000001
0
LINE
8
BLACK
6
CONTINUOUS
10
182.1131509999999878
20
-85.742401000000001
11
182.1401869999999974
21
-85.7312019999999961
0
LINE
8
BLACK
6
CONTINUOUS
10
182.1401869999999974
20
-85.7312019999999961
11
182.1694509999999809
21
-85.7312019999999961
0
LINE
8
BLACK
6
CONTINUOUS
10
182.1694509999999809
20
-85.7312019999999961
11
182.1964869999999905
21
-85.742401000000001
0
LINE
8
BLACK
6
CONTINUOUS
10
177.51296099999999
20
-84.2345669999999984
11
177.5454330000000027
21
-84.2670389999999969
0
LINE
8
BLACK
6
CONTINUOUS
10
177.5454330000000027
20
-84.2670389999999969
11
177.5454330000000027
21
-84.3129610000000014
0
LINE
8
BLACK
6
CONTINUOUS
10
177.5454330000000027
20
-84.3129610000000014
11
177.51296099999999
21
-84.3454329999999999
0
LINE
8
BLACK
6
CONTINUOUS
10
177.51296099999999
20
-84.3454329999999999
11
177.4899999999999807
21
-84.3499999999999943
0
LINE
8
BLACK
6
CONTINUOUS
10
177.4899999999999807
20
-84.3499999999999943
11
176.0999999999999943
21
-84.3499999999999943
0
LINE
8
BLACK
6
CONTINUOUS
10
176.0999999999999943
20
-84.3499999999999943
11
176.0999999999999943
21
-86.0899999999999892
0
LINE
8
BLACK
6
CONTINUOUS
10
176.0999999999999943
20
-86.0899999999999892
11
176.0954329999999857
21
-86.1129609999999985
0
LINE
8
BLACK
6
CONTINUOUS
10
176.0954329999999857
20
-86.1129609999999985
11
176.0629610000000014
21
-86.145432999999997
0
LINE
8
BLACK
6
CONTINUOUS
10
176.0629610000000014
20
-86.145432999999997
11
176.0170389999999827
21
-86.145432999999997
0
LINE
8
BLACK
6
CONTINUOUS
10
176.0170389999999827
20
-86.145432999999997
11
175.9845669999999984
21
-86.1129609999999985
0
LINE
8
BLACK
6
CONTINUOUS
10
175.9845669999999984
20
-86.1129609999999985
11
175.9799999999999898
21
-86.0899999999999892
0
LINE
8
BLACK
6
CONTINUOUS
10
175.9799999999999898
20
-86.0899999999999892
11
175.9799999999999898
21
-84.289999999999992
0
LINE
8
BLACK
6
CONTINUOUS
10
175.9799999999999898
20
-84.289999999999992
11
175.9845669999999984
21
-84.2670389999999969
0
LINE
8
BLACK
6
CONTINUOUS
10
175.9845669999999984
20
-84.2670389999999969
11
176.0170389999999827
21
-84.2345669999999984
0
LINE
8
BLACK
6
CONTINUOUS
10
176.0170389999999827
20
-84.2345669999999984
11
176.039999999999992
21
-84.2299999999999898
0
LINE
8
BLACK
6
CONTINUOUS
10
176.039999999999992
20
-84.2299999999999898
11
177.4899999999999807
21
-84.2299999999999898
0
LINE
8
BLACK
6
CONTINUOUS
10
177.4899999999999807
20
-84.2299999999999898
11
177.51296099999999
21
-84.2345669999999984
0
LINE
8
BLACK
6
CONTINUOUS
10
175.7729609999999809
20
-81.4195670000000007
11
175.8054329999999936
21
-81.4520389999999992
0
LINE
8
BLACK
6
CONTINUOUS
10
175.8054329999999936
20
-81.4520389999999992
11
175.8054329999999936
21
-81.4979609999999894
0
LINE
8
BLACK
6
CONTINUOUS
10
175.8054329999999936
20
-81.4979609999999894
11
175.7729609999999809
21
-81.5304330000000022
0
LINE
8
BLACK
6
CONTINUOUS
10
175.7729609999999809
20
-81.5304330000000022
11
175.75
21
-81.5349999999999966
0
LINE
8
BLACK
6
CONTINUOUS
10
175.75
20
-81.5349999999999966
11
175.1999999999999886
21
-81.5349999999999966
0
LINE
8
BLACK
6
CONTINUOUS
10
175.1999999999999886
20
-81.5349999999999966
11
175.1770389999999793
21
-81.5304330000000022
0
LINE
8
BLACK
6
CONTINUOUS
10
175.1770389999999793
20
-81.5304330000000022
11
175.144566999999995
21
-81.4979609999999894
0
LINE
8
BLACK
6
CONTINUOUS
10
175.144566999999995
20
-81.4979609999999894
11
175.144566999999995
21
-81.4520389999999992
0
LINE
8
BLACK
6
CONTINUOUS
10
175.144566999999995
20
-81.4520389999999992
11
175.1770389999999793
21
-81.4195670000000007
0
LINE
8
BLACK
6
CONTINUOUS
10
175.1770389999999793
20
-81.4195670000000007
11
175.1999999999999886
21
-81.414999999999992
0
LINE
8
BLACK
6
CONTINUOUS
10
175.1999999999999886
20
-81.414999999999992
11
175.75
21
-81.414999999999992
0
LINE
8
BLACK
6
CONTINUOUS
10
175.75
20
-81.414999999999992
11
175.7729609999999809
21
-81.4195670000000007
0
LINE
8
BLACK
6
CONTINUOUS
10
173.6804329999999936
20
-80.4270389999999935
11
173.6850000000000023
21
-80.4500000000000028
0
LINE
8
BLACK
6
CONTINUOUS
10
173.6850000000000023
20
-80.4500000000000028
11
173.6850000000000023
21
-81.375
0
LINE
8
BLACK
6
CONTINUOUS
10
173.6850000000000023
20
-81.375
11
173.6804329999999936
21
-81.3979609999999951
0
LINE
8
BLACK
6
CONTINUOUS
10
173.6804329999999936
20
-81.3979609999999951
11
173.6479609999999809
21
-81.4304329999999936
0
LINE
8
BLACK
6
CONTINUOUS
10
173.6479609999999809
20
-81.4304329999999936
11
173.6020389999999907
21
-81.4304329999999936
0
LINE
8
BLACK
6
CONTINUOUS
10
173.6020389999999907
20
-81.4304329999999936
11
173.569566999999978
21
-81.3979609999999951
0
LINE
8
BLACK
6
CONTINUOUS
10
173.569566999999978
20
-81.3979609999999951
11
173.5649999999999977
21
-81.375
0
LINE
8
BLACK
6
CONTINUOUS
10
173.5649999999999977
20
-81.375
11
173.5649999999999977
21
-80.4500000000000028
0
LINE
8
BLACK
6
CONTINUOUS
10
173.5649999999999977
20
-80.4500000000000028
11
173.569566999999978
21
-80.4270389999999935
0
LINE
8
BLACK
6
CONTINUOUS
10
173.569566999999978
20
-80.4270389999999935
11
173.6020389999999907
21
-80.394566999999995
0
LINE
8
BLACK
6
CONTINUOUS
10
173.6020389999999907
20
-80.394566999999995
11
173.6479609999999809
21
-80.394566999999995
0
LINE
8
BLACK
6
CONTINUOUS
10
173.6479609999999809
20
-80.394566999999995
11
173.6804329999999936
21
-80.4270389999999935
0
LINE
8
BLACK
6
CONTINUOUS
10
177.3804329999999823
20
-76.652039000000002
11
177.3849999999999909
21
-76.6749999999999972
0
LINE
8
BLACK
6
CONTINUOUS
10
177.3849999999999909
20
-76.6749999999999972
11
177.3849999999999909
21
-81.375
0
LINE
8
BLACK
6
CONTINUOUS
10
177.3849999999999909
20
-81.375
11
177.3804329999999823
21
-81.3979609999999951
0
LINE
8
BLACK
6
CONTINUOUS
10
177.3804329999999823
20
-81.3979609999999951
11
177.347960999999998
21
-81.4304329999999936
0
LINE
8
BLACK
6
CONTINUOUS
10
177.347960999999998
20
-81.4304329999999936
11
177.3020389999999793
21
-81.4304329999999936
0
LINE
8
BLACK
6
CONTINUOUS
10
177.3020389999999793
20
-81.4304329999999936
11
177.269566999999995
21
-81.3979609999999951
0
LINE
8
BLACK
6
CONTINUOUS
10
177.269566999999995
20
-81.3979609999999951
11
177.2649999999999864
21
-81.375
0
LINE
8
BLACK
6
CONTINUOUS
10
177.2649999999999864
20
-81.375
11
177.2649999999999864
21
-76.6749999999999972
0
LINE
8
BLACK
6
CONTINUOUS
10
177.2649999999999864
20
-76.6749999999999972
11
177.269566999999995
21
-76.652039000000002
0
LINE
8
BLACK
6
CONTINUOUS
10
177.269566999999995
20
-76.652039000000002
11
177.3020389999999793
21
-76.6195670000000035
0
LINE
8
BLACK
6
CONTINUOUS
10
177.3020389999999793
20
-76.6195670000000035
11
177.347960999999998
21
-76.6195670000000035
0
LINE
8
BLACK
6
CONTINUOUS
10
177.347960999999998
20
-76.6195670000000035
11
177.3804329999999823
21
-76.652039000000002
0
LINE
8
BLACK
6
CONTINUOUS
10
178.7539739999999995
20
-79.7133449999999897
11
178.7564629999999966
21
-79.7143760000000015
0
LINE
8
BLACK
6
CONTINUOUS
10
178.7564629999999966
20
-79.7143760000000015
11
178.7591510000000028
21
-79.7145670000000024
0
LINE
8
BLACK
6
CONTINUOUS
10
178.7591510000000028
20
-79.7145670000000024
11
178.7728829999999789
21
-79.7198219999999935
0
LINE
8
BLACK
6
CONTINUOUS
10
178.7728829999999789
20
-79.7198219999999935
11
178.8681210000000021
21
-79.7674409999999909
0
LINE
8
BLACK
6
CONTINUOUS
10
178.8681210000000021
20
-79.7674409999999909
11
178.874416999999994
21
-79.7714039999999898
0
LINE
8
BLACK
6
CONTINUOUS
10
178.874416999999994
20
-79.7714039999999898
11
178.876246999999978
21
-79.7721619999999945
0
LINE
8
BLACK
6
CONTINUOUS
10
178.876246999999978
20
-79.7721619999999945
11
178.8783049999999832
21
-79.7738509999999934
0
LINE
8
BLACK
6
CONTINUOUS
10
178.8783049999999832
20
-79.7738509999999934
11
178.8805639999999926
21
-79.7752729999999985
0
LINE
8
BLACK
6
CONTINUOUS
10
178.8805639999999926
20
-79.7752729999999985
11
178.8818629999999814
21
-79.7767709999999965
0
LINE
8
BLACK
6
CONTINUOUS
10
178.8818629999999814
20
-79.7767709999999965
11
178.8876119999999901
21
-79.7814889999999934
0
LINE
8
BLACK
6
CONTINUOUS
10
178.8876119999999901
20
-79.7814889999999934
11
178.935231999999985
21
-79.8291079999999909
0
LINE
8
BLACK
6
CONTINUOUS
10
178.935231999999985
20
-79.8291079999999909
11
178.9399499999999819
21
-79.8348569999999995
0
LINE
8
BLACK
6
CONTINUOUS
10
178.9399499999999819
20
-79.8348569999999995
11
178.9414500000000032
21
-79.8361579999999975
0
LINE
8
BLACK
6
CONTINUOUS
10
178.9414500000000032
20
-79.8361579999999975
11
178.9428719999999942
21
-79.8384169999999926
0
LINE
8
BLACK
6
CONTINUOUS
10
178.9428719999999942
20
-79.8384169999999926
11
178.9445599999999956
21
-79.8404740000000004
0
LINE
8
BLACK
6
CONTINUOUS
10
178.9445599999999956
20
-79.8404740000000004
11
178.9453169999999886
21
-79.842300999999992
0
LINE
8
BLACK
6
CONTINUOUS
10
178.9453169999999886
20
-79.842300999999992
11
178.9492819999999824
21
-79.8486010000000022
0
LINE
8
BLACK
6
CONTINUOUS
10
178.9492819999999824
20
-79.8486010000000022
11
178.9969009999999798
21
-79.943838999999997
0
LINE
8
BLACK
6
CONTINUOUS
10
178.9969009999999798
20
-79.943838999999997
11
179.0021559999999852
21
-79.9575699999999898
0
LINE
8
BLACK
6
CONTINUOUS
10
179.0021559999999852
20
-79.9575699999999898
11
179.0023469999999861
21
-79.9602589999999935
0
LINE
8
BLACK
6
CONTINUOUS
10
179.0023469999999861
20
-79.9602589999999935
11
179.0033779999999979
21
-79.9627479999999906
0
LINE
8
BLACK
6
CONTINUOUS
10
179.0033779999999979
20
-79.9627479999999906
11
179.0048189999999977
21
-79.9773799999999966
0
LINE
8
BLACK
6
CONTINUOUS
10
179.0048189999999977
20
-79.9773799999999966
11
179.0048189999999977
21
-80.2154749999999979
0
LINE
8
BLACK
6
CONTINUOUS
10
179.0048189999999977
20
-80.2154749999999979
11
179.0040889999999933
21
-80.222881000000001
0
LINE
8
BLACK
6
CONTINUOUS
10
179.0040889999999933
20
-80.222881000000001
11
179.0042299999999784
21
-80.2248560000000026
0
LINE
8
BLACK
6
CONTINUOUS
10
179.0042299999999784
20
-80.2248560000000026
11
179.0036389999999926
21
-80.227452999999997
0
LINE
8
BLACK
6
CONTINUOUS
10
179.0036389999999926
20
-80.227452999999997
11
179.0033779999999979
21
-80.2301069999999896
0
LINE
8
BLACK
6
CONTINUOUS
10
179.0033779999999979
20
-80.2301069999999896
11
179.0026189999999815
21
-80.2319370000000021
0
LINE
8
BLACK
6
CONTINUOUS
10
179.0026189999999815
20
-80.2319370000000021
11
179.0009699999999953
21
-80.2391930000000002
0
LINE
8
BLACK
6
CONTINUOUS
10
179.0009699999999953
20
-80.2391930000000002
11
178.9533509999999978
21
-80.382048999999995
0
LINE
8
BLACK
6
CONTINUOUS
10
178.9533509999999978
20
-80.382048999999995
11
178.9473569999999825
21
-80.3954749999999905
0
LINE
8
BLACK
6
CONTINUOUS
10
178.9473569999999825
20
-80.3954749999999905
11
178.92818299999999
21
-80.4175819999999959
0
LINE
8
BLACK
6
CONTINUOUS
10
178.92818299999999
20
-80.4175819999999959
11
178.90200999999999
21
-80.4306679999999972
0
LINE
8
BLACK
6
CONTINUOUS
10
178.90200999999999
20
-80.4306679999999972
11
178.8728199999999902
21
-80.4327430000000021
0
LINE
8
BLACK
6
CONTINUOUS
10
178.8728199999999902
20
-80.4327430000000021
11
178.8450569999999971
21
-80.4234889999999893
0
LINE
8
BLACK
6
CONTINUOUS
10
178.8450569999999971
20
-80.4234889999999893
11
178.8229499999999916
21
-80.4043149999999969
0
LINE
8
BLACK
6
CONTINUOUS
10
178.8229499999999916
20
-80.4043149999999969
11
178.8098640000000046
21
-80.3781419999999969
0
LINE
8
BLACK
6
CONTINUOUS
10
178.8098640000000046
20
-80.3781419999999969
11
178.8077889999999854
21
-80.348951999999997
0
LINE
8
BLACK
6
CONTINUOUS
10
178.8077889999999854
20
-80.348951999999997
11
178.811048999999997
21
-80.3346149999999994
0
LINE
8
BLACK
6
CONTINUOUS
10
178.811048999999997
20
-80.3346149999999994
11
178.854818999999992
21
-80.2033050000000003
0
LINE
8
BLACK
6
CONTINUOUS
10
178.854818999999992
20
-80.2033050000000003
11
178.854818999999992
21
-79.9950850000000031
0
LINE
8
BLACK
6
CONTINUOUS
10
178.854818999999992
20
-79.9950850000000031
11
178.8205609999999979
21
-79.9265690000000006
0
LINE
8
BLACK
6
CONTINUOUS
10
178.8205609999999979
20
-79.9265690000000006
11
178.7901530000000037
21
-79.8961619999999897
0
LINE
8
BLACK
6
CONTINUOUS
10
178.7901530000000037
20
-79.8961619999999897
11
178.721636999999987
21
-79.8619039999999956
0
LINE
8
BLACK
6
CONTINUOUS
10
178.721636999999987
20
-79.8619039999999956
11
178.6618090000000052
21
-79.8619039999999956
0
LINE
8
BLACK
6
CONTINUOUS
10
178.6618090000000052
20
-79.8619039999999956
11
178.5932929999999885
21
-79.8961619999999897
0
LINE
8
BLACK
6
CONTINUOUS
10
178.5932929999999885
20
-79.8961619999999897
11
178.5628859999999918
21
-79.9265690000000006
0
LINE
8
BLACK
6
CONTINUOUS
10
178.5628859999999918
20
-79.9265690000000006
11
178.524392000000006
21
-80.0035560000000032
0
LINE
8
BLACK
6
CONTINUOUS
10
178.524392000000006
20
-80.0035560000000032
11
178.4787699999999973
21
-80.1860459999999904
0
LINE
8
BLACK
6
CONTINUOUS
10
178.4787699999999973
20
-80.1860459999999904
11
178.4783840000000055
21
-80.1871249999999947
0
LINE
8
BLACK
6
CONTINUOUS
10
178.4783840000000055
20
-80.1871249999999947
11
178.4783459999999877
21
-80.187665999999993
0
LINE
8
BLACK
6
CONTINUOUS
10
178.4783459999999877
20
-80.187665999999993
11
178.4760149999999896
21
-80.1937549999999959
0
LINE
8
BLACK
6
CONTINUOUS
10
178.4760149999999896
20
-80.1937549999999959
11
178.4738229999999817
21
-80.1998919999999913
0
LINE
8
BLACK
6
CONTINUOUS
10
178.4738229999999817
20
-80.1998919999999913
11
178.4735000000000014
21
-80.2003270000000015
0
LINE
8
BLACK
6
CONTINUOUS
10
178.4735000000000014
20
-80.2003270000000015
11
178.4730909999999824
21
-80.201397
0
LINE
8
BLACK
6
CONTINUOUS
10
178.4730909999999824
20
-80.201397
11
178.425471999999985
21
-80.2966349999999949
0
LINE
8
BLACK
6
CONTINUOUS
10
178.425471999999985
20
-80.2966349999999949
11
178.4215069999999912
21
-80.3029339999999934
0
LINE
8
BLACK
6
CONTINUOUS
10
178.4215069999999912
20
-80.3029339999999934
11
178.4207499999999982
21
-80.3047619999999966
0
LINE
8
BLACK
6
CONTINUOUS
10
178.4207499999999982
20
-80.3047619999999966
11
178.4190609999999992
21
-80.3068179999999927
0
LINE
8
BLACK
6
CONTINUOUS
10
178.4190609999999992
20
-80.3068179999999927
11
178.4176400000000058
21
-80.3090779999999995
0
LINE
8
BLACK
6
CONTINUOUS
10
178.4176400000000058
20
-80.3090779999999995
11
178.4161409999999819
21
-80.3103770000000026
0
LINE
8
BLACK
6
CONTINUOUS
10
178.4161409999999819
20
-80.3103770000000026
11
178.411422999999985
21
-80.3161269999999945
0
LINE
8
BLACK
6
CONTINUOUS
10
178.411422999999985
20
-80.3161269999999945
11
178.3638039999999876
21
-80.3637459999999919
0
LINE
8
BLACK
6
CONTINUOUS
10
178.3638039999999876
20
-80.3637459999999919
11
178.3580539999999814
21
-80.368464000000003
0
LINE
8
BLACK
6
CONTINUOUS
10
178.3580539999999814
20
-80.368464000000003
11
178.3567549999999926
21
-80.3699629999999985
0
LINE
8
BLACK
6
CONTINUOUS
10
178.3567549999999926
20
-80.3699629999999985
11
178.3544949999999858
21
-80.3713839999999919
0
LINE
8
BLACK
6
CONTINUOUS
10
178.3544949999999858
20
-80.3713839999999919
11
178.3524390000000039
21
-80.3730729999999909
0
LINE
8
BLACK
6
CONTINUOUS
10
178.3524390000000039
20
-80.3730729999999909
11
178.3506109999999865
21
-80.3738299999999981
0
LINE
8
BLACK
6
CONTINUOUS
10
178.3506109999999865
20
-80.3738299999999981
11
178.3443120000000022
21
-80.3777949999999919
0
LINE
8
BLACK
6
CONTINUOUS
10
178.3443120000000022
20
-80.3777949999999919
11
178.2490739999999789
21
-80.4254139999999893
0
LINE
8
BLACK
6
CONTINUOUS
10
178.2490739999999789
20
-80.4254139999999893
11
178.2353420000000028
21
-80.4306689999999946
0
LINE
8
BLACK
6
CONTINUOUS
10
178.2353420000000028
20
-80.4306689999999946
11
178.2326539999999966
21
-80.4308589999999981
0
LINE
8
BLACK
6
CONTINUOUS
10
178.2326539999999966
20
-80.4308589999999981
11
178.2301649999999995
21
-80.4318909999999931
0
LINE
8
BLACK
6
CONTINUOUS
10
178.2301649999999995
20
-80.4318909999999931
11
178.2155329999999935
21
-80.4333319999999929
0
LINE
8
BLACK
6
CONTINUOUS
10
178.2155329999999935
20
-80.4333319999999929
11
178.1202949999999987
21
-80.4333319999999929
0
LINE
8
BLACK
6
CONTINUOUS
10
178.1202949999999987
20
-80.4333319999999929
11
178.1056629999999927
21
-80.4318909999999931
0
LINE
8
BLACK
6
CONTINUOUS
10
178.1056629999999927
20
-80.4318909999999931
11
178.1031739999999957
21
-80.4308599999999956
0
LINE
8
BLACK
6
CONTINUOUS
10
178.1031739999999957
20
-80.4308599999999956
11
178.1004849999999919
21
-80.4306689999999946
0
LINE
8
BLACK
6
CONTINUOUS
10
178.1004849999999919
20
-80.4306689999999946
11
178.0867539999999849
21
-80.4254139999999893
0
LINE
8
BLACK
6
CONTINUOUS
10
178.0867539999999849
20
-80.4254139999999893
11
177.9915159999999901
21
-80.3777949999999919
0
LINE
8
BLACK
6
CONTINUOUS
10
177.9915159999999901
20
-80.3777949999999919
11
177.9852159999999799
21
-80.3738299999999981
0
LINE
8
BLACK
6
CONTINUOUS
10
177.9852159999999799
20
-80.3738299999999981
11
177.9833889999999883
21
-80.3730729999999909
0
LINE
8
BLACK
6
CONTINUOUS
10
177.9833889999999883
20
-80.3730729999999909
11
177.9813319999999806
21
-80.3713839999999919
0
LINE
8
BLACK
6
CONTINUOUS
10
177.9813319999999806
20
-80.3713839999999919
11
177.9790729999999996
21
-80.3699629999999985
0
LINE
8
BLACK
6
CONTINUOUS
10
177.9790729999999996
20
-80.3699629999999985
11
177.9777729999999849
21
-80.368464000000003
0
LINE
8
BLACK
6
CONTINUOUS
10
177.9777729999999849
20
-80.368464000000003
11
177.9720240000000047
21
-80.3637459999999919
0
LINE
8
BLACK
6
CONTINUOUS
10
177.9720240000000047
20
-80.3637459999999919
11
177.9244049999999788
21
-80.3161269999999945
0
LINE
8
BLACK
6
CONTINUOUS
10
177.9244049999999788
20
-80.3161269999999945
11
177.9196859999999845
21
-80.3103770000000026
0
LINE
8
BLACK
6
CONTINUOUS
10
177.9196859999999845
20
-80.3103770000000026
11
177.9181879999999865
21
-80.3090779999999995
0
LINE
8
BLACK
6
CONTINUOUS
10
177.9181879999999865
20
-80.3090779999999995
11
177.9167659999999955
21
-80.3068179999999927
0
LINE
8
BLACK
6
CONTINUOUS
10
177.9167659999999955
20
-80.3068179999999927
11
177.9150779999999941
21
-80.3047619999999966
0
LINE
8
BLACK
6
CONTINUOUS
10
177.9150779999999941
20
-80.3047619999999966
11
177.9143200000000036
21
-80.3029339999999934
0
LINE
8
BLACK
6
CONTINUOUS
10
177.9143200000000036
20
-80.3029339999999934
11
177.9103559999999788
21
-80.2966349999999949
0
LINE
8
BLACK
6
CONTINUOUS
10
177.9103559999999788
20
-80.2966349999999949
11
177.8627369999999814
21
-80.201397
0
LINE
8
BLACK
6
CONTINUOUS
10
177.8627369999999814
20
-80.201397
11
177.8574820000000045
21
-80.1876649999999955
0
LINE
8
BLACK
6
CONTINUOUS
10
177.8574820000000045
20
-80.1876649999999955
11
177.8572910000000036
21
-80.1849769999999893
0
LINE
8
BLACK
6
CONTINUOUS
10
177.8572910000000036
20
-80.1849769999999893
11
177.8562599999999918
21
-80.1824879999999922
0
LINE
8
BLACK
6
CONTINUOUS
10
177.8562599999999918
20
-80.1824879999999922
11
177.854818999999992
21
-80.1678560000000004
0
LINE
8
BLACK
6
CONTINUOUS
10
177.854818999999992
20
-80.1678560000000004
11
177.854818999999992
21
-79.9297609999999992
0
LINE
8
BLACK
6
CONTINUOUS
10
177.854818999999992
20
-79.9297609999999992
11
177.8555479999999989
21
-79.922354999999996
0
LINE
8
BLACK
6
CONTINUOUS
10
177.8555479999999989
20
-79.922354999999996
11
177.8554079999999828
21
-79.9203809999999919
0
LINE
8
BLACK
6
CONTINUOUS
10
177.8554079999999828
20
-79.9203809999999919
11
177.8559979999999996
21
-79.917783
0
LINE
8
BLACK
6
CONTINUOUS
10
177.8559979999999996
20
-79.917783
11
177.8562599999999918
21
-79.9151289999999932
0
LINE
8
BLACK
6
CONTINUOUS
10
177.8562599999999918
20
-79.9151289999999932
11
177.8570179999999823
21
-79.913297
0
LINE
8
BLACK
6
CONTINUOUS
10
177.8570179999999823
20
-79.913297
11
177.8586679999999944
21
-79.9060439999999943
0
LINE
8
BLACK
6
CONTINUOUS
10
177.8586679999999944
20
-79.9060439999999943
11
177.9062869999999918
21
-79.7631870000000021
0
LINE
8
BLACK
6
CONTINUOUS
10
177.9062869999999918
20
-79.7631870000000021
11
177.9122809999999788
21
-79.7497619999999898
0
LINE
8
BLACK
6
CONTINUOUS
10
177.9122809999999788
20
-79.7497619999999898
11
177.9314549999999997
21
-79.7276549999999986
0
LINE
8
BLACK
6
CONTINUOUS
10
177.9314549999999997
20
-79.7276549999999986
11
177.9576279999999997
21
-79.7145679999999999
0
LINE
8
BLACK
6
CONTINUOUS
10
177.9576279999999997
20
-79.7145679999999999
11
177.9868179999999995
21
-79.7124929999999949
0
LINE
8
BLACK
6
CONTINUOUS
10
177.9868179999999995
20
-79.7124929999999949
11
178.0145799999999952
21
-79.7217469999999935
0
LINE
8
BLACK
6
CONTINUOUS
10
178.0145799999999952
20
-79.7217469999999935
11
178.0366879999999981
21
-79.7409210000000002
0
LINE
8
BLACK
6
CONTINUOUS
10
178.0366879999999981
20
-79.7409210000000002
11
178.0497739999999851
21
-79.7670949999999976
0
LINE
8
BLACK
6
CONTINUOUS
10
178.0497739999999851
20
-79.7670949999999976
11
178.0518490000000043
21
-79.7962849999999975
0
LINE
8
BLACK
6
CONTINUOUS
10
178.0518490000000043
20
-79.7962849999999975
11
178.0485889999999927
21
-79.8106219999999951
0
LINE
8
BLACK
6
CONTINUOUS
10
178.0485889999999927
20
-79.8106219999999951
11
178.0048189999999977
21
-79.9419309999999967
0
LINE
8
BLACK
6
CONTINUOUS
10
178.0048189999999977
20
-79.9419309999999967
11
178.0048189999999977
21
-80.1501509999999939
0
LINE
8
BLACK
6
CONTINUOUS
10
178.0048189999999977
20
-80.1501509999999939
11
178.0390769999999918
21
-80.2186669999999964
0
LINE
8
BLACK
6
CONTINUOUS
10
178.0390769999999918
20
-80.2186669999999964
11
178.0694839999999886
21
-80.2490739999999931
0
LINE
8
BLACK
6
CONTINUOUS
10
178.0694839999999886
20
-80.2490739999999931
11
178.1380000000000052
21
-80.2833320000000015
0
LINE
8
BLACK
6
CONTINUOUS
10
178.1380000000000052
20
-80.2833320000000015
11
178.197827999999987
21
-80.2833320000000015
0
LINE
8
BLACK
6
CONTINUOUS
10
178.197827999999987
20
-80.2833320000000015
11
178.2663440000000037
21
-80.2490739999999931
0
LINE
8
BLACK
6
CONTINUOUS
10
178.2663440000000037
20
-80.2490739999999931
11
178.2967510000000004
21
-80.2186669999999964
0
LINE
8
BLACK
6
CONTINUOUS
10
178.2967510000000004
20
-80.2186669999999964
11
178.3352439999999888
21
-80.1416799999999938
0
LINE
8
BLACK
6
CONTINUOUS
10
178.3352439999999888
20
-80.1416799999999938
11
178.380866999999995
21
-79.9591899999999924
0
LINE
8
BLACK
6
CONTINUOUS
10
178.380866999999995
20
-79.9591899999999924
11
178.3812519999999893
21
-79.9581099999999907
0
LINE
8
BLACK
6
CONTINUOUS
10
178.3812519999999893
20
-79.9581099999999907
11
178.3812910000000045
21
-79.9575710000000015
0
LINE
8
BLACK
6
CONTINUOUS
10
178.3812910000000045
20
-79.9575710000000015
11
178.3836179999999842
21
-79.9514889999999951
0
LINE
8
BLACK
6
CONTINUOUS
10
178.3836179999999842
20
-79.9514889999999951
11
178.3858139999999821
21
-79.9453439999999915
0
LINE
8
BLACK
6
CONTINUOUS
10
178.3858139999999821
20
-79.9453439999999915
11
178.3861359999999934
21
-79.9449079999999981
0
LINE
8
BLACK
6
CONTINUOUS
10
178.3861359999999934
20
-79.9449079999999981
11
178.3865459999999814
21
-79.943838999999997
0
LINE
8
BLACK
6
CONTINUOUS
10
178.3865459999999814
20
-79.943838999999997
11
178.4341649999999788
21
-79.8486010000000022
0
LINE
8
BLACK
6
CONTINUOUS
10
178.4341649999999788
20
-79.8486010000000022
11
178.4381290000000035
21
-79.842300999999992
0
LINE
8
BLACK
6
CONTINUOUS
10
178.4381290000000035
20
-79.842300999999992
11
178.438886999999994
21
-79.8404740000000004
0
LINE
8
BLACK
6
CONTINUOUS
10
178.438886999999994
20
-79.8404740000000004
11
178.4405749999999955
21
-79.8384169999999926
0
LINE
8
BLACK
6
CONTINUOUS
10
178.4405749999999955
20
-79.8384169999999926
11
178.4419969999999864
21
-79.8361579999999975
0
LINE
8
BLACK
6
CONTINUOUS
10
178.4419969999999864
20
-79.8361579999999975
11
178.4434949999999844
21
-79.834857999999997
0
LINE
8
BLACK
6
CONTINUOUS
10
178.4434949999999844
20
-79.834857999999997
11
178.4482139999999788
21
-79.8291090000000025
0
LINE
8
BLACK
6
CONTINUOUS
10
178.4482139999999788
20
-79.8291090000000025
11
178.4958330000000046
21
-79.7814899999999909
0
LINE
8
BLACK
6
CONTINUOUS
10
178.4958330000000046
20
-79.7814899999999909
11
178.5015819999999849
21
-79.7767709999999965
0
LINE
8
BLACK
6
CONTINUOUS
10
178.5015819999999849
20
-79.7767709999999965
11
178.5028819999999996
21
-79.7752729999999985
0
LINE
8
BLACK
6
CONTINUOUS
10
178.5028819999999996
20
-79.7752729999999985
11
178.5051409999999805
21
-79.7738509999999934
0
LINE
8
BLACK
6
CONTINUOUS
10
178.5051409999999805
20
-79.7738509999999934
11
178.5071979999999883
21
-79.7721629999999919
0
LINE
8
BLACK
6
CONTINUOUS
10
178.5071979999999883
20
-79.7721629999999919
11
178.5090249999999799
21
-79.7714050000000015
0
LINE
8
BLACK
6
CONTINUOUS
10
178.5090249999999799
20
-79.7714050000000015
11
178.51532499999999
21
-79.7674409999999909
0
LINE
8
BLACK
6
CONTINUOUS
10
178.51532499999999
20
-79.7674409999999909
11
178.6105629999999849
21
-79.7198219999999935
0
LINE
8
BLACK
6
CONTINUOUS
10
178.6105629999999849
20
-79.7198219999999935
11
178.6242939999999919
21
-79.7145670000000024
0
LINE
8
BLACK
6
CONTINUOUS
10
178.6242939999999919
20
-79.7145670000000024
11
178.6269829999999956
21
-79.7143749999999898
0
LINE
8
BLACK
6
CONTINUOUS
10
178.6269829999999956
20
-79.7143749999999898
11
178.6294719999999927
21
-79.7133449999999897
0
LINE
8
BLACK
6
CONTINUOUS
10
178.6294719999999927
20
-79.7133449999999897
11
178.6441039999999987
21
-79.7119039999999899
0
LINE
8
BLACK
6
CONTINUOUS
10
178.6441039999999987
20
-79.7119039999999899
11
178.7393419999999935
21
-79.7119039999999899
0
LINE
8
BLACK
6
CONTINUOUS
10
178.7393419999999935
20
-79.7119039999999899
11
178.7539739999999995
21
-79.7133449999999897
0
LINE
8
BLACK
6
CONTINUOUS
10
177.9471910000000037
20
-78.523467999999994
11
178.9471910000000037
21
-78.7615629999999953
0
LINE
8
BLACK
6
CONTINUOUS
10
178.9471910000000037
20
-78.7615629999999953
11
178.9522089999999821
21
-78.7632919999999928
0
LINE
8
BLACK
6
CONTINUOUS
10
178.9522089999999821
20
-78.7632919999999928
11
178.9540130000000033
21
-78.7635319999999979
0
LINE
8
BLACK
6
CONTINUOUS
10
178.9540130000000033
20
-78.7635319999999979
11
178.9556419999999832
21
-78.7644749999999902
0
LINE
8
BLACK
6
CONTINUOUS
10
178.9556419999999832
20
-78.7644749999999902
11
178.9610909999999819
21
-78.7663529999999952
0
LINE
8
BLACK
6
CONTINUOUS
10
178.9610909999999819
20
-78.7663529999999952
11
178.9699139999999886
21
-78.7727379999999897
0
LINE
8
BLACK
6
CONTINUOUS
10
178.9699139999999886
20
-78.7727379999999897
11
178.9793369999999868
21
-78.7781939999999992
0
LINE
8
BLACK
6
CONTINUOUS
10
178.9793369999999868
20
-78.7781939999999992
11
178.9816769999999906
21
-78.7812509999999975
0
LINE
8
BLACK
6
CONTINUOUS
10
178.9816769999999906
20
-78.7812509999999975
11
178.9847979999999836
21
-78.7835099999999926
0
LINE
8
BLACK
6
CONTINUOUS
10
178.9847979999999836
20
-78.7835099999999926
11
178.9905029999999897
21
-78.7927809999999909
0
LINE
8
BLACK
6
CONTINUOUS
10
178.9905029999999897
20
-78.7927809999999909
11
178.9971249999999827
21
-78.8014319999999913
0
LINE
8
BLACK
6
CONTINUOUS
10
178.9971249999999827
20
-78.8014319999999913
11
178.9981180000000052
21
-78.8051549999999992
0
LINE
8
BLACK
6
CONTINUOUS
10
178.9981180000000052
20
-78.8051549999999992
11
179.0001340000000027
21
-78.8084319999999963
0
LINE
8
BLACK
6
CONTINUOUS
10
179.0001340000000027
20
-78.8084319999999963
11
179.0018560000000036
21
-78.8191750000000013
0
LINE
8
BLACK
6
CONTINUOUS
10
179.0018560000000036
20
-78.8191750000000013
11
179.0046649999999886
21
-78.8297069999999991
0
LINE
8
BLACK
6
CONTINUOUS
10
179.0046649999999886
20
-78.8297069999999991
11
179.0041569999999922
21
-78.8335249999999945
0
LINE
8
BLACK
6
CONTINUOUS
10
179.0041569999999922
20
-78.8335249999999945
11
179.0047669999999869
21
-78.8373270000000019
0
LINE
8
BLACK
6
CONTINUOUS
10
179.0047669999999869
20
-78.8373270000000019
11
179.0022439999999904
21
-78.847921999999997
0
LINE
8
BLACK
6
CONTINUOUS
10
179.0022439999999904
20
-78.847921999999997
11
179.0008100000000013
21
-78.8587160000000011
0
LINE
8
BLACK
6
CONTINUOUS
10
179.0008100000000013
20
-78.8587160000000011
11
178.998880999999983
21
-78.8620469999999898
0
LINE
8
BLACK
6
CONTINUOUS
10
178.998880999999983
20
-78.8620469999999898
11
178.9979889999999898
21
-78.8657949999999914
0
LINE
8
BLACK
6
CONTINUOUS
10
178.9979889999999898
20
-78.8657949999999914
11
178.9916020000000003
21
-78.8746189999999956
0
LINE
8
BLACK
6
CONTINUOUS
10
178.9916020000000003
20
-78.8746189999999956
11
178.9861479999999858
21
-78.8840409999999963
0
LINE
8
BLACK
6
CONTINUOUS
10
178.9861479999999858
20
-78.8840409999999963
11
178.9830900000000042
21
-78.8863810000000001
0
LINE
8
BLACK
6
CONTINUOUS
10
178.9830900000000042
20
-78.8863810000000001
11
178.9808319999999924
21
-78.8895019999999931
0
LINE
8
BLACK
6
CONTINUOUS
10
178.9808319999999924
20
-78.8895019999999931
11
178.971558999999985
21
-78.8952069999999992
0
LINE
8
BLACK
6
CONTINUOUS
10
178.971558999999985
20
-78.8952069999999992
11
178.9629109999999912
21
-78.9018279999999947
0
LINE
8
BLACK
6
CONTINUOUS
10
178.9629109999999912
20
-78.9018279999999947
11
178.9575089999999875
21
-78.903852999999998
0
LINE
8
BLACK
6
CONTINUOUS
10
178.9575089999999875
20
-78.903852999999998
11
178.9559099999999887
21
-78.904837999999998
0
LINE
8
BLACK
6
CONTINUOUS
10
178.9559099999999887
20
-78.904837999999998
11
178.9541189999999915
21
-78.9051249999999982
0
LINE
8
BLACK
6
CONTINUOUS
10
178.9541189999999915
20
-78.9051249999999982
11
178.9491439999999898
21
-78.9069909999999908
0
LINE
8
BLACK
6
CONTINUOUS
10
178.9491439999999898
20
-78.9069909999999908
11
178.5066129999999873
21
-79.024998999999994
0
LINE
8
BLACK
6
CONTINUOUS
10
178.5066129999999873
20
-79.024998999999994
11
178.9491439999999898
21
-79.1430069999999972
0
LINE
8
BLACK
6
CONTINUOUS
10
178.9491439999999898
20
-79.1430069999999972
11
178.9541189999999915
21
-79.1448719999999923
0
LINE
8
BLACK
6
CONTINUOUS
10
178.9541189999999915
20
-79.1448719999999923
11
178.9559099999999887
21
-79.14515999999999
0
LINE
8
BLACK
6
CONTINUOUS
10
178.9559099999999887
20
-79.14515999999999
11
178.9575089999999875
21
-79.1461439999999925
0
LINE
8
BLACK
6
CONTINUOUS
10
178.9575089999999875
20
-79.1461439999999925
11
178.9629109999999912
21
-79.1481699999999933
0
LINE
8
BLACK
6
CONTINUOUS
10
178.9629109999999912
20
-79.1481699999999933
11
178.971558999999985
21
-79.1547899999999913
0
LINE
8
BLACK
6
CONTINUOUS
10
178.971558999999985
20
-79.1547899999999913
11
178.9808319999999924
21
-79.1604959999999949
0
LINE
8
BLACK
6
CONTINUOUS
10
178.9808319999999924
20
-79.1604959999999949
11
178.9830900000000042
21
-79.1636159999999904
0
LINE
8
BLACK
6
CONTINUOUS
10
178.9830900000000042
20
-79.1636159999999904
11
178.9861479999999858
21
-79.1659569999999917
0
LINE
8
BLACK
6
CONTINUOUS
10
178.9861479999999858
20
-79.1659569999999917
11
178.9916020000000003
21
-79.1753779999999949
0
LINE
8
BLACK
6
CONTINUOUS
10
178.9916020000000003
20
-79.1753779999999949
11
178.9979889999999898
21
-79.1842029999999966
0
LINE
8
BLACK
6
CONTINUOUS
10
178.9979889999999898
20
-79.1842029999999966
11
178.998880999999983
21
-79.1879500000000007
0
LINE
8
BLACK
6
CONTINUOUS
10
178.998880999999983
20
-79.1879500000000007
11
179.0008100000000013
21
-79.1912820000000011
0
LINE
8
BLACK
6
CONTINUOUS
10
179.0008100000000013
20
-79.1912820000000011
11
179.0022439999999904
21
-79.2020749999999936
0
LINE
8
BLACK
6
CONTINUOUS
10
179.0022439999999904
20
-79.2020749999999936
11
179.0047669999999869
21
-79.2126710000000003
0
LINE
8
BLACK
6
CONTINUOUS
10
179.0047669999999869
20
-79.2126710000000003
11
179.0041569999999922
21
-79.216471999999996
0
LINE
8
BLACK
6
CONTINUOUS
10
179.0041569999999922
20
-79.216471999999996
11
179.0046649999999886
21
-79.2202910000000031
0
LINE
8
BLACK
6
CONTINUOUS
10
179.0046649999999886
20
-79.2202910000000031
11
179.0018560000000036
21
-79.2308220000000034
0
LINE
8
BLACK
6
CONTINUOUS
10
179.0018560000000036
20
-79.2308220000000034
11
179.0001340000000027
21
-79.2415659999999917
0
LINE
8
BLACK
6
CONTINUOUS
10
179.0001340000000027
20
-79.2415659999999917
11
178.9981180000000052
21
-79.2448419999999913
0
LINE
8
BLACK
6
CONTINUOUS
10
178.9981180000000052
20
-79.2448419999999913
11
178.9971249999999827
21
-79.2485659999999967
0
LINE
8
BLACK
6
CONTINUOUS
10
178.9971249999999827
20
-79.2485659999999967
11
178.9905029999999897
21
-79.2572159999999997
0
LINE
8
BLACK
6
CONTINUOUS
10
178.9905029999999897
20
-79.2572159999999997
11
178.9847979999999836
21
-79.2664879999999954
0
LINE
8
BLACK
6
CONTINUOUS
10
178.9847979999999836
20
-79.2664879999999954
11
178.9816769999999906
21
-79.268745999999993
0
LINE
8
BLACK
6
CONTINUOUS
10
178.9816769999999906
20
-79.268745999999993
11
178.9793369999999868
21
-79.271804000000003
0
LINE
8
BLACK
6
CONTINUOUS
10
178.9793369999999868
20
-79.271804000000003
11
178.9699139999999886
21
-79.2772590000000008
0
LINE
8
BLACK
6
CONTINUOUS
10
178.9699139999999886
20
-79.2772590000000008
11
178.9610909999999819
21
-79.2836449999999928
0
LINE
8
BLACK
6
CONTINUOUS
10
178.9610909999999819
20
-79.2836449999999928
11
178.9556419999999832
21
-79.2855220000000003
0
LINE
8
BLACK
6
CONTINUOUS
10
178.9556419999999832
20
-79.2855220000000003
11
178.9540130000000033
21
-79.2864659999999901
0
LINE
8
BLACK
6
CONTINUOUS
10
178.9540130000000033
20
-79.2864659999999901
11
178.9522089999999821
21
-79.2867049999999978
0
LINE
8
BLACK
6
CONTINUOUS
10
178.9522089999999821
20
-79.2867049999999978
11
178.9471910000000037
21
-79.2884349999999927
0
LINE
8
BLACK
6
CONTINUOUS
10
178.9471910000000037
20
-79.2884349999999927
11
177.9471910000000037
21
-79.5265299999999939
0
LINE
8
BLACK
6
CONTINUOUS
10
177.9471910000000037
20
-79.5265299999999939
11
177.9326229999999782
21
-79.5285179999999912
0
LINE
8
BLACK
6
CONTINUOUS
10
177.9326229999999782
20
-79.5285179999999912
11
177.903728000000001
21
-79.5238849999999928
0
LINE
8
BLACK
6
CONTINUOUS
10
177.903728000000001
20
-79.5238849999999928
11
177.8788059999999973
21
-79.5085490000000021
0
LINE
8
BLACK
6
CONTINUOUS
10
177.8788059999999973
20
-79.5085490000000021
11
177.8616489999999999
21
-79.4848420000000004
0
LINE
8
BLACK
6
CONTINUOUS
10
177.8616489999999999
20
-79.4848420000000004
11
177.8548710000000028
21
-79.4563739999999967
0
LINE
8
BLACK
6
CONTINUOUS
10
177.8548710000000028
20
-79.4563739999999967
11
177.8595039999999869
21
-79.4274789999999911
0
LINE
8
BLACK
6
CONTINUOUS
10
177.8595039999999869
20
-79.4274789999999911
11
177.8748400000000061
21
-79.4025570000000016
0
LINE
8
BLACK
6
CONTINUOUS
10
177.8748400000000061
20
-79.4025570000000016
11
177.8985469999999793
21
-79.38539999999999
0
LINE
8
BLACK
6
CONTINUOUS
10
177.8985469999999793
20
-79.38539999999999
11
177.912446999999986
21
-79.3806099999999901
0
LINE
8
BLACK
6
CONTINUOUS
10
177.912446999999986
20
-79.3806099999999901
11
178.6233029999999928
21
-79.2113579999999899
0
LINE
8
BLACK
6
CONTINUOUS
10
178.6233029999999928
20
-79.2113579999999899
11
178.1962079999999844
21
-79.0974669999999946
0
LINE
8
BLACK
6
CONTINUOUS
10
178.1962079999999844
20
-79.0974669999999946
11
178.1927799999999991
21
-79.0961810000000014
0
LINE
8
BLACK
6
CONTINUOUS
10
178.1927799999999991
20
-79.0961810000000014
11
178.1913399999999967
21
-79.0959900000000005
0
LINE
8
BLACK
6
CONTINUOUS
10
178.1913399999999967
20
-79.0959900000000005
11
178.1896289999999965
21
-79.0949990000000014
0
LINE
8
BLACK
6
CONTINUOUS
10
178.1896289999999965
20
-79.0949990000000014
11
178.1824419999999805
21
-79.0923039999999986
0
LINE
8
BLACK
6
CONTINUOUS
10
178.1824419999999805
20
-79.0923039999999986
11
178.1745819999999867
21
-79.0862879999999961
0
LINE
8
BLACK
6
CONTINUOUS
10
178.1745819999999867
20
-79.0862879999999961
11
178.1660149999999874
21
-79.0813279999999992
0
LINE
8
BLACK
6
CONTINUOUS
10
178.1660149999999874
20
-79.0813279999999992
11
178.163060999999999
21
-79.077469999999991
0
LINE
8
BLACK
6
CONTINUOUS
10
178.163060999999999
20
-79.077469999999991
11
178.1592039999999884
21
-79.0745170000000002
0
LINE
8
BLACK
6
CONTINUOUS
10
178.1592039999999884
20
-79.0745170000000002
11
178.1542429999999797
21
-79.0659490000000034
0
LINE
8
BLACK
6
CONTINUOUS
10
178.1542429999999797
20
-79.0659490000000034
11
178.1482279999999889
21
-79.0580899999999929
0
LINE
8
BLACK
6
CONTINUOUS
10
178.1482279999999889
20
-79.0580899999999929
11
178.1469759999999951
21
-79.0533969999999897
0
LINE
8
BLACK
6
CONTINUOUS
10
178.1469759999999951
20
-79.0533969999999897
11
178.1445420000000013
21
-79.0491919999999908
0
LINE
8
BLACK
6
CONTINUOUS
10
178.1445420000000013
20
-79.0491919999999908
11
178.1432369999999992
21
-79.0393759999999901
0
LINE
8
BLACK
6
CONTINUOUS
10
178.1432369999999992
20
-79.0393759999999901
11
178.140687999999983
21
-79.0298140000000018
0
LINE
8
BLACK
6
CONTINUOUS
10
178.140687999999983
20
-79.0298140000000018
11
178.1413269999999898
21
-79.024998999999994
0
LINE
8
BLACK
6
CONTINUOUS
10
178.1413269999999898
20
-79.024998999999994
11
178.140687999999983
21
-79.0201840000000004
0
LINE
8
BLACK
6
CONTINUOUS
10
178.140687999999983
20
-79.0201840000000004
11
178.1432369999999992
21
-79.0106210000000004
0
LINE
8
BLACK
6
CONTINUOUS
10
178.1432369999999992
20
-79.0106210000000004
11
178.1445420000000013
21
-79.0008059999999972
0
LINE
8
BLACK
6
CONTINUOUS
10
178.1445420000000013
20
-79.0008059999999972
11
178.1469759999999951
21
-78.9966000000000008
0
LINE
8
BLACK
6
CONTINUOUS
10
178.1469759999999951
20
-78.9966000000000008
11
178.1482279999999889
21
-78.9919079999999951
0
LINE
8
BLACK
6
CONTINUOUS
10
178.1482279999999889
20
-78.9919079999999951
11
178.1542429999999797
21
-78.9840480000000014
0
LINE
8
BLACK
6
CONTINUOUS
10
178.1542429999999797
20
-78.9840480000000014
11
178.1592039999999884
21
-78.975481000000002
0
LINE
8
BLACK
6
CONTINUOUS
10
178.1592039999999884
20
-78.975481000000002
11
178.163060999999999
21
-78.9725269999999995
0
LINE
8
BLACK
6
CONTINUOUS
10
178.163060999999999
20
-78.9725269999999995
11
178.1660149999999874
21
-78.968670000000003
0
LINE
8
BLACK
6
CONTINUOUS
10
178.1660149999999874
20
-78.968670000000003
11
178.1745819999999867
21
-78.9637089999999944
0
LINE
8
BLACK
6
CONTINUOUS
10
178.1745819999999867
20
-78.9637089999999944
11
178.1824419999999805
21
-78.9576939999999894
0
LINE
8
BLACK
6
CONTINUOUS
10
178.1824419999999805
20
-78.9576939999999894
11
178.1896289999999965
21
-78.9549980000000033
0
LINE
8
BLACK
6
CONTINUOUS
10
178.1896289999999965
20
-78.9549980000000033
11
178.1913399999999967
21
-78.9540080000000017
0
LINE
8
BLACK
6
CONTINUOUS
10
178.1913399999999967
20
-78.9540080000000017
11
178.1927799999999991
21
-78.9538160000000033
0
LINE
8
BLACK
6
CONTINUOUS
10
178.1927799999999991
20
-78.9538160000000033
11
178.1962079999999844
21
-78.9525309999999934
0
LINE
8
BLACK
6
CONTINUOUS
10
178.1962079999999844
20
-78.9525309999999934
11
178.6233029999999928
21
-78.8386390000000006
0
LINE
8
BLACK
6
CONTINUOUS
10
178.6233029999999928
20
-78.8386390000000006
11
177.912446999999986
21
-78.6693879999999979
0
LINE
8
BLACK
6
CONTINUOUS
10
177.912446999999986
20
-78.6693879999999979
11
177.8985469999999793
21
-78.664597999999998
0
LINE
8
BLACK
6
CONTINUOUS
10
177.8985469999999793
20
-78.664597999999998
11
177.8748400000000061
21
-78.6474410000000006
0
LINE
8
BLACK
6
CONTINUOUS
10
177.8748400000000061
20
-78.6474410000000006
11
177.8595039999999869
21
-78.6225189999999969
0
LINE
8
BLACK
6
CONTINUOUS
10
177.8595039999999869
20
-78.6225189999999969
11
177.8548710000000028
21
-78.5936239999999913
0
LINE
8
BLACK
6
CONTINUOUS
10
177.8548710000000028
20
-78.5936239999999913
11
177.8616489999999999
21
-78.5651560000000018
0
LINE
8
BLACK
6
CONTINUOUS
10
177.8616489999999999
20
-78.5651560000000018
11
177.8788059999999973
21
-78.5414490000000001
0
LINE
8
BLACK
6
CONTINUOUS
10
177.8788059999999973
20
-78.5414490000000001
11
177.903728000000001
21
-78.5261129999999952
0
LINE
8
BLACK
6
CONTINUOUS
10
177.903728000000001
20
-78.5261129999999952
11
177.9326229999999782
21
-78.5214799999999968
0
LINE
8
BLACK
6
CONTINUOUS
10
177.9326229999999782
20
-78.5214799999999968
11
177.9471910000000037
21
-78.523467999999994
0
LINE
8
BLACK
6
CONTINUOUS
10
178.6381529999999884
20
-77.5816870000000023
11
178.6588449999999852
21
-77.6023789999999991
0
LINE
8
BLACK
6
CONTINUOUS
10
178.6588449999999852
20
-77.6023789999999991
11
178.6700439999999901
21
-77.6294149999999945
0
LINE
8
BLACK
6
CONTINUOUS
10
178.6700439999999901
20
-77.6294149999999945
11
178.6714849999999899
21
-77.6440470000000005
0
LINE
8
BLACK
6
CONTINUOUS
10
178.6714849999999899
20
-77.6440470000000005
11
178.6714849999999899
21
-77.7119039999999899
0
LINE
8
BLACK
6
CONTINUOUS
10
178.6714849999999899
20
-77.7119039999999899
11
178.9298189999999806
21
-77.7119039999999899
0
LINE
8
BLACK
6
CONTINUOUS
10
178.9298189999999806
20
-77.7119039999999899
11
178.9444509999999866
21
-77.7133449999999897
0
LINE
8
BLACK
6
CONTINUOUS
10
178.9444509999999866
20
-77.7133449999999897
11
178.9714869999999962
21
-77.7245439999999945
0
LINE
8
BLACK
6
CONTINUOUS
10
178.9714869999999962
20
-77.7245439999999945
11
178.992178999999993
21
-77.7452359999999913
0
LINE
8
BLACK
6
CONTINUOUS
10
178.992178999999993
20
-77.7452359999999913
11
179.0033779999999979
21
-77.772272000000001
0
LINE
8
BLACK
6
CONTINUOUS
10
179.0033779999999979
20
-77.772272000000001
11
179.0033779999999979
21
-77.8015359999999987
0
LINE
8
BLACK
6
CONTINUOUS
10
179.0033779999999979
20
-77.8015359999999987
11
178.992178999999993
21
-77.8285719999999941
0
LINE
8
BLACK
6
CONTINUOUS
10
178.992178999999993
20
-77.8285719999999941
11
178.9714869999999962
21
-77.8492639999999909
0
LINE
8
BLACK
6
CONTINUOUS
10
178.9714869999999962
20
-77.8492639999999909
11
178.9444509999999866
21
-77.8604629999999958
0
LINE
8
BLACK
6
CONTINUOUS
10
178.9444509999999866
20
-77.8604629999999958
11
178.9298189999999806
21
-77.8619039999999956
0
LINE
8
BLACK
6
CONTINUOUS
10
178.9298189999999806
20
-77.8619039999999956
11
178.6714849999999899
21
-77.8619039999999956
0
LINE
8
BLACK
6
CONTINUOUS
10
178.6714849999999899
20
-77.8619039999999956
11
178.6714849999999899
21
-78.2630939999999953
0
LINE
8
BLACK
6
CONTINUOUS
10
178.6714849999999899
20
-78.2630939999999953
11
178.6707549999999856
21
-78.2704990000000009
0
LINE
8
BLACK
6
CONTINUOUS
10
178.6707549999999856
20
-78.2704990000000009
11
178.670895999999999
21
-78.2724740000000025
0
LINE
8
BLACK
6
CONTINUOUS
10
178.670895999999999
20
-78.2724740000000025
11
178.6704199999999787
21
-78.2738990000000001
0
LINE
8
BLACK
6
CONTINUOUS
10
178.6704199999999787
20
-78.2738990000000001
11
178.6700439999999901
21
-78.2777260000000012
0
LINE
8
BLACK
6
CONTINUOUS
10
178.6700439999999901
20
-78.2777260000000012
11
178.6654419999999845
21
-78.2888349999999917
0
LINE
8
BLACK
6
CONTINUOUS
10
178.6654419999999845
20
-78.2888349999999917
11
178.6616420000000005
21
-78.3002359999999982
0
LINE
8
BLACK
6
CONTINUOUS
10
178.6616420000000005
20
-78.3002359999999982
11
178.659875999999997
21
-78.3022709999999904
0
LINE
8
BLACK
6
CONTINUOUS
10
178.659875999999997
20
-78.3022709999999904
11
178.6588449999999852
21
-78.3047619999999966
0
LINE
8
BLACK
6
CONTINUOUS
10
178.6588449999999852
20
-78.3047619999999966
11
178.6503419999999949
21
-78.3132639999999896
0
LINE
8
BLACK
6
CONTINUOUS
10
178.6503419999999949
20
-78.3132639999999896
11
178.6424679999999796
21
-78.3223440000000011
0
LINE
8
BLACK
6
CONTINUOUS
10
178.6424679999999796
20
-78.3223440000000011
11
178.640057999999982
21
-78.3235480000000024
0
LINE
8
BLACK
6
CONTINUOUS
10
178.640057999999982
20
-78.3235480000000024
11
178.6381529999999884
21
-78.3254539999999935
0
LINE
8
BLACK
6
CONTINUOUS
10
178.6381529999999884
20
-78.3254539999999935
11
178.6270409999999913
21
-78.330055999999999
0
LINE
8
BLACK
6
CONTINUOUS
10
178.6270409999999913
20
-78.330055999999999
11
178.6162939999999821
21
-78.3354300000000023
0
LINE
8
BLACK
6
CONTINUOUS
10
178.6162939999999821
20
-78.3354300000000023
11
178.6136079999999993
21
-78.3356199999999916
0
LINE
8
BLACK
6
CONTINUOUS
10
178.6136079999999993
20
-78.3356199999999916
11
178.6111169999999788
21
-78.3366529999999983
0
LINE
8
BLACK
6
CONTINUOUS
10
178.6111169999999788
20
-78.3366529999999983
11
178.5990889999999922
21
-78.3366529999999983
0
LINE
8
BLACK
6
CONTINUOUS
10
178.5990889999999922
20
-78.3366529999999983
11
178.5871039999999823
21
-78.3375049999999931
0
LINE
8
BLACK
6
CONTINUOUS
10
178.5871039999999823
20
-78.3375049999999931
11
178.5833569999999781
21
-78.3366529999999983
0
LINE
8
BLACK
6
CONTINUOUS
10
178.5833569999999781
20
-78.3366529999999983
11
178.5818529999999953
21
-78.3366529999999983
0
LINE
8
BLACK
6
CONTINUOUS
10
178.5818529999999953
20
-78.3366529999999983
11
178.5800219999999854
21
-78.3358939999999961
0
LINE
8
BLACK
6
CONTINUOUS
10
178.5800219999999854
20
-78.3358939999999961
11
178.5727669999999989
21
-78.3342449999999957
0
LINE
8
BLACK
6
CONTINUOUS
10
178.5727669999999989
20
-78.3342449999999957
11
177.8584829999999783
21
-78.0961499999999944
0
LINE
8
BLACK
6
CONTINUOUS
10
177.8584829999999783
20
-78.0961499999999944
11
177.8450569999999971
21
-78.0901559999999932
0
LINE
8
BLACK
6
CONTINUOUS
10
177.8450569999999971
20
-78.0901559999999932
11
177.8229499999999916
21
-78.0709820000000008
0
LINE
8
BLACK
6
CONTINUOUS
10
177.8229499999999916
20
-78.0709820000000008
11
177.8098640000000046
21
-78.0448090000000008
0
LINE
8
BLACK
6
CONTINUOUS
10
177.8098640000000046
20
-78.0448090000000008
11
177.8077889999999854
21
-78.0156190000000009
0
LINE
8
BLACK
6
CONTINUOUS
10
177.8077889999999854
20
-78.0156190000000009
11
177.817042999999984
21
-77.9878559999999936
0
LINE
8
BLACK
6
CONTINUOUS
10
177.817042999999984
20
-77.9878559999999936
11
177.8362170000000049
21
-77.9657490000000024
0
LINE
8
BLACK
6
CONTINUOUS
10
177.8362170000000049
20
-77.9657490000000024
11
177.8623900000000049
21
-77.9526630000000011
0
LINE
8
BLACK
6
CONTINUOUS
10
177.8623900000000049
20
-77.9526630000000011
11
177.8915800000000047
21
-77.9505879999999962
0
LINE
8
BLACK
6
CONTINUOUS
10
177.8915800000000047
20
-77.9505879999999962
11
177.9059169999999881
21
-77.9538479999999936
0
LINE
8
BLACK
6
CONTINUOUS
10
177.9059169999999881
20
-77.9538479999999936
11
178.5214849999999842
21
-78.1590369999999979
0
LINE
8
BLACK
6
CONTINUOUS
10
178.5214849999999842
20
-78.1590369999999979
11
178.5214849999999842
21
-77.8619039999999956
0
LINE
8
BLACK
6
CONTINUOUS
10
178.5214849999999842
20
-77.8619039999999956
11
178.2631519999999909
21
-77.8619039999999956
0
LINE
8
BLACK
6
CONTINUOUS
10
178.2631519999999909
20
-77.8619039999999956
11
178.248519999999985
21
-77.8604629999999958
0
LINE
8
BLACK
6
CONTINUOUS
10
178.248519999999985
20
-77.8604629999999958
11
178.2214840000000038
21
-77.8492639999999909
0
LINE
8
BLACK
6
CONTINUOUS
10
178.2214840000000038
20
-77.8492639999999909
11
178.2007919999999785
21
-77.8285719999999941
0
LINE
8
BLACK
6
CONTINUOUS
10
178.2007919999999785
20
-77.8285719999999941
11
178.1895930000000021
21
-77.8015359999999987
0
LINE
8
BLACK
6
CONTINUOUS
10
178.1895930000000021
20
-77.8015359999999987
11
178.1895930000000021
21
-77.772272000000001
0
LINE
8
BLACK
6
CONTINUOUS
10
178.1895930000000021
20
-77.772272000000001
11
178.2007919999999785
21
-77.7452359999999913
0
LINE
8
BLACK
6
CONTINUOUS
10
178.2007919999999785
20
-77.7452359999999913
11
178.2214840000000038
21
-77.7245439999999945
0
LINE
8
BLACK
6
CONTINUOUS
10
178.2214840000000038
20
-77.7245439999999945
11
178.248519999999985
21
-77.7133449999999897
0
LINE
8
BLACK
6
CONTINUOUS
10
178.248519999999985
20
-77.7133449999999897
11
178.2631519999999909
21
-77.7119039999999899
0
LINE
8
BLACK
6
CONTINUOUS
10
178.2631519999999909
20
-77.7119039999999899
11
178.5214849999999842
21
-77.7119039999999899
0
LINE
8
BLACK
6
CONTINUOUS
10
178.5214849999999842
20
-77.7119039999999899
11
178.5214849999999842
21
-77.6440470000000005
0
LINE
8
BLACK
6
CONTINUOUS
10
178.5214849999999842
20
-77.6440470000000005
11
178.522925999999984
21
-77.6294149999999945
0
LINE
8
BLACK
6
CONTINUOUS
10
178.522925999999984
20
-77.6294149999999945
11
178.5341249999999889
21
-77.6023789999999991
0
LINE
8
BLACK
6
CONTINUOUS
10
178.5341249999999889
20
-77.6023789999999991
11
178.5548169999999857
21
-77.5816870000000023
0
LINE
8
BLACK
6
CONTINUOUS
10
178.5548169999999857
20
-77.5816870000000023
11
178.5818529999999953
21
-77.5704879999999974
0
LINE
8
BLACK
6
CONTINUOUS
10
178.5818529999999953
20
-77.5704879999999974
11
178.6111169999999788
21
-77.5704879999999974
0
LINE
8
BLACK
6
CONTINUOUS
10
178.6111169999999788
20
-77.5704879999999974
11
178.6381529999999884
21
-77.5816870000000023
0
LINE
8
BLACK
6
CONTINUOUS
10
173.6804329999999936
20
-76.652039000000002
11
173.6850000000000023
21
-76.6749999999999972
0
LINE
8
BLACK
6
CONTINUOUS
10
173.6850000000000023
20
-76.6749999999999972
11
173.6850000000000023
21
-77.5999999999999943
0
LINE
8
BLACK
6
CONTINUOUS
10
173.6850000000000023
20
-77.5999999999999943
11
173.6804329999999936
21
-77.6229609999999894
0
LINE
8
BLACK
6
CONTINUOUS
10
173.6804329999999936
20
-77.6229609999999894
11
173.6479609999999809
21
-77.6554330000000022
0
LINE
8
BLACK
6
CONTINUOUS
10
173.6479609999999809
20
-77.6554330000000022
11
173.6020389999999907
21
-77.6554330000000022
0
LINE
8
BLACK
6
CONTINUOUS
10
173.6020389999999907
20
-77.6554330000000022
11
173.569566999999978
21
-77.6229609999999894
0
LINE
8
BLACK
6
CONTINUOUS
10
173.569566999999978
20
-77.6229609999999894
11
173.5649999999999977
21
-77.5999999999999943
0
LINE
8
BLACK
6
CONTINUOUS
10
173.5649999999999977
20
-77.5999999999999943
11
173.5649999999999977
21
-76.6749999999999972
0
LINE
8
BLACK
6
CONTINUOUS
10
173.5649999999999977
20
-76.6749999999999972
11
173.569566999999978
21
-76.652039000000002
0
LINE
8
BLACK
6
CONTINUOUS
10
173.569566999999978
20
-76.652039000000002
11
173.6020389999999907
21
-76.6195670000000035
0
LINE
8
BLACK
6
CONTINUOUS
10
173.6020389999999907
20
-76.6195670000000035
11
173.6479609999999809
21
-76.6195670000000035
0
LINE
8
BLACK
6
CONTINUOUS
10
173.6479609999999809
20
-76.6195670000000035
11
173.6804329999999936
21
-76.652039000000002
0
LINE
8
BLACK
6
CONTINUOUS
10
221.6468160000000012
20
-76.6445659999999975
11
221.6792879999999855
21
-76.677037999999996
0
LINE
8
BLACK
6
CONTINUOUS
10
221.6792879999999855
20
-76.677037999999996
11
221.6792879999999855
21
-76.7229600000000005
0
LINE
8
BLACK
6
CONTINUOUS
10
221.6792879999999855
20
-76.7229600000000005
11
221.6468160000000012
21
-76.755431999999999
0
LINE
8
BLACK
6
CONTINUOUS
10
221.6468160000000012
20
-76.755431999999999
11
221.6238549999999918
21
-76.7599989999999934
0
LINE
8
BLACK
6
CONTINUOUS
10
221.6238549999999918
20
-76.7599989999999934
11
220.8238549999999805
21
-76.7599989999999934
0
LINE
8
BLACK
6
CONTINUOUS
10
220.8238549999999805
20
-76.7599989999999934
11
220.8008939999999996
21
-76.755431999999999
0
LINE
8
BLACK
6
CONTINUOUS
10
220.8008939999999996
20
-76.755431999999999
11
220.7684219999999868
21
-76.7229600000000005
0
LINE
8
BLACK
6
CONTINUOUS
10
220.7684219999999868
20
-76.7229600000000005
11
220.7684219999999868
21
-76.677037999999996
0
LINE
8
BLACK
6
CONTINUOUS
10
220.7684219999999868
20
-76.677037999999996
11
220.8008939999999996
21
-76.6445659999999975
0
LINE
8
BLACK
6
CONTINUOUS
10
220.8008939999999996
20
-76.6445659999999975
11
220.8238549999999805
21
-76.6399990000000031
0
LINE
8
BLACK
6
CONTINUOUS
10
220.8238549999999805
20
-76.6399990000000031
11
221.6238549999999918
21
-76.6399990000000031
0
LINE
8
BLACK
6
CONTINUOUS
10
221.6238549999999918
20
-76.6399990000000031
11
221.6468160000000012
21
-76.6445659999999975
0
LINE
8
BLACK
6
CONTINUOUS
10
224.1868159999999932
20
-76.6445659999999975
11
224.2192879999999775
21
-76.677037999999996
0
LINE
8
BLACK
6
CONTINUOUS
10
224.2192879999999775
20
-76.677037999999996
11
224.2192879999999775
21
-76.7229600000000005
0
LINE
8
BLACK
6
CONTINUOUS
10
224.2192879999999775
20
-76.7229600000000005
11
224.1868159999999932
21
-76.755431999999999
0
LINE
8
BLACK
6
CONTINUOUS
10
224.1868159999999932
20
-76.755431999999999
11
224.1638549999999839
21
-76.7599989999999934
0
LINE
8
BLACK
6
CONTINUOUS
10
224.1638549999999839
20
-76.7599989999999934
11
223.3638550000000009
21
-76.7599989999999934
0
LINE
8
BLACK
6
CONTINUOUS
10
223.3638550000000009
20
-76.7599989999999934
11
223.3408939999999916
21
-76.755431999999999
0
LINE
8
BLACK
6
CONTINUOUS
10
223.3408939999999916
20
-76.755431999999999
11
223.3084219999999789
21
-76.7229600000000005
0
LINE
8
BLACK
6
CONTINUOUS
10
223.3084219999999789
20
-76.7229600000000005
11
223.3084219999999789
21
-76.677037999999996
0
LINE
8
BLACK
6
CONTINUOUS
10
223.3084219999999789
20
-76.677037999999996
11
223.3408939999999916
21
-76.6445659999999975
0
LINE
8
BLACK
6
CONTINUOUS
10
223.3408939999999916
20
-76.6445659999999975
11
223.3638550000000009
21
-76.6399990000000031
0
LINE
8
BLACK
6
CONTINUOUS
10
223.3638550000000009
20
-76.6399990000000031
11
224.1638549999999839
21
-76.6399990000000031
0
LINE
8
BLACK
6
CONTINUOUS
10
224.1638549999999839
20
-76.6399990000000031
11
224.1868159999999932
21
-76.6445659999999975
0
LINE
8
BLACK
6
CONTINUOUS
10
175.7729609999999809
20
-76.519566999999995
11
175.8054329999999936
21
-76.5520389999999935
0
LINE
8
BLACK
6
CONTINUOUS
10
175.8054329999999936
20
-76.5520389999999935
11
175.8054329999999936
21
-76.597960999999998
0
LINE
8
BLACK
6
CONTINUOUS
10
175.8054329999999936
20
-76.597960999999998
11
175.7729609999999809
21
-76.6304329999999965
0
LINE
8
BLACK
6
CONTINUOUS
10
175.7729609999999809
20
-76.6304329999999965
11
175.75
21
-76.6349999999999909
0
LINE
8
BLACK
6
CONTINUOUS
10
175.75
20
-76.6349999999999909
11
175.1999999999999886
21
-76.6349999999999909
0
LINE
8
BLACK
6
CONTINUOUS
10
175.1999999999999886
20
-76.6349999999999909
11
175.1770389999999793
21
-76.6304329999999965
0
LINE
8
BLACK
6
CONTINUOUS
10
175.1770389999999793
20
-76.6304329999999965
11
175.144566999999995
21
-76.597960999999998
0
LINE
8
BLACK
6
CONTINUOUS
10
175.144566999999995
20
-76.597960999999998
11
175.144566999999995
21
-76.5520389999999935
0
LINE
8
BLACK
6
CONTINUOUS
10
175.144566999999995
20
-76.5520389999999935
11
175.1770389999999793
21
-76.519566999999995
0
LINE
8
BLACK
6
CONTINUOUS
10
175.1770389999999793
20
-76.519566999999995
11
175.1999999999999886
21
-76.5150000000000006
0
LINE
8
BLACK
6
CONTINUOUS
10
175.1999999999999886
20
-76.5150000000000006
11
175.75
21
-76.5150000000000006
0
LINE
8
BLACK
6
CONTINUOUS
10
175.75
20
-76.5150000000000006
11
175.7729609999999809
21
-76.519566999999995
0
LINE
8
BLACK
6
CONTINUOUS
10
228.4992879999999786
20
-76.0294189999999901
11
228.5038549999999873
21
-76.0523799999999994
0
LINE
8
BLACK
6
CONTINUOUS
10
228.5038549999999873
20
-76.0523799999999994
11
228.5038549999999873
21
-76.2209519999999969
0
LINE
8
BLACK
6
CONTINUOUS
10
228.5038549999999873
20
-76.2209519999999969
11
229.2438549999999964
21
-76.2209519999999969
0
LINE
8
BLACK
6
CONTINUOUS
10
229.2438549999999964
20
-76.2209519999999969
11
229.2668159999999773
21
-76.2255189999999914
0
LINE
8
BLACK
6
CONTINUOUS
10
229.2668159999999773
20
-76.2255189999999914
11
229.29928799999999
21
-76.2579909999999899
0
LINE
8
BLACK
6
CONTINUOUS
10
229.29928799999999
20
-76.2579909999999899
11
229.29928799999999
21
-76.3039129999999943
0
LINE
8
BLACK
6
CONTINUOUS
10
229.29928799999999
20
-76.3039129999999943
11
229.2668159999999773
21
-76.3363849999999928
0
LINE
8
BLACK
6
CONTINUOUS
10
229.2668159999999773
20
-76.3363849999999928
11
229.2438549999999964
21
-76.3409520000000015
0
LINE
8
BLACK
6
CONTINUOUS
10
229.2438549999999964
20
-76.3409520000000015
11
228.5038549999999873
21
-76.3409520000000015
0
LINE
8
BLACK
6
CONTINUOUS
10
228.5038549999999873
20
-76.3409520000000015
11
228.5038549999999873
21
-76.5095230000000015
0
LINE
8
BLACK
6
CONTINUOUS
10
228.5038549999999873
20
-76.5095230000000015
11
228.4992879999999786
21
-76.5324839999999966
0
LINE
8
BLACK
6
CONTINUOUS
10
228.4992879999999786
20
-76.5324839999999966
11
228.4668159999999943
21
-76.5649559999999951
0
LINE
8
BLACK
6
CONTINUOUS
10
228.4668159999999943
20
-76.5649559999999951
11
228.4208939999999757
21
-76.5649559999999951
0
LINE
8
BLACK
6
CONTINUOUS
10
228.4208939999999757
20
-76.5649559999999951
11
228.3884219999999914
21
-76.5324839999999966
0
LINE
8
BLACK
6
CONTINUOUS
10
228.3884219999999914
20
-76.5324839999999966
11
228.3838549999999827
21
-76.5095230000000015
0
LINE
8
BLACK
6
CONTINUOUS
10
228.3838549999999827
20
-76.5095230000000015
11
228.3838549999999827
21
-76.0523799999999994
0
LINE
8
BLACK
6
CONTINUOUS
10
228.3838549999999827
20
-76.0523799999999994
11
228.3884219999999914
21
-76.0294189999999901
0
LINE
8
BLACK
6
CONTINUOUS
10
228.3884219999999914
20
-76.0294189999999901
11
228.4208939999999757
21
-75.9969469999999916
0
LINE
8
BLACK
6
CONTINUOUS
10
228.4208939999999757
20
-75.9969469999999916
11
228.4668159999999943
21
-75.9969469999999916
0
LINE
8
BLACK
6
CONTINUOUS
10
228.4668159999999943
20
-75.9969469999999916
11
228.4992879999999786
21
-76.0294189999999901
0
LINE
8
BLACK
6
CONTINUOUS
10
226.1734679999999855
20
-75.9739179999999976
11
226.1747749999999826
21
-75.9734830000000017
0
LINE
8
BLACK
6
CONTINUOUS
10
226.1747749999999826
20
-75.9734830000000017
11
226.1840449999999976
21
-75.9760220000000004
0
LINE
8
BLACK
6
CONTINUOUS
10
226.1840449999999976
20
-75.9760220000000004
11
226.1934819999999888
21
-75.9778989999999936
0
LINE
8
BLACK
6
CONTINUOUS
10
226.1934819999999888
20
-75.9778989999999936
11
226.1944560000000024
21
-75.978872999999993
0
LINE
8
BLACK
6
CONTINUOUS
10
226.1944560000000024
20
-75.978872999999993
11
226.19735399999999
21
-75.9796669999999921
0
LINE
8
BLACK
6
CONTINUOUS
10
226.19735399999999
20
-75.9796669999999921
11
226.2735449999999844
21
-76.0177619999999905
0
LINE
8
BLACK
6
CONTINUOUS
10
226.2735449999999844
20
-76.0177619999999905
11
226.2811459999999784
21
-76.0236620000000016
0
LINE
8
BLACK
6
CONTINUOUS
10
226.2811459999999784
20
-76.0236620000000016
11
226.2891379999999799
21
-76.0290019999999913
0
LINE
8
BLACK
6
CONTINUOUS
10
226.2891379999999799
20
-76.0290019999999913
11
226.3272329999999783
21
-76.0670959999999923
0
LINE
8
BLACK
6
CONTINUOUS
10
226.3272329999999783
20
-76.0670959999999923
11
226.3325769999999864
21
-76.0750939999999929
0
LINE
8
BLACK
6
CONTINUOUS
10
226.3325769999999864
20
-76.0750939999999929
11
226.3384729999999934
21
-76.0826899999999995
0
LINE
8
BLACK
6
CONTINUOUS
10
226.3384729999999934
20
-76.0826899999999995
11
226.3765679999999918
21
-76.1588799999999964
0
LINE
8
BLACK
6
CONTINUOUS
10
226.3765679999999918
20
-76.1588799999999964
11
226.3773609999999792
21
-76.1617779999999982
0
LINE
8
BLACK
6
CONTINUOUS
10
226.3773609999999792
20
-76.1617779999999982
11
226.3783349999999928
21
-76.1627519999999976
0
LINE
8
BLACK
6
CONTINUOUS
10
226.3783349999999928
20
-76.1627519999999976
11
226.3802110000000027
21
-76.1721840000000014
0
LINE
8
BLACK
6
CONTINUOUS
10
226.3802110000000027
20
-76.1721840000000014
11
226.3827509999999847
21
-76.1814600000000013
0
LINE
8
BLACK
6
CONTINUOUS
10
226.3827509999999847
20
-76.1814600000000013
11
226.3823149999999771
21
-76.1827650000000034
0
LINE
8
BLACK
6
CONTINUOUS
10
226.3823149999999771
20
-76.1827650000000034
11
226.3827349999999967
21
-76.184874999999991
0
LINE
8
BLACK
6
CONTINUOUS
10
226.3827349999999967
20
-76.184874999999991
11
226.669446999999991
21
-75.984178
0
LINE
8
BLACK
6
CONTINUOUS
10
226.669446999999991
20
-75.984178
11
226.6908760000000029
21
-75.9747519999999952
0
LINE
8
BLACK
6
CONTINUOUS
10
226.6908760000000029
20
-75.9747519999999952
11
226.7360999999999933
21
-75.9827329999999961
0
LINE
8
BLACK
6
CONTINUOUS
10
226.7360999999999933
20
-75.9827329999999961
11
226.7624339999999847
21
-76.0203539999999975
0
LINE
8
BLACK
6
CONTINUOUS
10
226.7624339999999847
20
-76.0203539999999975
11
226.7544539999999813
21
-76.0655769999999904
0
LINE
8
BLACK
6
CONTINUOUS
10
226.7544539999999813
20
-76.0655769999999904
11
226.7382619999999918
21
-76.0824860000000029
0
LINE
8
BLACK
6
CONTINUOUS
10
226.7382619999999918
20
-76.0824860000000029
11
226.3829020000000014
21
-76.331237999999999
0
LINE
8
BLACK
6
CONTINUOUS
10
226.3829020000000014
20
-76.331237999999999
11
226.3829020000000014
21
-76.4304750000000013
0
LINE
8
BLACK
6
CONTINUOUS
10
226.3829020000000014
20
-76.4304750000000013
11
226.7038549999999759
21
-76.4304750000000013
0
LINE
8
BLACK
6
CONTINUOUS
10
226.7038549999999759
20
-76.4304750000000013
11
226.7268159999999853
21
-76.4350419999999957
0
LINE
8
BLACK
6
CONTINUOUS
10
226.7268159999999853
20
-76.4350419999999957
11
226.759287999999998
21
-76.4675139999999942
0
LINE
8
BLACK
6
CONTINUOUS
10
226.759287999999998
20
-76.4675139999999942
11
226.759287999999998
21
-76.5134359999999987
0
LINE
8
BLACK
6
CONTINUOUS
10
226.759287999999998
20
-76.5134359999999987
11
226.7268159999999853
21
-76.5459079999999972
0
LINE
8
BLACK
6
CONTINUOUS
10
226.7268159999999853
20
-76.5459079999999972
11
226.7038549999999759
21
-76.5504749999999916
0
LINE
8
BLACK
6
CONTINUOUS
10
226.7038549999999759
20
-76.5504749999999916
11
225.903854999999993
21
-76.5504749999999916
0
LINE
8
BLACK
6
CONTINUOUS
10
225.903854999999993
20
-76.5504749999999916
11
225.8808939999999836
21
-76.5459079999999972
0
LINE
8
BLACK
6
CONTINUOUS
10
225.8808939999999836
20
-76.5459079999999972
11
225.8484219999999993
21
-76.5134359999999987
0
LINE
8
BLACK
6
CONTINUOUS
10
225.8484219999999993
20
-76.5134359999999987
11
225.8438549999999907
21
-76.4904750000000035
0
LINE
8
BLACK
6
CONTINUOUS
10
225.8438549999999907
20
-76.4904750000000035
11
225.8438549999999907
21
-76.1857129999999927
0
LINE
8
BLACK
6
CONTINUOUS
10
225.8438549999999907
20
-76.1857129999999927
11
225.8444409999999891
21
-76.1827650000000034
0
LINE
8
BLACK
6
CONTINUOUS
10
225.8444409999999891
20
-76.1827650000000034
11
225.8440059999999789
21
-76.1814600000000013
0
LINE
8
BLACK
6
CONTINUOUS
10
225.8440059999999789
20
-76.1814600000000013
11
225.8465449999999919
21
-76.1721840000000014
0
LINE
8
BLACK
6
CONTINUOUS
10
225.8465449999999919
20
-76.1721840000000014
11
225.8484219999999993
21
-76.1627519999999976
0
LINE
8
BLACK
6
CONTINUOUS
10
225.8484219999999993
20
-76.1627519999999976
11
225.849394999999987
21
-76.1617779999999982
0
LINE
8
BLACK
6
CONTINUOUS
10
225.849394999999987
20
-76.1617779999999982
11
225.8501890000000003
21
-76.1588799999999964
0
LINE
8
BLACK
6
CONTINUOUS
10
225.8501890000000003
20
-76.1588799999999964
11
225.8882839999999987
21
-76.0826899999999995
0
LINE
8
BLACK
6
CONTINUOUS
10
225.8882839999999987
20
-76.0826899999999995
11
225.8941839999999956
21
-76.0750879999999938
0
LINE
8
BLACK
6
CONTINUOUS
10
225.8941839999999956
20
-76.0750879999999938
11
225.8995239999999853
21
-76.0670969999999897
0
LINE
8
BLACK
6
CONTINUOUS
10
225.8995239999999853
20
-76.0670969999999897
11
225.9376179999999863
21
-76.0290019999999913
0
LINE
8
BLACK
6
CONTINUOUS
10
225.9376179999999863
20
-76.0290019999999913
11
225.9456179999999961
21
-76.0236549999999909
0
LINE
8
BLACK
6
CONTINUOUS
10
225.9456179999999961
20
-76.0236549999999909
11
225.9532119999999793
21
-76.0177630000000022
0
LINE
8
BLACK
6
CONTINUOUS
10
225.9532119999999793
20
-76.0177630000000022
11
226.0294030000000021
21
-75.9796669999999921
0
LINE
8
BLACK
6
CONTINUOUS
10
226.0294030000000021
20
-75.9796669999999921
11
226.0322999999999922
21
-75.978872999999993
0
LINE
8
BLACK
6
CONTINUOUS
10
226.0322999999999922
20
-75.978872999999993
11
226.0332750000000033
21
-75.9778989999999936
0
LINE
8
BLACK
6
CONTINUOUS
10
226.0332750000000033
20
-75.9778989999999936
11
226.0427109999999971
21
-75.9760220000000004
0
LINE
8
BLACK
6
CONTINUOUS
10
226.0427109999999971
20
-75.9760220000000004
11
226.0519819999999811
21
-75.9734830000000017
0
LINE
8
BLACK
6
CONTINUOUS
10
226.0519819999999811
20
-75.9734830000000017
11
226.0532879999999807
21
-75.9739179999999976
0
LINE
8
BLACK
6
CONTINUOUS
10
226.0532879999999807
20
-75.9739179999999976
11
226.0562359999999842
21
-75.9733319999999992
0
LINE
8
BLACK
6
CONTINUOUS
10
226.0562359999999842
20
-75.9733319999999992
11
226.1705209999999795
21
-75.9733319999999992
0
LINE
8
BLACK
6
CONTINUOUS
10
226.1705209999999795
20
-75.9733319999999992
11
226.1734679999999855
21
-75.9739179999999976
0
LINE
8
BLACK
6
CONTINUOUS
10
226.0155869999999823
20
-76.1207380000000029
11
225.9912619999999777
21
-76.1450619999999958
0
LINE
8
BLACK
6
CONTINUOUS
10
225.9912619999999777
20
-76.1450619999999958
11
225.9638549999999952
21
-76.1998779999999982
0
LINE
8
BLACK
6
CONTINUOUS
10
225.9638549999999952
20
-76.1998779999999982
11
225.9638549999999952
21
-76.4304750000000013
0
LINE
8
BLACK
6
CONTINUOUS
10
225.9638549999999952
20
-76.4304750000000013
11
226.2629019999999969
21
-76.4304750000000013
0
LINE
8
BLACK
6
CONTINUOUS
10
226.2629019999999969
20
-76.4304750000000013
11
226.2629019999999969
21
-76.1998779999999982
0
LINE
8
BLACK
6
CONTINUOUS
10
226.2629019999999969
20
-76.1998779999999982
11
226.2354939999999885
21
-76.1450629999999933
0
LINE
8
BLACK
6
CONTINUOUS
10
226.2354939999999885
20
-76.1450629999999933
11
226.2111699999999814
21
-76.1207380000000029
0
LINE
8
BLACK
6
CONTINUOUS
10
226.2111699999999814
20
-76.1207380000000029
11
226.1563579999999831
21
-76.0933319999999895
0
LINE
8
BLACK
6
CONTINUOUS
10
226.1563579999999831
20
-76.0933319999999895
11
226.0704010000000039
21
-76.0933319999999895
0
LINE
8
BLACK
6
CONTINUOUS
10
226.0704010000000039
20
-76.0933319999999895
11
226.0155869999999823
21
-76.1207380000000029
0
LINE
8
BLACK
6
CONTINUOUS
10
221.3643950000000018
20
-75.7652420000000006
11
221.3717399999999884
21
-75.7655999999999921
0
LINE
8
BLACK
6
CONTINUOUS
10
221.3717399999999884
20
-75.7655999999999921
11
221.5241209999999796
21
-75.8036960000000022
0
LINE
8
BLACK
6
CONTINUOUS
10
221.5241209999999796
20
-75.8036960000000022
11
221.5299959999999828
21
-75.8064710000000019
0
LINE
8
BLACK
6
CONTINUOUS
10
221.5299959999999828
20
-75.8064710000000019
11
221.53252999999998
21
-75.8064710000000019
0
LINE
8
BLACK
6
CONTINUOUS
10
221.53252999999998
20
-75.8064710000000019
11
221.5386419999999816
21
-75.8105549999999937
0
LINE
8
BLACK
6
CONTINUOUS
10
221.5386419999999816
20
-75.8105549999999937
11
221.5452889999999968
21
-75.8136949999999956
0
LINE
8
BLACK
6
CONTINUOUS
10
221.5452889999999968
20
-75.8136949999999956
11
221.546592000000004
21
-75.8158679999999947
0
LINE
8
BLACK
6
CONTINUOUS
10
221.546592000000004
20
-75.8158679999999947
11
221.5519949999999767
21
-75.8194779999999895
0
LINE
8
BLACK
6
CONTINUOUS
10
221.5519949999999767
20
-75.8194779999999895
11
221.6281859999999995
21
-75.8956680000000006
0
LINE
8
BLACK
6
CONTINUOUS
10
221.6281859999999995
20
-75.8956680000000006
11
221.6335279999999841
21
-75.9036629999999946
0
LINE
8
BLACK
6
CONTINUOUS
10
221.6335279999999841
20
-75.9036629999999946
11
221.6394259999999861
21
-75.9112619999999936
0
LINE
8
BLACK
6
CONTINUOUS
10
221.6394259999999861
20
-75.9112619999999936
11
221.6775209999999845
21
-75.9874519999999904
0
LINE
8
BLACK
6
CONTINUOUS
10
221.6775209999999845
20
-75.9874519999999904
11
221.6783140000000003
21
-75.9903499999999923
0
LINE
8
BLACK
6
CONTINUOUS
10
221.6783140000000003
20
-75.9903499999999923
11
221.6792879999999855
21
-75.9913239999999917
0
LINE
8
BLACK
6
CONTINUOUS
10
221.6792879999999855
20
-75.9913239999999917
11
221.6811639999999954
21
-76.0007559999999955
0
LINE
8
BLACK
6
CONTINUOUS
10
221.6811639999999954
20
-76.0007559999999955
11
221.6837039999999774
21
-76.0100319999999954
0
LINE
8
BLACK
6
CONTINUOUS
10
221.6837039999999774
20
-76.0100319999999954
11
221.6832679999999982
21
-76.0113369999999975
0
LINE
8
BLACK
6
CONTINUOUS
10
221.6832679999999982
20
-76.0113369999999975
11
221.6838549999999941
21
-76.014285000000001
0
LINE
8
BLACK
6
CONTINUOUS
10
221.6838549999999941
20
-76.014285000000001
11
221.6838549999999941
21
-76.1666659999999922
0
LINE
8
BLACK
6
CONTINUOUS
10
221.6838549999999941
20
-76.1666659999999922
11
221.6832679999999982
21
-76.1696129999999982
0
LINE
8
BLACK
6
CONTINUOUS
10
221.6832679999999982
20
-76.1696129999999982
11
221.6837039999999774
21
-76.1709189999999978
0
LINE
8
BLACK
6
CONTINUOUS
10
221.6837039999999774
20
-76.1709189999999978
11
221.6811639999999954
21
-76.180191999999991
0
LINE
8
BLACK
6
CONTINUOUS
10
221.6811639999999954
20
-76.180191999999991
11
221.6792879999999855
21
-76.1896270000000015
0
LINE
8
BLACK
6
CONTINUOUS
10
221.6792879999999855
20
-76.1896270000000015
11
221.6783140000000003
21
-76.1906000000000034
0
LINE
8
BLACK
6
CONTINUOUS
10
221.6783140000000003
20
-76.1906000000000034
11
221.6775209999999845
21
-76.1934979999999911
0
LINE
8
BLACK
6
CONTINUOUS
10
221.6775209999999845
20
-76.1934979999999911
11
221.6394259999999861
21
-76.2696899999999971
0
LINE
8
BLACK
6
CONTINUOUS
10
221.6394259999999861
20
-76.2696899999999971
11
221.6335229999999967
21
-76.2772949999999952
0
LINE
8
BLACK
6
CONTINUOUS
10
221.6335229999999967
20
-76.2772949999999952
11
221.6281859999999995
21
-76.2852829999999926
0
LINE
8
BLACK
6
CONTINUOUS
10
221.6281859999999995
20
-76.2852829999999926
11
221.5519949999999767
21
-76.3614740000000012
0
LINE
8
BLACK
6
CONTINUOUS
10
221.5519949999999767
20
-76.3614740000000012
11
221.546592000000004
21
-76.365083999999996
0
LINE
8
BLACK
6
CONTINUOUS
10
221.546592000000004
20
-76.365083999999996
11
221.5452889999999968
21
-76.3672559999999976
0
LINE
8
BLACK
6
CONTINUOUS
10
221.5452889999999968
20
-76.3672559999999976
11
221.5386429999999791
21
-76.370395000000002
0
LINE
8
BLACK
6
CONTINUOUS
10
221.5386429999999791
20
-76.370395000000002
11
221.53252999999998
21
-76.3744799999999913
0
LINE
8
BLACK
6
CONTINUOUS
10
221.53252999999998
20
-76.3744799999999913
11
221.5299959999999828
21
-76.3744799999999913
0
LINE
8
BLACK
6
CONTINUOUS
10
221.5299959999999828
20
-76.3744799999999913
11
221.5241209999999796
21
-76.377254999999991
0
LINE
8
BLACK
6
CONTINUOUS
10
221.5241209999999796
20
-76.377254999999991
11
221.3717399999999884
21
-76.4153510000000011
0
LINE
8
BLACK
6
CONTINUOUS
10
221.3717399999999884
20
-76.4153510000000011
11
221.3643989999999917
21
-76.4157079999999951
0
LINE
8
BLACK
6
CONTINUOUS
10
221.3643989999999917
20
-76.4157079999999951
11
221.3571879999999794
21
-76.4171429999999958
0
LINE
8
BLACK
6
CONTINUOUS
10
221.3571879999999794
20
-76.4171429999999958
11
221.0905209999999954
21
-76.4171429999999958
0
LINE
8
BLACK
6
CONTINUOUS
10
221.0905209999999954
20
-76.4171429999999958
11
221.083313000000004
21
-76.4157089999999926
0
LINE
8
BLACK
6
CONTINUOUS
10
221.083313000000004
20
-76.4157089999999926
11
221.0759689999999864
21
-76.4153519999999986
0
LINE
8
BLACK
6
CONTINUOUS
10
221.0759689999999864
20
-76.4153519999999986
11
220.9235879999999952
21
-76.377254999999991
0
LINE
8
BLACK
6
CONTINUOUS
10
220.9235879999999952
20
-76.377254999999991
11
220.917712999999992
21
-76.3744799999999913
0
LINE
8
BLACK
6
CONTINUOUS
10
220.917712999999992
20
-76.3744799999999913
11
220.9151789999999949
21
-76.3744799999999913
0
LINE
8
BLACK
6
CONTINUOUS
10
220.9151789999999949
20
-76.3744799999999913
11
220.9090659999999957
21
-76.370395000000002
0
LINE
8
BLACK
6
CONTINUOUS
10
220.9090659999999957
20
-76.370395000000002
11
220.902419999999978
21
-76.3672559999999976
0
LINE
8
BLACK
6
CONTINUOUS
10
220.902419999999978
20
-76.3672559999999976
11
220.9011160000000018
21
-76.365082000000001
0
LINE
8
BLACK
6
CONTINUOUS
10
220.9011160000000018
20
-76.365082000000001
11
220.8957139999999981
21
-76.3614729999999895
0
LINE
8
BLACK
6
CONTINUOUS
10
220.8957139999999981
20
-76.3614729999999895
11
220.8195240000000013
21
-76.2852829999999926
0
LINE
8
BLACK
6
CONTINUOUS
10
220.8195240000000013
20
-76.2852829999999926
11
220.8141859999999781
21
-76.2772949999999952
0
LINE
8
BLACK
6
CONTINUOUS
10
220.8141859999999781
20
-76.2772949999999952
11
220.8082839999999862
21
-76.2696899999999971
0
LINE
8
BLACK
6
CONTINUOUS
10
220.8082839999999862
20
-76.2696899999999971
11
220.7701889999999878
21
-76.1934990000000028
0
LINE
8
BLACK
6
CONTINUOUS
10
220.7701889999999878
20
-76.1934990000000028
11
220.7693950000000029
21
-76.1906000000000034
0
LINE
8
BLACK
6
CONTINUOUS
10
220.7693950000000029
20
-76.1906000000000034
11
220.7684219999999868
21
-76.1896270000000015
0
LINE
8
BLACK
6
CONTINUOUS
10
220.7684219999999868
20
-76.1896270000000015
11
220.7665449999999794
21
-76.1801940000000002
0
LINE
8
BLACK
6
CONTINUOUS
10
220.7665449999999794
20
-76.1801940000000002
11
220.7640059999999949
21
-76.1709189999999978
0
LINE
8
BLACK
6
CONTINUOUS
10
220.7640059999999949
20
-76.1709189999999978
11
220.7644409999999766
21
-76.1696129999999982
0
LINE
8
BLACK
6
CONTINUOUS
10
220.7644409999999766
20
-76.1696129999999982
11
220.7638549999999782
21
-76.1666659999999922
0
LINE
8
BLACK
6
CONTINUOUS
10
220.7638549999999782
20
-76.1666659999999922
11
220.7638549999999782
21
-76.014285000000001
0
LINE
8
BLACK
6
CONTINUOUS
10
220.7638549999999782
20
-76.014285000000001
11
220.7644409999999766
21
-76.0113369999999975
0
LINE
8
BLACK
6
CONTINUOUS
10
220.7644409999999766
20
-76.0113369999999975
11
220.7640059999999949
21
-76.0100319999999954
0
LINE
8
BLACK
6
CONTINUOUS
10
220.7640059999999949
20
-76.0100319999999954
11
220.7665449999999794
21
-76.0007559999999955
0
LINE
8
BLACK
6
CONTINUOUS
10
220.7665449999999794
20
-76.0007559999999955
11
220.7684219999999868
21
-75.9913239999999917
0
LINE
8
BLACK
6
CONTINUOUS
10
220.7684219999999868
20
-75.9913239999999917
11
220.7693950000000029
21
-75.9903499999999923
0
LINE
8
BLACK
6
CONTINUOUS
10
220.7693950000000029
20
-75.9903499999999923
11
220.7701889999999878
21
-75.9874519999999904
0
LINE
8
BLACK
6
CONTINUOUS
10
220.7701889999999878
20
-75.9874519999999904
11
220.8082839999999862
21
-75.9112619999999936
0
LINE
8
BLACK
6
CONTINUOUS
10
220.8082839999999862
20
-75.9112619999999936
11
220.8141789999999958
21
-75.9036649999999895
0
LINE
8
BLACK
6
CONTINUOUS
10
220.8141789999999958
20
-75.9036649999999895
11
220.8195230000000038
21
-75.8956689999999981
0
LINE
8
BLACK
6
CONTINUOUS
10
220.8195230000000038
20
-75.8956689999999981
11
220.8957139999999981
21
-75.8194779999999895
0
LINE
8
BLACK
6
CONTINUOUS
10
220.8957139999999981
20
-75.8194779999999895
11
220.9011160000000018
21
-75.8158679999999947
0
LINE
8
BLACK
6
CONTINUOUS
10
220.9011160000000018
20
-75.8158679999999947
11
220.902419999999978
21
-75.8136949999999956
0
LINE
8
BLACK
6
CONTINUOUS
10
220.902419999999978
20
-75.8136949999999956
11
220.9090679999999907
21
-75.8105539999999962
0
LINE
8
BLACK
6
CONTINUOUS
10
220.9090679999999907
20
-75.8105539999999962
11
220.9151789999999949
21
-75.8064710000000019
0
LINE
8
BLACK
6
CONTINUOUS
10
220.9151789999999949
20
-75.8064710000000019
11
220.9177119999999945
21
-75.8064710000000019
0
LINE
8
BLACK
6
CONTINUOUS
10
220.9177119999999945
20
-75.8064710000000019
11
220.9235879999999952
21
-75.8036949999999905
0
LINE
8
BLACK
6
CONTINUOUS
10
220.9235879999999952
20
-75.8036949999999905
11
221.0759689999999864
21
-75.7655999999999921
0
LINE
8
BLACK
6
CONTINUOUS
10
221.0759689999999864
20
-75.7655999999999921
11
221.083313000000004
21
-75.7652420000000006
0
LINE
8
BLACK
6
CONTINUOUS
10
221.083313000000004
20
-75.7652420000000006
11
221.0905209999999954
21
-75.7638089999999949
0
LINE
8
BLACK
6
CONTINUOUS
10
221.0905209999999954
20
-75.7638089999999949
11
221.3571879999999794
21
-75.7638089999999949
0
LINE
8
BLACK
6
CONTINUOUS
10
221.3571879999999794
20
-75.7638089999999949
11
221.3643950000000018
21
-75.7652420000000006
0
LINE
8
BLACK
6
CONTINUOUS
10
220.9688139999999805
20
-75.9160820000000029
11
220.9112619999999936
21
-75.9736350000000016
0
LINE
8
BLACK
6
CONTINUOUS
10
220.9112619999999936
20
-75.9736350000000016
11
220.8838549999999827
21
-76.0284499999999923
0
LINE
8
BLACK
6
CONTINUOUS
10
220.8838549999999827
20
-76.0284499999999923
11
220.8838549999999827
21
-76.1525010000000009
0
LINE
8
BLACK
6
CONTINUOUS
10
220.8838549999999827
20
-76.1525010000000009
11
220.9112619999999936
21
-76.2073170000000033
0
LINE
8
BLACK
6
CONTINUOUS
10
220.9112619999999936
20
-76.2073170000000033
11
220.9688139999999805
21
-76.2648689999999903
0
LINE
8
BLACK
6
CONTINUOUS
10
220.9688139999999805
20
-76.2648689999999903
11
221.0979049999999972
21
-76.2971429999999913
0
LINE
8
BLACK
6
CONTINUOUS
10
221.0979049999999972
20
-76.2971429999999913
11
221.3498039999999776
21
-76.2971429999999913
0
LINE
8
BLACK
6
CONTINUOUS
10
221.3498039999999776
20
-76.2971429999999913
11
221.4788939999999968
21
-76.2648679999999928
0
LINE
8
BLACK
6
CONTINUOUS
10
221.4788939999999968
20
-76.2648679999999928
11
221.5364469999999812
21
-76.2073149999999941
0
LINE
8
BLACK
6
CONTINUOUS
10
221.5364469999999812
20
-76.2073149999999941
11
221.5638549999999896
21
-76.1525010000000009
0
LINE
8
BLACK
6
CONTINUOUS
10
221.5638549999999896
20
-76.1525010000000009
11
221.5638549999999896
21
-76.0284499999999923
0
LINE
8
BLACK
6
CONTINUOUS
10
221.5638549999999896
20
-76.0284499999999923
11
221.5364469999999812
21
-75.9736350000000016
0
LINE
8
BLACK
6
CONTINUOUS
10
221.5364469999999812
20
-75.9736350000000016
11
221.4788949999999943
21
-75.9160820000000029
0
LINE
8
BLACK
6
CONTINUOUS
10
221.4788949999999943
20
-75.9160820000000029
11
221.3497999999999877
21
-75.8838089999999994
0
LINE
8
BLACK
6
CONTINUOUS
10
221.3497999999999877
20
-75.8838089999999994
11
221.0979049999999972
21
-75.8838089999999994
0
LINE
8
BLACK
6
CONTINUOUS
10
221.0979049999999972
20
-75.8838089999999994
11
220.9688139999999805
21
-75.9160820000000029
0
LINE
8
BLACK
6
CONTINUOUS
10
223.9043949999999938
20
-75.7652420000000006
11
223.9117399999999805
21
-75.7655999999999921
0
LINE
8
BLACK
6
CONTINUOUS
10
223.9117399999999805
20
-75.7655999999999921
11
224.0641210000000001
21
-75.8036960000000022
0
LINE
8
BLACK
6
CONTINUOUS
10
224.0641210000000001
20
-75.8036960000000022
11
224.0699960000000033
21
-75.8064710000000019
0
LINE
8
BLACK
6
CONTINUOUS
10
224.0699960000000033
20
-75.8064710000000019
11
224.0725300000000004
21
-75.8064710000000019
0
LINE
8
BLACK
6
CONTINUOUS
10
224.0725300000000004
20
-75.8064710000000019
11
224.0786420000000021
21
-75.8105549999999937
0
LINE
8
BLACK
6
CONTINUOUS
10
224.0786420000000021
20
-75.8105549999999937
11
224.0852889999999888
21
-75.8136949999999956
0
LINE
8
BLACK
6
CONTINUOUS
10
224.0852889999999888
20
-75.8136949999999956
11
224.086591999999996
21
-75.8158679999999947
0
LINE
8
BLACK
6
CONTINUOUS
10
224.086591999999996
20
-75.8158679999999947
11
224.0919949999999972
21
-75.8194779999999895
0
LINE
8
BLACK
6
CONTINUOUS
10
224.0919949999999972
20
-75.8194779999999895
11
224.1681859999999915
21
-75.8956680000000006
0
LINE
8
BLACK
6
CONTINUOUS
10
224.1681859999999915
20
-75.8956680000000006
11
224.1735279999999761
21
-75.9036629999999946
0
LINE
8
BLACK
6
CONTINUOUS
10
224.1735279999999761
20
-75.9036629999999946
11
224.1794259999999781
21
-75.9112619999999936
0
LINE
8
BLACK
6
CONTINUOUS
10
224.1794259999999781
20
-75.9112619999999936
11
224.2175209999999765
21
-75.9874519999999904
0
LINE
8
BLACK
6
CONTINUOUS
10
224.2175209999999765
20
-75.9874519999999904
11
224.2183139999999923
21
-75.9903499999999923
0
LINE
8
BLACK
6
CONTINUOUS
10
224.2183139999999923
20
-75.9903499999999923
11
224.2192879999999775
21
-75.9913239999999917
0
LINE
8
BLACK
6
CONTINUOUS
10
224.2192879999999775
20
-75.9913239999999917
11
224.2211639999999875
21
-76.0007559999999955
0
LINE
8
BLACK
6
CONTINUOUS
10
224.2211639999999875
20
-76.0007559999999955
11
224.2237039999999979
21
-76.0100319999999954
0
LINE
8
BLACK
6
CONTINUOUS
10
224.2237039999999979
20
-76.0100319999999954
11
224.2232679999999903
21
-76.0113369999999975
0
LINE
8
BLACK
6
CONTINUOUS
10
224.2232679999999903
20
-76.0113369999999975
11
224.2238549999999861
21
-76.014285000000001
0
LINE
8
BLACK
6
CONTINUOUS
10
224.2238549999999861
20
-76.014285000000001
11
224.2238549999999861
21
-76.1666659999999922
0
LINE
8
BLACK
6
CONTINUOUS
10
224.2238549999999861
20
-76.1666659999999922
11
224.2232679999999903
21
-76.1696129999999982
0
LINE
8
BLACK
6
CONTINUOUS
10
224.2232679999999903
20
-76.1696129999999982
11
224.2237039999999979
21
-76.1709189999999978
0
LINE
8
BLACK
6
CONTINUOUS
10
224.2237039999999979
20
-76.1709189999999978
11
224.2211639999999875
21
-76.180191999999991
0
LINE
8
BLACK
6
CONTINUOUS
10
224.2211639999999875
20
-76.180191999999991
11
224.2192879999999775
21
-76.1896270000000015
0
LINE
8
BLACK
6
CONTINUOUS
10
224.2192879999999775
20
-76.1896270000000015
11
224.2183139999999923
21
-76.1906000000000034
0
LINE
8
BLACK
6
CONTINUOUS
10
224.2183139999999923
20
-76.1906000000000034
11
224.2175209999999765
21
-76.1934979999999911
0
LINE
8
BLACK
6
CONTINUOUS
10
224.2175209999999765
20
-76.1934979999999911
11
224.1794259999999781
21
-76.2696899999999971
0
LINE
8
BLACK
6
CONTINUOUS
10
224.1794259999999781
20
-76.2696899999999971
11
224.1735229999999888
21
-76.2772949999999952
0
LINE
8
BLACK
6
CONTINUOUS
10
224.1735229999999888
20
-76.2772949999999952
11
224.1681859999999915
21
-76.2852829999999926
0
LINE
8
BLACK
6
CONTINUOUS
10
224.1681859999999915
20
-76.2852829999999926
11
224.0919949999999972
21
-76.3614740000000012
0
LINE
8
BLACK
6
CONTINUOUS
10
224.0919949999999972
20
-76.3614740000000012
11
224.086591999999996
21
-76.365083999999996
0
LINE
8
BLACK
6
CONTINUOUS
10
224.086591999999996
20
-76.365083999999996
11
224.0852889999999888
21
-76.3672559999999976
0
LINE
8
BLACK
6
CONTINUOUS
10
224.0852889999999888
20
-76.3672559999999976
11
224.0786429999999996
21
-76.370395000000002
0
LINE
8
BLACK
6
CONTINUOUS
10
224.0786429999999996
20
-76.370395000000002
11
224.0725300000000004
21
-76.3744799999999913
0
LINE
8
BLACK
6
CONTINUOUS
10
224.0725300000000004
20
-76.3744799999999913
11
224.0699960000000033
21
-76.3744799999999913
0
LINE
8
BLACK
6
CONTINUOUS
10
224.0699960000000033
20
-76.3744799999999913
11
224.0641210000000001
21
-76.377254999999991
0
LINE
8
BLACK
6
CONTINUOUS
10
224.0641210000000001
20
-76.377254999999991
11
223.9117399999999805
21
-76.4153510000000011
0
LINE
8
BLACK
6
CONTINUOUS
10
223.9117399999999805
20
-76.4153510000000011
11
223.9043989999999837
21
-76.4157079999999951
0
LINE
8
BLACK
6
CONTINUOUS
10
223.9043989999999837
20
-76.4157079999999951
11
223.8971879999999999
21
-76.4171429999999958
0
LINE
8
BLACK
6
CONTINUOUS
10
223.8971879999999999
20
-76.4171429999999958
11
223.6305209999999875
21
-76.4171429999999958
0
LINE
8
BLACK
6
CONTINUOUS
10
223.6305209999999875
20
-76.4171429999999958
11
223.623312999999996
21
-76.4157089999999926
0
LINE
8
BLACK
6
CONTINUOUS
10
223.623312999999996
20
-76.4157089999999926
11
223.6159689999999785
21
-76.4153519999999986
0
LINE
8
BLACK
6
CONTINUOUS
10
223.6159689999999785
20
-76.4153519999999986
11
223.4635879999999872
21
-76.377254999999991
0
LINE
8
BLACK
6
CONTINUOUS
10
223.4635879999999872
20
-76.377254999999991
11
223.457712999999984
21
-76.3744799999999913
0
LINE
8
BLACK
6
CONTINUOUS
10
223.457712999999984
20
-76.3744799999999913
11
223.4551789999999869
21
-76.3744799999999913
0
LINE
8
BLACK
6
CONTINUOUS
10
223.4551789999999869
20
-76.3744799999999913
11
223.4490659999999878
21
-76.370395000000002
0
LINE
8
BLACK
6
CONTINUOUS
10
223.4490659999999878
20
-76.370395000000002
11
223.4424199999999985
21
-76.3672559999999976
0
LINE
8
BLACK
6
CONTINUOUS
10
223.4424199999999985
20
-76.3672559999999976
11
223.4411159999999938
21
-76.365082000000001
0
LINE
8
BLACK
6
CONTINUOUS
10
223.4411159999999938
20
-76.365082000000001
11
223.4357139999999902
21
-76.3614729999999895
0
LINE
8
BLACK
6
CONTINUOUS
10
223.4357139999999902
20
-76.3614729999999895
11
223.3595239999999933
21
-76.2852829999999926
0
LINE
8
BLACK
6
CONTINUOUS
10
223.3595239999999933
20
-76.2852829999999926
11
223.3541859999999986
21
-76.2772949999999952
0
LINE
8
BLACK
6
CONTINUOUS
10
223.3541859999999986
20
-76.2772949999999952
11
223.3482839999999783
21
-76.2696899999999971
0
LINE
8
BLACK
6
CONTINUOUS
10
223.3482839999999783
20
-76.2696899999999971
11
223.3101889999999798
21
-76.1934990000000028
0
LINE
8
BLACK
6
CONTINUOUS
10
223.3101889999999798
20
-76.1934990000000028
11
223.309394999999995
21
-76.1906000000000034
0
LINE
8
BLACK
6
CONTINUOUS
10
223.309394999999995
20
-76.1906000000000034
11
223.3084219999999789
21
-76.1896270000000015
0
LINE
8
BLACK
6
CONTINUOUS
10
223.3084219999999789
20
-76.1896270000000015
11
223.3065449999999998
21
-76.1801940000000002
0
LINE
8
BLACK
6
CONTINUOUS
10
223.3065449999999998
20
-76.1801940000000002
11
223.3040059999999869
21
-76.1709189999999978
0
LINE
8
BLACK
6
CONTINUOUS
10
223.3040059999999869
20
-76.1709189999999978
11
223.3044409999999971
21
-76.1696129999999982
0
LINE
8
BLACK
6
CONTINUOUS
10
223.3044409999999971
20
-76.1696129999999982
11
223.3038549999999987
21
-76.1666659999999922
0
LINE
8
BLACK
6
CONTINUOUS
10
223.3038549999999987
20
-76.1666659999999922
11
223.3038549999999987
21
-76.014285000000001
0
LINE
8
BLACK
6
CONTINUOUS
10
223.3038549999999987
20
-76.014285000000001
11
223.3044409999999971
21
-76.0113369999999975
0
LINE
8
BLACK
6
CONTINUOUS
10
223.3044409999999971
20
-76.0113369999999975
11
223.3040059999999869
21
-76.0100319999999954
0
LINE
8
BLACK
6
CONTINUOUS
10
223.3040059999999869
20
-76.0100319999999954
11
223.3065449999999998
21
-76.0007559999999955
0
LINE
8
BLACK
6
CONTINUOUS
10
223.3065449999999998
20
-76.0007559999999955
11
223.3084219999999789
21
-75.9913239999999917
0
LINE
8
BLACK
6
CONTINUOUS
10
223.3084219999999789
20
-75.9913239999999917
11
223.309394999999995
21
-75.9903499999999923
0
LINE
8
BLACK
6
CONTINUOUS
10
223.309394999999995
20
-75.9903499999999923
11
223.3101889999999798
21
-75.9874519999999904
0
LINE
8
BLACK
6
CONTINUOUS
10
223.3101889999999798
20
-75.9874519999999904
11
223.3482839999999783
21
-75.9112619999999936
0
LINE
8
BLACK
6
CONTINUOUS
10
223.3482839999999783
20
-75.9112619999999936
11
223.3541789999999878
21
-75.9036649999999895
0
LINE
8
BLACK
6
CONTINUOUS
10
223.3541789999999878
20
-75.9036649999999895
11
223.3595229999999958
21
-75.8956689999999981
0
LINE
8
BLACK
6
CONTINUOUS
10
223.3595229999999958
20
-75.8956689999999981
11
223.4357139999999902
21
-75.8194779999999895
0
LINE
8
BLACK
6
CONTINUOUS
10
223.4357139999999902
20
-75.8194779999999895
11
223.4411159999999938
21
-75.8158679999999947
0
LINE
8
BLACK
6
CONTINUOUS
10
223.4411159999999938
20
-75.8158679999999947
11
223.4424199999999985
21
-75.8136949999999956
0
LINE
8
BLACK
6
CONTINUOUS
10
223.4424199999999985
20
-75.8136949999999956
11
223.4490679999999827
21
-75.8105539999999962
0
LINE
8
BLACK
6
CONTINUOUS
10
223.4490679999999827
20
-75.8105539999999962
11
223.4551789999999869
21
-75.8064710000000019
0
LINE
8
BLACK
6
CONTINUOUS
10
223.4551789999999869
20
-75.8064710000000019
11
223.4577119999999866
21
-75.8064710000000019
0
LINE
8
BLACK
6
CONTINUOUS
10
223.4577119999999866
20
-75.8064710000000019
11
223.4635879999999872
21
-75.8036949999999905
0
LINE
8
BLACK
6
CONTINUOUS
10
223.4635879999999872
20
-75.8036949999999905
11
223.6159689999999785
21
-75.7655999999999921
0
LINE
8
BLACK
6
CONTINUOUS
10
223.6159689999999785
20
-75.7655999999999921
11
223.623312999999996
21
-75.7652420000000006
0
LINE
8
BLACK
6
CONTINUOUS
10
223.623312999999996
20
-75.7652420000000006
11
223.6305209999999875
21
-75.7638089999999949
0
LINE
8
BLACK
6
CONTINUOUS
10
223.6305209999999875
20
-75.7638089999999949
11
223.8971879999999999
21
-75.7638089999999949
0
LINE
8
BLACK
6
CONTINUOUS
10
223.8971879999999999
20
-75.7638089999999949
11
223.9043949999999938
21
-75.7652420000000006
0
LINE
8
BLACK
6
CONTINUOUS
10
223.508814000000001
20
-75.9160820000000029
11
223.4512619999999856
21
-75.9736350000000016
0
LINE
8
BLACK
6
CONTINUOUS
10
223.4512619999999856
20
-75.9736350000000016
11
223.4238550000000032
21
-76.0284499999999923
0
LINE
8
BLACK
6
CONTINUOUS
10
223.4238550000000032
20
-76.0284499999999923
11
223.4238550000000032
21
-76.1525010000000009
0
LINE
8
BLACK
6
CONTINUOUS
10
223.4238550000000032
20
-76.1525010000000009
11
223.4512619999999856
21
-76.2073170000000033
0
LINE
8
BLACK
6
CONTINUOUS
10
223.4512619999999856
20
-76.2073170000000033
11
223.508814000000001
21
-76.2648689999999903
0
LINE
8
BLACK
6
CONTINUOUS
10
223.508814000000001
20
-76.2648689999999903
11
223.6379049999999893
21
-76.2971429999999913
0
LINE
8
BLACK
6
CONTINUOUS
10
223.6379049999999893
20
-76.2971429999999913
11
223.889803999999998
21
-76.2971429999999913
0
LINE
8
BLACK
6
CONTINUOUS
10
223.889803999999998
20
-76.2971429999999913
11
224.0188939999999889
21
-76.2648679999999928
0
LINE
8
BLACK
6
CONTINUOUS
10
224.0188939999999889
20
-76.2648679999999928
11
224.0764470000000017
21
-76.2073149999999941
0
LINE
8
BLACK
6
CONTINUOUS
10
224.0764470000000017
20
-76.2073149999999941
11
224.1038549999999816
21
-76.1525010000000009
0
LINE
8
BLACK
6
CONTINUOUS
10
224.1038549999999816
20
-76.1525010000000009
11
224.1038549999999816
21
-76.0284499999999923
0
LINE
8
BLACK
6
CONTINUOUS
10
224.1038549999999816
20
-76.0284499999999923
11
224.0764470000000017
21
-75.9736350000000016
0
LINE
8
BLACK
6
CONTINUOUS
10
224.0764470000000017
20
-75.9736350000000016
11
224.0188949999999863
21
-75.9160820000000029
0
LINE
8
BLACK
6
CONTINUOUS
10
224.0188949999999863
20
-75.9160820000000029
11
223.8897999999999797
21
-75.8838089999999994
0
LINE
8
BLACK
6
CONTINUOUS
10
223.8897999999999797
20
-75.8838089999999994
11
223.6379049999999893
21
-75.8838089999999994
0
LINE
8
BLACK
6
CONTINUOUS
10
223.6379049999999893
20
-75.8838089999999994
11
223.508814000000001
21
-75.9160820000000029
0
LINE
8
BLACK
6
CONTINUOUS
10
229.2772420000000011
20
-75.2787160000000029
11
229.3027149999999779
21
-75.3169259999999952
0
LINE
8
BLACK
6
CONTINUOUS
10
229.3027149999999779
20
-75.3169259999999952
11
229.2937089999999785
21
-75.3619559999999922
0
LINE
8
BLACK
6
CONTINUOUS
10
229.2937089999999785
20
-75.3619559999999922
11
229.277136999999982
21
-75.3784929999999918
0
LINE
8
BLACK
6
CONTINUOUS
10
229.277136999999982
20
-75.3784929999999918
11
228.952021000000002
21
-75.5952369999999974
0
LINE
8
BLACK
6
CONTINUOUS
10
228.952021000000002
20
-75.5952369999999974
11
229.277136999999982
21
-75.811981000000003
0
LINE
8
BLACK
6
CONTINUOUS
10
229.277136999999982
20
-75.811981000000003
11
229.2937089999999785
21
-75.8285180000000025
0
LINE
8
BLACK
6
CONTINUOUS
10
229.2937089999999785
20
-75.8285180000000025
11
229.3027149999999779
21
-75.8735479999999995
0
LINE
8
BLACK
6
CONTINUOUS
10
229.3027149999999779
20
-75.8735479999999995
11
229.2772420000000011
21
-75.9117579999999919
0
LINE
8
BLACK
6
CONTINUOUS
10
229.2772420000000011
20
-75.9117579999999919
11
229.2322109999999782
21
-75.9207639999999913
0
LINE
8
BLACK
6
CONTINUOUS
10
229.2322109999999782
20
-75.9207639999999913
11
229.2105729999999824
21
-75.9118270000000024
0
LINE
8
BLACK
6
CONTINUOUS
10
229.2105729999999824
20
-75.9118270000000024
11
228.8438549999999907
21
-75.6673479999999898
0
LINE
8
BLACK
6
CONTINUOUS
10
228.8438549999999907
20
-75.6673479999999898
11
228.477136999999999
21
-75.9118270000000024
0
LINE
8
BLACK
6
CONTINUOUS
10
228.477136999999999
20
-75.9118270000000024
11
228.4554990000000032
21
-75.9207639999999913
0
LINE
8
BLACK
6
CONTINUOUS
10
228.4554990000000032
20
-75.9207639999999913
11
228.4104679999999803
21
-75.9117569999999944
0
LINE
8
BLACK
6
CONTINUOUS
10
228.4104679999999803
20
-75.9117569999999944
11
228.3849950000000035
21
-75.8735479999999995
0
LINE
8
BLACK
6
CONTINUOUS
10
228.3849950000000035
20
-75.8735479999999995
11
228.3940020000000004
21
-75.8285169999999908
0
LINE
8
BLACK
6
CONTINUOUS
10
228.3940020000000004
20
-75.8285169999999908
11
228.4105729999999994
21
-75.811981000000003
0
LINE
8
BLACK
6
CONTINUOUS
10
228.4105729999999994
20
-75.811981000000003
11
228.7356879999999819
21
-75.5952369999999974
0
LINE
8
BLACK
6
CONTINUOUS
10
228.7356879999999819
20
-75.5952369999999974
11
228.4105729999999994
21
-75.3784929999999918
0
LINE
8
BLACK
6
CONTINUOUS
10
228.4105729999999994
20
-75.3784929999999918
11
228.3940020000000004
21
-75.3619569999999896
0
LINE
8
BLACK
6
CONTINUOUS
10
228.3940020000000004
20
-75.3619569999999896
11
228.3849950000000035
21
-75.3169259999999952
0
LINE
8
BLACK
6
CONTINUOUS
10
228.3849950000000035
20
-75.3169259999999952
11
228.4104679999999803
21
-75.2787170000000003
0
LINE
8
BLACK
6
CONTINUOUS
10
228.4104679999999803
20
-75.2787170000000003
11
228.4554990000000032
21
-75.2697100000000034
0
LINE
8
BLACK
6
CONTINUOUS
10
228.4554990000000032
20
-75.2697100000000034
11
228.477136999999999
21
-75.2786469999999923
0
LINE
8
BLACK
6
CONTINUOUS
10
228.477136999999999
20
-75.2786469999999923
11
228.8438549999999907
21
-75.5231249999999932
0
LINE
8
BLACK
6
CONTINUOUS
10
228.8438549999999907
20
-75.5231249999999932
11
229.2105729999999824
21
-75.2786469999999923
0
LINE
8
BLACK
6
CONTINUOUS
10
229.2105729999999824
20
-75.2786469999999923
11
229.2322109999999782
21
-75.2697100000000034
0
LINE
8
BLACK
6
CONTINUOUS
10
229.2322109999999782
20
-75.2697100000000034
11
229.2772420000000011
21
-75.2787160000000029
0
LINE
8
BLACK
6
CONTINUOUS
10
226.7372419999999806
20
-75.1834779999999938
11
226.7627149999999858
21
-75.2216880000000003
0
LINE
8
BLACK
6
CONTINUOUS
10
226.7627149999999858
20
-75.2216880000000003
11
226.7537089999999864
21
-75.2667179999999973
0
LINE
8
BLACK
6
CONTINUOUS
10
226.7537089999999864
20
-75.2667179999999973
11
226.7371369999999899
21
-75.2832549999999969
0
LINE
8
BLACK
6
CONTINUOUS
10
226.7371369999999899
20
-75.2832549999999969
11
226.4120209999999815
21
-75.4999990000000025
0
LINE
8
BLACK
6
CONTINUOUS
10
226.4120209999999815
20
-75.4999990000000025
11
226.7371369999999899
21
-75.7167429999999939
0
LINE
8
BLACK
6
CONTINUOUS
10
226.7371369999999899
20
-75.7167429999999939
11
226.7537089999999864
21
-75.7332799999999935
0
LINE
8
BLACK
6
CONTINUOUS
10
226.7537089999999864
20
-75.7332799999999935
11
226.7627149999999858
21
-75.7783099999999905
0
LINE
8
BLACK
6
CONTINUOUS
10
226.7627149999999858
20
-75.7783099999999905
11
226.7372419999999806
21
-75.816519999999997
0
LINE
8
BLACK
6
CONTINUOUS
10
226.7372419999999806
20
-75.816519999999997
11
226.6922109999999861
21
-75.8255259999999964
0
LINE
8
BLACK
6
CONTINUOUS
10
226.6922109999999861
20
-75.8255259999999964
11
226.6705729999999903
21
-75.8165889999999933
0
LINE
8
BLACK
6
CONTINUOUS
10
226.6705729999999903
20
-75.8165889999999933
11
226.3038549999999987
21
-75.572109999999995
0
LINE
8
BLACK
6
CONTINUOUS
10
226.3038549999999987
20
-75.572109999999995
11
225.9371369999999786
21
-75.8165889999999933
0
LINE
8
BLACK
6
CONTINUOUS
10
225.9371369999999786
20
-75.8165889999999933
11
225.9154989999999827
21
-75.8255259999999964
0
LINE
8
BLACK
6
CONTINUOUS
10
225.9154989999999827
20
-75.8255259999999964
11
225.8704679999999883
21
-75.8165189999999996
0
LINE
8
BLACK
6
CONTINUOUS
10
225.8704679999999883
20
-75.8165189999999996
11
225.8449949999999831
21
-75.7783099999999905
0
LINE
8
BLACK
6
CONTINUOUS
10
225.8449949999999831
20
-75.7783099999999905
11
225.8540019999999799
21
-75.733278999999996
0
LINE
8
BLACK
6
CONTINUOUS
10
225.8540019999999799
20
-75.733278999999996
11
225.8705729999999789
21
-75.7167429999999939
0
LINE
8
BLACK
6
CONTINUOUS
10
225.8705729999999789
20
-75.7167429999999939
11
226.1956879999999899
21
-75.4999990000000025
0
LINE
8
BLACK
6
CONTINUOUS
10
226.1956879999999899
20
-75.4999990000000025
11
225.8705729999999789
21
-75.2832549999999969
0
LINE
8
BLACK
6
CONTINUOUS
10
225.8705729999999789
20
-75.2832549999999969
11
225.8540019999999799
21
-75.2667189999999948
0
LINE
8
BLACK
6
CONTINUOUS
10
225.8540019999999799
20
-75.2667189999999948
11
225.8449949999999831
21
-75.2216880000000003
0
LINE
8
BLACK
6
CONTINUOUS
10
225.8449949999999831
20
-75.2216880000000003
11
225.8704679999999883
21
-75.1834789999999913
0
LINE
8
BLACK
6
CONTINUOUS
10
225.8704679999999883
20
-75.1834789999999913
11
225.9154989999999827
21
-75.1744719999999944
0
LINE
8
BLACK
6
CONTINUOUS
10
225.9154989999999827
20
-75.1744719999999944
11
225.9371369999999786
21
-75.1834089999999975
0
LINE
8
BLACK
6
CONTINUOUS
10
225.9371369999999786
20
-75.1834089999999975
11
226.3038549999999987
21
-75.4278869999999984
0
LINE
8
BLACK
6
CONTINUOUS
10
226.3038549999999987
20
-75.4278869999999984
11
226.6705729999999903
21
-75.1834089999999975
0
LINE
8
BLACK
6
CONTINUOUS
10
226.6705729999999903
20
-75.1834089999999975
11
226.6922109999999861
21
-75.1744719999999944
0
LINE
8
BLACK
6
CONTINUOUS
10
226.6922109999999861
20
-75.1744719999999944
11
226.7372419999999806
21
-75.1834779999999938
0
LINE
8
BLACK
6
CONTINUOUS
10
221.0618589999999983
20
-75.0037810000000036
11
221.0713999999999828
21
-75.0049839999999932
0
LINE
8
BLACK
6
CONTINUOUS
10
221.0713999999999828
20
-75.0049839999999932
11
221.185686000000004
21
-75.0430789999999917
0
LINE
8
BLACK
6
CONTINUOUS
10
221.185686000000004
20
-75.0430789999999917
11
221.1882959999999798
21
-75.0445670000000007
0
LINE
8
BLACK
6
CONTINUOUS
10
221.1882959999999798
20
-75.0445670000000007
11
221.1896729999999991
21
-75.0445670000000007
0
LINE
8
BLACK
6
CONTINUOUS
10
221.1896729999999991
20
-75.0445670000000007
11
221.1976619999999798
21
-75.0499049999999954
0
LINE
8
BLACK
6
CONTINUOUS
10
221.1976619999999798
20
-75.0499049999999954
11
221.2060239999999851
21
-75.0546719999999965
0
LINE
8
BLACK
6
CONTINUOUS
10
221.2060239999999851
20
-75.0546719999999965
11
221.2066399999999931
21
-75.0559049999999957
0
LINE
8
BLACK
6
CONTINUOUS
10
221.2066399999999931
20
-75.0559049999999957
11
221.2091379999999958
21
-75.0575740000000025
0
LINE
8
BLACK
6
CONTINUOUS
10
221.2091379999999958
20
-75.0575740000000025
11
221.5638549999999896
21
-75.4122899999999987
0
LINE
8
BLACK
6
CONTINUOUS
10
221.5638549999999896
20
-75.4122899999999987
11
221.5638549999999896
21
-75.0619049999999959
0
LINE
8
BLACK
6
CONTINUOUS
10
221.5638549999999896
20
-75.0619049999999959
11
221.5684219999999982
21
-75.0389440000000008
0
LINE
8
BLACK
6
CONTINUOUS
10
221.5684219999999982
20
-75.0389440000000008
11
221.6008939999999825
21
-75.0064720000000023
0
LINE
8
BLACK
6
CONTINUOUS
10
221.6008939999999825
20
-75.0064720000000023
11
221.6468160000000012
21
-75.0064720000000023
0
LINE
8
BLACK
6
CONTINUOUS
10
221.6468160000000012
20
-75.0064720000000023
11
221.6792879999999855
21
-75.0389440000000008
0
LINE
8
BLACK
6
CONTINUOUS
10
221.6792879999999855
20
-75.0389440000000008
11
221.6838549999999941
21
-75.0619049999999959
0
LINE
8
BLACK
6
CONTINUOUS
10
221.6838549999999941
20
-75.0619049999999959
11
221.6838549999999941
21
-75.5571429999999964
0
LINE
8
BLACK
6
CONTINUOUS
10
221.6838549999999941
20
-75.5571429999999964
11
221.6792879999999855
21
-75.5801039999999915
0
LINE
8
BLACK
6
CONTINUOUS
10
221.6792879999999855
20
-75.5801039999999915
11
221.6468160000000012
21
-75.61257599999999
0
LINE
8
BLACK
6
CONTINUOUS
10
221.6468160000000012
20
-75.61257599999999
11
221.6008939999999825
21
-75.61257599999999
0
LINE
8
BLACK
6
CONTINUOUS
10
221.6008939999999825
20
-75.61257599999999
11
221.5814289999999858
21
-75.5995699999999999
0
LINE
8
BLACK
6
CONTINUOUS
10
221.5814289999999858
20
-75.5995699999999999
11
221.134301999999991
21
-75.1524419999999935
0
LINE
8
BLACK
6
CONTINUOUS
10
221.134301999999991
20
-75.1524419999999935
11
221.0426889999999958
21
-75.1219049999999982
0
LINE
8
BLACK
6
CONTINUOUS
10
221.0426889999999958
20
-75.1219049999999982
11
220.9904009999999914
21
-75.1219049999999982
0
LINE
8
BLACK
6
CONTINUOUS
10
220.9904009999999914
20
-75.1219049999999982
11
220.9355850000000032
21
-75.1493119999999948
0
LINE
8
BLACK
6
CONTINUOUS
10
220.9355850000000032
20
-75.1493119999999948
11
220.9112619999999936
21
-75.1736349999999902
0
LINE
8
BLACK
6
CONTINUOUS
10
220.9112619999999936
20
-75.1736349999999902
11
220.8838549999999827
21
-75.2284499999999952
0
LINE
8
BLACK
6
CONTINUOUS
10
220.8838549999999827
20
-75.2284499999999952
11
220.8838549999999827
21
-75.3905969999999996
0
LINE
8
BLACK
6
CONTINUOUS
10
220.8838549999999827
20
-75.3905969999999996
11
220.9112619999999936
21
-75.4454109999999929
0
LINE
8
BLACK
6
CONTINUOUS
10
220.9112619999999936
20
-75.4454109999999929
11
220.9424719999999809
21
-75.4766219999999919
0
LINE
8
BLACK
6
CONTINUOUS
10
220.9424719999999809
20
-75.4766219999999919
11
220.9554779999999994
21
-75.4960870000000028
0
LINE
8
BLACK
6
CONTINUOUS
10
220.9554779999999994
20
-75.4960870000000028
11
220.9554779999999994
21
-75.5420099999999906
0
LINE
8
BLACK
6
CONTINUOUS
10
220.9554779999999994
20
-75.5420099999999906
11
220.9230049999999892
21
-75.5744809999999916
0
LINE
8
BLACK
6
CONTINUOUS
10
220.9230049999999892
20
-75.5744809999999916
11
220.8770829999999989
21
-75.5744809999999916
0
LINE
8
BLACK
6
CONTINUOUS
10
220.8770829999999989
20
-75.5744809999999916
11
220.8576180000000022
21
-75.5614739999999898
0
LINE
8
BLACK
6
CONTINUOUS
10
220.8576180000000022
20
-75.5614739999999898
11
220.8195230000000038
21
-75.5233779999999939
0
LINE
8
BLACK
6
CONTINUOUS
10
220.8195230000000038
20
-75.5233779999999939
11
220.8141809999999907
21
-75.5153829999999999
0
LINE
8
BLACK
6
CONTINUOUS
10
220.8141809999999907
20
-75.5153829999999999
11
220.8082839999999862
21
-75.5077849999999984
0
LINE
8
BLACK
6
CONTINUOUS
10
220.8082839999999862
20
-75.5077849999999984
11
220.7701889999999878
21
-75.4315950000000015
0
LINE
8
BLACK
6
CONTINUOUS
10
220.7701889999999878
20
-75.4315950000000015
11
220.7693950000000029
21
-75.4286960000000022
0
LINE
8
BLACK
6
CONTINUOUS
10
220.7693950000000029
20
-75.4286960000000022
11
220.7684219999999868
21
-75.4277230000000003
0
LINE
8
BLACK
6
CONTINUOUS
10
220.7684219999999868
20
-75.4277230000000003
11
220.7665449999999794
21
-75.4182899999999989
0
LINE
8
BLACK
6
CONTINUOUS
10
220.7665449999999794
20
-75.4182899999999989
11
220.7640059999999949
21
-75.4090149999999966
0
LINE
8
BLACK
6
CONTINUOUS
10
220.7640059999999949
20
-75.4090149999999966
11
220.7644409999999766
21
-75.407708999999997
0
LINE
8
BLACK
6
CONTINUOUS
10
220.7644409999999766
20
-75.407708999999997
11
220.7638549999999782
21
-75.404761999999991
0
LINE
8
BLACK
6
CONTINUOUS
10
220.7638549999999782
20
-75.404761999999991
11
220.7638549999999782
21
-75.2142860000000013
0
LINE
8
BLACK
6
CONTINUOUS
10
220.7638549999999782
20
-75.2142860000000013
11
220.7644409999999766
21
-75.2113379999999978
0
LINE
8
BLACK
6
CONTINUOUS
10
220.7644409999999766
20
-75.2113379999999978
11
220.7640059999999949
21
-75.2100329999999957
0
LINE
8
BLACK
6
CONTINUOUS
10
220.7640059999999949
20
-75.2100329999999957
11
220.7665449999999794
21
-75.2007569999999959
0
LINE
8
BLACK
6
CONTINUOUS
10
220.7665449999999794
20
-75.2007569999999959
11
220.7684219999999868
21
-75.191324999999992
0
LINE
8
BLACK
6
CONTINUOUS
10
220.7684219999999868
20
-75.191324999999992
11
220.7693950000000029
21
-75.1903509999999926
0
LINE
8
BLACK
6
CONTINUOUS
10
220.7693950000000029
20
-75.1903509999999926
11
220.7701889999999878
21
-75.1874529999999908
0
LINE
8
BLACK
6
CONTINUOUS
10
220.7701889999999878
20
-75.1874529999999908
11
220.8082839999999862
21
-75.1112619999999964
0
LINE
8
BLACK
6
CONTINUOUS
10
220.8082839999999862
20
-75.1112619999999964
11
220.8141859999999781
21
-75.1036560000000009
0
LINE
8
BLACK
6
CONTINUOUS
10
220.8141859999999781
20
-75.1036560000000009
11
220.8195240000000013
21
-75.0956690000000009
0
LINE
8
BLACK
6
CONTINUOUS
10
220.8195240000000013
20
-75.0956690000000009
11
220.8576180000000022
21
-75.0575740000000025
0
LINE
8
BLACK
6
CONTINUOUS
10
220.8576180000000022
20
-75.0575740000000025
11
220.8656119999999987
21
-75.0522309999999919
0
LINE
8
BLACK
6
CONTINUOUS
10
220.8656119999999987
20
-75.0522309999999919
11
220.8732119999999952
21
-75.0463340000000017
0
LINE
8
BLACK
6
CONTINUOUS
10
220.8732119999999952
20
-75.0463340000000017
11
220.949403999999987
21
-75.0082390000000032
0
LINE
8
BLACK
6
CONTINUOUS
10
220.949403999999987
20
-75.0082390000000032
11
220.9523009999999772
21
-75.0074449999999899
0
LINE
8
BLACK
6
CONTINUOUS
10
220.9523009999999772
20
-75.0074449999999899
11
220.9532749999999908
21
-75.0064720000000023
0
LINE
8
BLACK
6
CONTINUOUS
10
220.9532749999999908
20
-75.0064720000000023
11
220.9627089999999896
21
-75.0045949999999948
0
LINE
8
BLACK
6
CONTINUOUS
10
220.9627089999999896
20
-75.0045949999999948
11
220.9719829999999945
21
-75.0020559999999961
0
LINE
8
BLACK
6
CONTINUOUS
10
220.9719829999999945
20
-75.0020559999999961
11
220.9732879999999966
21
-75.002490999999992
0
LINE
8
BLACK
6
CONTINUOUS
10
220.9732879999999966
20
-75.002490999999992
11
220.9762360000000001
21
-75.0019049999999936
0
LINE
8
BLACK
6
CONTINUOUS
10
220.9762360000000001
20
-75.0019049999999936
11
221.052425999999997
21
-75.0019049999999936
0
LINE
8
BLACK
6
CONTINUOUS
10
221.052425999999997
20
-75.0019049999999936
11
221.0618589999999983
21
-75.0037810000000036
0
LINE
8
BLACK
6
CONTINUOUS
10
224.2192879999999775
20
-75.0389440000000008
11
224.2238549999999861
21
-75.0619049999999959
0
LINE
8
BLACK
6
CONTINUOUS
10
224.2238549999999861
20
-75.0619049999999959
11
224.2238549999999861
21
-75.519047999999998
0
LINE
8
BLACK
6
CONTINUOUS
10
224.2238549999999861
20
-75.519047999999998
11
224.2192879999999775
21
-75.5420089999999931
0
LINE
8
BLACK
6
CONTINUOUS
10
224.2192879999999775
20
-75.5420089999999931
11
224.1868159999999932
21
-75.5744809999999916
0
LINE
8
BLACK
6
CONTINUOUS
10
224.1868159999999932
20
-75.5744809999999916
11
224.140894000000003
21
-75.5744809999999916
0
LINE
8
BLACK
6
CONTINUOUS
10
224.140894000000003
20
-75.5744809999999916
11
224.1084219999999902
21
-75.5420089999999931
0
LINE
8
BLACK
6
CONTINUOUS
10
224.1084219999999902
20
-75.5420089999999931
11
224.1038549999999816
21
-75.519047999999998
0
LINE
8
BLACK
6
CONTINUOUS
10
224.1038549999999816
20
-75.519047999999998
11
224.1038549999999816
21
-75.3504760000000005
0
LINE
8
BLACK
6
CONTINUOUS
10
224.1038549999999816
20
-75.3504760000000005
11
223.5468019999999854
21
-75.3504760000000005
0
LINE
8
BLACK
6
CONTINUOUS
10
223.5468019999999854
20
-75.3504760000000005
11
223.5967569999999967
21
-75.4004309999999975
0
LINE
8
BLACK
6
CONTINUOUS
10
223.5967569999999967
20
-75.4004309999999975
11
223.6020939999999939
21
-75.4084179999999975
0
LINE
8
BLACK
6
CONTINUOUS
10
223.6020939999999939
20
-75.4084179999999975
11
223.6079969999999832
21
-75.4160239999999931
0
LINE
8
BLACK
6
CONTINUOUS
10
223.6079969999999832
20
-75.4160239999999931
11
223.6460919999999817
21
-75.4922159999999991
0
LINE
8
BLACK
6
CONTINUOUS
10
223.6460919999999817
20
-75.4922159999999991
11
223.652275000000003
21
-75.5147949999999923
0
LINE
8
BLACK
6
CONTINUOUS
10
223.652275000000003
20
-75.5147949999999923
11
223.6377530000000036
21
-75.5583609999999908
0
LINE
8
BLACK
6
CONTINUOUS
10
223.6377530000000036
20
-75.5583609999999908
11
223.5966789999999946
21
-75.5788969999999978
0
LINE
8
BLACK
6
CONTINUOUS
10
223.5966789999999946
20
-75.5788969999999978
11
223.5531129999999962
21
-75.5643749999999983
0
LINE
8
BLACK
6
CONTINUOUS
10
223.5531129999999962
20
-75.5643749999999983
11
223.5387599999999964
21
-75.5458809999999943
0
LINE
8
BLACK
6
CONTINUOUS
10
223.5387599999999964
20
-75.5458809999999943
11
223.5050179999999784
21
-75.4783979999999985
0
LINE
8
BLACK
6
CONTINUOUS
10
223.5050179999999784
20
-75.4783979999999985
11
223.4399139999999875
21
-75.4132929999999959
0
LINE
8
BLACK
6
CONTINUOUS
10
223.4399139999999875
20
-75.4132929999999959
11
223.3305729999999869
21
-75.3403989999999908
0
LINE
8
BLACK
6
CONTINUOUS
10
223.3305729999999869
20
-75.3403989999999908
11
223.3140009999999904
21
-75.3238619999999912
0
LINE
8
BLACK
6
CONTINUOUS
10
223.3140009999999904
20
-75.3238619999999912
11
223.3127889999999809
21
-75.3178039999999953
0
LINE
8
BLACK
6
CONTINUOUS
10
223.3127889999999809
20
-75.3178039999999953
11
223.3084219999999789
21
-75.3134369999999933
0
LINE
8
BLACK
6
CONTINUOUS
10
223.3084219999999789
20
-75.3134369999999933
11
223.3084219999999789
21
-75.2959630000000004
0
LINE
8
BLACK
6
CONTINUOUS
10
223.3084219999999789
20
-75.2959630000000004
11
223.3049959999999885
21
-75.2788319999999942
0
LINE
8
BLACK
6
CONTINUOUS
10
223.3049959999999885
20
-75.2788319999999942
11
223.3084219999999789
21
-75.2736919999999969
0
LINE
8
BLACK
6
CONTINUOUS
10
223.3084219999999789
20
-75.2736919999999969
11
223.3084219999999789
21
-75.2675150000000031
0
LINE
8
BLACK
6
CONTINUOUS
10
223.3084219999999789
20
-75.2675150000000031
11
223.3207769999999925
21
-75.2551589999999919
0
LINE
8
BLACK
6
CONTINUOUS
10
223.3207769999999925
20
-75.2551589999999919
11
223.3304689999999937
21
-75.2406220000000019
0
LINE
8
BLACK
6
CONTINUOUS
10
223.3304689999999937
20
-75.2406220000000019
11
223.3365259999999921
21
-75.2394099999999924
0
LINE
8
BLACK
6
CONTINUOUS
10
223.3365259999999921
20
-75.2394099999999924
11
223.3408939999999916
21
-75.2350429999999903
0
LINE
8
BLACK
6
CONTINUOUS
10
223.3408939999999916
20
-75.2350429999999903
11
223.3638550000000009
21
-75.2304759999999959
0
LINE
8
BLACK
6
CONTINUOUS
10
223.3638550000000009
20
-75.2304759999999959
11
224.1038549999999816
21
-75.2304759999999959
0
LINE
8
BLACK
6
CONTINUOUS
10
224.1038549999999816
20
-75.2304759999999959
11
224.1038549999999816
21
-75.0619049999999959
0
LINE
8
BLACK
6
CONTINUOUS
10
224.1038549999999816
20
-75.0619049999999959
11
224.1084219999999902
21
-75.0389440000000008
0
LINE
8
BLACK
6
CONTINUOUS
10
224.1084219999999902
20
-75.0389440000000008
11
224.140894000000003
21
-75.0064720000000023
0
LINE
8
BLACK
6
CONTINUOUS
10
224.140894000000003
20
-75.0064720000000023
11
224.1868159999999932
21
-75.0064720000000023
0
LINE
8
BLACK
6
CONTINUOUS
10
224.1868159999999932
20
-75.0064720000000023
11
224.2192879999999775
21
-75.0389440000000008
0
LINE
8
BLACK
6
CONTINUOUS
10
224.3526430000000005
20
-73.2555479999999903
11
224.3546179999999879
21
-73.2554080000000027
0
LINE
8
BLACK
6
CONTINUOUS
10
224.3546179999999879
20
-73.2554080000000027
11
224.3572149999999965
21
-73.2559979999999911
0
LINE
8
BLACK
6
CONTINUOUS
10
224.3572149999999965
20
-73.2559979999999911
11
224.3598700000000008
21
-73.2562599999999975
0
LINE
8
BLACK
6
CONTINUOUS
10
224.3598700000000008
20
-73.2562599999999975
11
224.3617009999999823
21
-73.2570180000000022
0
LINE
8
BLACK
6
CONTINUOUS
10
224.3617009999999823
20
-73.2570180000000022
11
224.3689549999999997
21
-73.2586680000000001
0
LINE
8
BLACK
6
CONTINUOUS
10
224.3689549999999997
20
-73.2586680000000001
11
224.5118119999999919
21
-73.3062869999999975
0
LINE
8
BLACK
6
CONTINUOUS
10
224.5118119999999919
20
-73.3062869999999975
11
224.5252369999999758
21
-73.3122809999999987
0
LINE
8
BLACK
6
CONTINUOUS
10
224.5252369999999758
20
-73.3122809999999987
11
224.5473439999999812
21
-73.3314549999999912
0
LINE
8
BLACK
6
CONTINUOUS
10
224.5473439999999812
20
-73.3314549999999912
11
224.5604309999999941
21
-73.3576279999999912
0
LINE
8
BLACK
6
CONTINUOUS
10
224.5604309999999941
20
-73.3576279999999912
11
224.5625059999999849
21
-73.386817999999991
0
LINE
8
BLACK
6
CONTINUOUS
10
224.5625059999999849
20
-73.386817999999991
11
224.5532519999999863
21
-73.4145800000000008
0
LINE
8
BLACK
6
CONTINUOUS
10
224.5532519999999863
20
-73.4145800000000008
11
224.5340779999999938
21
-73.4366880000000037
0
LINE
8
BLACK
6
CONTINUOUS
10
224.5340779999999938
20
-73.4366880000000037
11
224.5079039999999964
21
-73.4497739999999908
0
LINE
8
BLACK
6
CONTINUOUS
10
224.5079039999999964
20
-73.4497739999999908
11
224.4787139999999965
21
-73.4518489999999957
0
LINE
8
BLACK
6
CONTINUOUS
10
224.4787139999999965
20
-73.4518489999999957
11
224.4643769999999847
21
-73.4485889999999984
0
LINE
8
BLACK
6
CONTINUOUS
10
224.4643769999999847
20
-73.4485889999999984
11
224.3330679999999973
21
-73.4048190000000034
0
LINE
8
BLACK
6
CONTINUOUS
10
224.3330679999999973
20
-73.4048190000000034
11
224.1248479999999859
21
-73.4048190000000034
0
LINE
8
BLACK
6
CONTINUOUS
10
224.1248479999999859
20
-73.4048190000000034
11
224.0563319999999976
21
-73.4390769999999975
0
LINE
8
BLACK
6
CONTINUOUS
10
224.0563319999999976
20
-73.4390769999999975
11
224.0259250000000009
21
-73.4694839999999942
0
LINE
8
BLACK
6
CONTINUOUS
10
224.0259250000000009
20
-73.4694839999999942
11
223.9916669999999783
21
-73.5379999999999967
0
LINE
8
BLACK
6
CONTINUOUS
10
223.9916669999999783
20
-73.5379999999999967
11
223.9916669999999783
21
-73.5978279999999927
0
LINE
8
BLACK
6
CONTINUOUS
10
223.9916669999999783
20
-73.5978279999999927
11
224.0259250000000009
21
-73.6663439999999952
0
LINE
8
BLACK
6
CONTINUOUS
10
224.0259250000000009
20
-73.6663439999999952
11
224.0563319999999976
21
-73.6967509999999919
0
LINE
8
BLACK
6
CONTINUOUS
10
224.0563319999999976
20
-73.6967509999999919
11
224.1333190000000002
21
-73.7352439999999945
0
LINE
8
BLACK
6
CONTINUOUS
10
224.1333190000000002
20
-73.7352439999999945
11
224.3158090000000016
21
-73.7808670000000006
0
LINE
8
BLACK
6
CONTINUOUS
10
224.3158090000000016
20
-73.7808670000000006
11
224.3168879999999774
21
-73.781251999999995
0
LINE
8
BLACK
6
CONTINUOUS
10
224.3168879999999774
20
-73.781251999999995
11
224.3174279999999783
21
-73.781290999999996
0
LINE
8
BLACK
6
CONTINUOUS
10
224.3174279999999783
20
-73.781290999999996
11
224.3235090000000014
21
-73.7836179999999899
0
LINE
8
BLACK
6
CONTINUOUS
10
224.3235090000000014
20
-73.7836179999999899
11
224.3296550000000025
21
-73.785814000000002
0
LINE
8
BLACK
6
CONTINUOUS
10
224.3296550000000025
20
-73.785814000000002
11
224.3300899999999842
21
-73.7861359999999991
0
LINE
8
BLACK
6
CONTINUOUS
10
224.3300899999999842
20
-73.7861359999999991
11
224.3311599999999828
21
-73.7865460000000013
0
LINE
8
BLACK
6
CONTINUOUS
10
224.3311599999999828
20
-73.7865460000000013
11
224.4263979999999776
21
-73.8341649999999987
0
LINE
8
BLACK
6
CONTINUOUS
10
224.4263979999999776
20
-73.8341649999999987
11
224.4326969999999903
21
-73.838128999999995
0
LINE
8
BLACK
6
CONTINUOUS
10
224.4326969999999903
20
-73.838128999999995
11
224.4345249999999794
21
-73.8388869999999997
0
LINE
8
BLACK
6
CONTINUOUS
10
224.4345249999999794
20
-73.8388869999999997
11
224.4365809999999897
21
-73.8405750000000012
0
LINE
8
BLACK
6
CONTINUOUS
10
224.4365809999999897
20
-73.8405750000000012
11
224.4388409999999965
21
-73.8419969999999921
0
LINE
8
BLACK
6
CONTINUOUS
10
224.4388409999999965
20
-73.8419969999999921
11
224.4401399999999853
21
-73.8434949999999901
0
LINE
8
BLACK
6
CONTINUOUS
10
224.4401399999999853
20
-73.8434949999999901
11
224.4458899999999915
21
-73.8482139999999987
0
LINE
8
BLACK
6
CONTINUOUS
10
224.4458899999999915
20
-73.8482139999999987
11
224.4935089999999889
21
-73.8958329999999961
0
LINE
8
BLACK
6
CONTINUOUS
10
224.4935089999999889
20
-73.8958329999999961
11
224.4982269999999858
21
-73.9015819999999906
0
LINE
8
BLACK
6
CONTINUOUS
10
224.4982269999999858
20
-73.9015819999999906
11
224.4997259999999812
21
-73.9028819999999911
0
LINE
8
BLACK
6
CONTINUOUS
10
224.4997259999999812
20
-73.9028819999999911
11
224.5011470000000031
21
-73.9051410000000004
0
LINE
8
BLACK
6
CONTINUOUS
10
224.5011470000000031
20
-73.9051410000000004
11
224.5028360000000021
21
-73.907197999999994
0
LINE
8
BLACK
6
CONTINUOUS
10
224.5028360000000021
20
-73.907197999999994
11
224.5035929999999951
21
-73.9090249999999997
0
LINE
8
BLACK
6
CONTINUOUS
10
224.5035929999999951
20
-73.9090249999999997
11
224.5075579999999889
21
-73.9153249999999957
0
LINE
8
BLACK
6
CONTINUOUS
10
224.5075579999999889
20
-73.9153249999999957
11
224.5551769999999863
21
-74.0105629999999906
0
LINE
8
BLACK
6
CONTINUOUS
10
224.5551769999999863
20
-74.0105629999999906
11
224.5604319999999916
21
-74.0242939999999976
0
LINE
8
BLACK
6
CONTINUOUS
10
224.5604319999999916
20
-74.0242939999999976
11
224.5606229999999925
21
-74.0269830000000013
0
LINE
8
BLACK
6
CONTINUOUS
10
224.5606229999999925
20
-74.0269830000000013
11
224.5616539999999759
21
-74.0294719999999984
0
LINE
8
BLACK
6
CONTINUOUS
10
224.5616539999999759
20
-74.0294719999999984
11
224.5630949999999757
21
-74.0441039999999902
0
LINE
8
BLACK
6
CONTINUOUS
10
224.5630949999999757
20
-74.0441039999999902
11
224.5630949999999757
21
-74.1393419999999992
0
LINE
8
BLACK
6
CONTINUOUS
10
224.5630949999999757
20
-74.1393419999999992
11
224.5616539999999759
21
-74.153973999999991
0
LINE
8
BLACK
6
CONTINUOUS
10
224.5616539999999759
20
-74.153973999999991
11
224.5606229999999925
21
-74.1564619999999906
0
LINE
8
BLACK
6
CONTINUOUS
10
224.5606229999999925
20
-74.1564619999999906
11
224.5604319999999916
21
-74.1591519999999917
0
LINE
8
BLACK
6
CONTINUOUS
10
224.5604319999999916
20
-74.1591519999999917
11
224.5551769999999863
21
-74.1728829999999988
0
LINE
8
BLACK
6
CONTINUOUS
10
224.5551769999999863
20
-74.1728829999999988
11
224.5075579999999889
21
-74.2681209999999936
0
LINE
8
BLACK
6
CONTINUOUS
10
224.5075579999999889
20
-74.2681209999999936
11
224.5035939999999925
21
-74.2744169999999997
0
LINE
8
BLACK
6
CONTINUOUS
10
224.5035939999999925
20
-74.2744169999999997
11
224.5028369999999995
21
-74.2762469999999979
0
LINE
8
BLACK
6
CONTINUOUS
10
224.5028369999999995
20
-74.2762469999999979
11
224.5011470000000031
21
-74.2783050000000031
0
LINE
8
BLACK
6
CONTINUOUS
10
224.5011470000000031
20
-74.2783050000000031
11
224.4997259999999812
21
-74.2805639999999983
0
LINE
8
BLACK
6
CONTINUOUS
10
224.4997259999999812
20
-74.2805639999999983
11
224.4982269999999858
21
-74.2818630000000013
0
LINE
8
BLACK
6
CONTINUOUS
10
224.4982269999999858
20
-74.2818630000000013
11
224.4935089999999889
21
-74.2876129999999932
0
LINE
8
BLACK
6
CONTINUOUS
10
224.4935089999999889
20
-74.2876129999999932
11
224.4458909999999889
21
-74.3352319999999906
0
LINE
8
BLACK
6
CONTINUOUS
10
224.4458909999999889
20
-74.3352319999999906
11
224.4401409999999828
21
-74.3399500000000018
0
LINE
8
BLACK
6
CONTINUOUS
10
224.4401409999999828
20
-74.3399500000000018
11
224.4388409999999965
21
-74.3414499999999947
0
LINE
8
BLACK
6
CONTINUOUS
10
224.4388409999999965
20
-74.3414499999999947
11
224.4365809999999897
21
-74.3428719999999998
0
LINE
8
BLACK
6
CONTINUOUS
10
224.4365809999999897
20
-74.3428719999999998
11
224.4345249999999794
21
-74.3445600000000013
0
LINE
8
BLACK
6
CONTINUOUS
10
224.4345249999999794
20
-74.3445600000000013
11
224.4326969999999903
21
-74.3453169999999943
0
LINE
8
BLACK
6
CONTINUOUS
10
224.4326969999999903
20
-74.3453169999999943
11
224.4263979999999776
21
-74.3492820000000023
0
LINE
8
BLACK
6
CONTINUOUS
10
224.4263979999999776
20
-74.3492820000000023
11
224.3311599999999828
21
-74.3969009999999997
0
LINE
8
BLACK
6
CONTINUOUS
10
224.3311599999999828
20
-74.3969009999999997
11
224.3174279999999783
21
-74.4021559999999909
0
LINE
8
BLACK
6
CONTINUOUS
10
224.3174279999999783
20
-74.4021559999999909
11
224.3147400000000005
21
-74.4023459999999943
0
LINE
8
BLACK
6
CONTINUOUS
10
224.3147400000000005
20
-74.4023459999999943
11
224.3122510000000034
21
-74.4033780000000036
0
LINE
8
BLACK
6
CONTINUOUS
10
224.3122510000000034
20
-74.4033780000000036
11
224.2976189999999974
21
-74.4048190000000034
0
LINE
8
BLACK
6
CONTINUOUS
10
224.2976189999999974
20
-74.4048190000000034
11
224.0595239999999819
21
-74.4048190000000034
0
LINE
8
BLACK
6
CONTINUOUS
10
224.0595239999999819
20
-74.4048190000000034
11
224.0521169999999813
21
-74.404088999999999
0
LINE
8
BLACK
6
CONTINUOUS
10
224.0521169999999813
20
-74.404088999999999
11
224.0501429999999914
21
-74.4042299999999983
0
LINE
8
BLACK
6
CONTINUOUS
10
224.0501429999999914
20
-74.4042299999999983
11
224.0475449999999853
21
-74.4036389999999983
0
LINE
8
BLACK
6
CONTINUOUS
10
224.0475449999999853
20
-74.4036389999999983
11
224.044891999999976
21
-74.4033780000000036
0
LINE
8
BLACK
6
CONTINUOUS
10
224.044891999999976
20
-74.4033780000000036
11
224.0430609999999945
21
-74.4026190000000014
0
LINE
8
BLACK
6
CONTINUOUS
10
224.0430609999999945
20
-74.4026190000000014
11
224.0358059999999796
21
-74.4009700000000009
0
LINE
8
BLACK
6
CONTINUOUS
10
224.0358059999999796
20
-74.4009700000000009
11
223.8929499999999848
21
-74.3533510000000035
0
LINE
8
BLACK
6
CONTINUOUS
10
223.8929499999999848
20
-74.3533510000000035
11
223.8795240000000035
21
-74.3473570000000024
0
LINE
8
BLACK
6
CONTINUOUS
10
223.8795240000000035
20
-74.3473570000000024
11
223.8574169999999981
21
-74.3281829999999957
0
LINE
8
BLACK
6
CONTINUOUS
10
223.8574169999999981
20
-74.3281829999999957
11
223.8443309999999826
21
-74.3020099999999957
0
LINE
8
BLACK
6
CONTINUOUS
10
223.8443309999999826
20
-74.3020099999999957
11
223.8422559999999919
21
-74.2728199999999958
0
LINE
8
BLACK
6
CONTINUOUS
10
223.8422559999999919
20
-74.2728199999999958
11
223.8515099999999904
21
-74.2450570000000027
0
LINE
8
BLACK
6
CONTINUOUS
10
223.8515099999999904
20
-74.2450570000000027
11
223.8706839999999829
21
-74.2229499999999973
0
LINE
8
BLACK
6
CONTINUOUS
10
223.8706839999999829
20
-74.2229499999999973
11
223.8968569999999829
21
-74.2098639999999961
0
LINE
8
BLACK
6
CONTINUOUS
10
223.8968569999999829
20
-74.2098639999999961
11
223.9260469999999827
21
-74.2077889999999911
0
LINE
8
BLACK
6
CONTINUOUS
10
223.9260469999999827
20
-74.2077889999999911
11
223.9403839999999946
21
-74.2110490000000027
0
LINE
8
BLACK
6
CONTINUOUS
10
223.9403839999999946
20
-74.2110490000000027
11
224.0716939999999795
21
-74.2548189999999977
0
LINE
8
BLACK
6
CONTINUOUS
10
224.0716939999999795
20
-74.2548189999999977
11
224.2799139999999909
21
-74.2548189999999977
0
LINE
8
BLACK
6
CONTINUOUS
10
224.2799139999999909
20
-74.2548189999999977
11
224.3484289999999817
21
-74.2205610000000036
0
LINE
8
BLACK
6
CONTINUOUS
10
224.3484289999999817
20
-74.2205610000000036
11
224.3788359999999784
21
-74.1901529999999951
0
LINE
8
BLACK
6
CONTINUOUS
10
224.3788359999999784
20
-74.1901529999999951
11
224.4130949999999984
21
-74.1216369999999927
0
LINE
8
BLACK
6
CONTINUOUS
10
224.4130949999999984
20
-74.1216369999999927
11
224.4130949999999984
21
-74.0618089999999967
0
LINE
8
BLACK
6
CONTINUOUS
10
224.4130949999999984
20
-74.0618089999999967
11
224.3788369999999759
21
-73.9932929999999942
0
LINE
8
BLACK
6
CONTINUOUS
10
224.3788369999999759
20
-73.9932929999999942
11
224.3484299999999791
21
-73.9628859999999975
0
LINE
8
BLACK
6
CONTINUOUS
10
224.3484299999999791
20
-73.9628859999999975
11
224.2714429999999766
21
-73.9243919999999974
0
LINE
8
BLACK
6
CONTINUOUS
10
224.2714429999999766
20
-73.9243919999999974
11
224.0889530000000036
21
-73.8787700000000029
0
LINE
8
BLACK
6
CONTINUOUS
10
224.0889530000000036
20
-73.8787700000000029
11
224.0878730000000019
21
-73.8783839999999969
0
LINE
8
BLACK
6
CONTINUOUS
10
224.0878730000000019
20
-73.8783839999999969
11
224.087333000000001
21
-73.8783459999999934
0
LINE
8
BLACK
6
CONTINUOUS
10
224.087333000000001
20
-73.8783459999999934
11
224.0812430000000006
21
-73.8760149999999953
0
LINE
8
BLACK
6
CONTINUOUS
10
224.0812430000000006
20
-73.8760149999999953
11
224.0751070000000027
21
-73.8738230000000016
0
LINE
8
BLACK
6
CONTINUOUS
10
224.0751070000000027
20
-73.8738230000000016
11
224.074670999999995
21
-73.8734999999999928
0
LINE
8
BLACK
6
CONTINUOUS
10
224.074670999999995
20
-73.8734999999999928
11
224.073601999999994
21
-73.8730910000000023
0
LINE
8
BLACK
6
CONTINUOUS
10
224.073601999999994
20
-73.8730910000000023
11
223.9783639999999991
21
-73.8254719999999907
0
LINE
8
BLACK
6
CONTINUOUS
10
223.9783639999999991
20
-73.8254719999999907
11
223.9720639999999889
21
-73.8215069999999969
0
LINE
8
BLACK
6
CONTINUOUS
10
223.9720639999999889
20
-73.8215069999999969
11
223.9702369999999974
21
-73.8207499999999897
0
LINE
8
BLACK
6
CONTINUOUS
10
223.9702369999999974
20
-73.8207499999999897
11
223.9681799999999896
21
-73.8190609999999907
0
LINE
8
BLACK
6
CONTINUOUS
10
223.9681799999999896
20
-73.8190609999999907
11
223.9659209999999803
21
-73.8176399999999973
0
LINE
8
BLACK
6
CONTINUOUS
10
223.9659209999999803
20
-73.8176399999999973
11
223.964620999999994
21
-73.8161410000000018
0
LINE
8
BLACK
6
CONTINUOUS
10
223.964620999999994
20
-73.8161410000000018
11
223.9588719999999853
21
-73.8114229999999907
0
LINE
8
BLACK
6
CONTINUOUS
10
223.9588719999999853
20
-73.8114229999999907
11
223.9112529999999879
21
-73.7638039999999933
0
LINE
8
BLACK
6
CONTINUOUS
10
223.9112529999999879
20
-73.7638039999999933
11
223.9065339999999935
21
-73.7580540000000013
0
LINE
8
BLACK
6
CONTINUOUS
10
223.9065339999999935
20
-73.7580540000000013
11
223.9050359999999955
21
-73.7567549999999983
0
LINE
8
BLACK
6
CONTINUOUS
10
223.9050359999999955
20
-73.7567549999999983
11
223.9036139999999762
21
-73.7544949999999915
0
LINE
8
BLACK
6
CONTINUOUS
10
223.9036139999999762
20
-73.7544949999999915
11
223.9019260000000031
21
-73.7524389999999954
0
LINE
8
BLACK
6
CONTINUOUS
10
223.9019260000000031
20
-73.7524389999999954
11
223.9011679999999842
21
-73.7506109999999921
0
LINE
8
BLACK
6
CONTINUOUS
10
223.9011679999999842
20
-73.7506109999999921
11
223.8972039999999879
21
-73.7443119999999936
0
LINE
8
BLACK
6
CONTINUOUS
10
223.8972039999999879
20
-73.7443119999999936
11
223.8495849999999905
21
-73.6490739999999988
0
LINE
8
BLACK
6
CONTINUOUS
10
223.8495849999999905
20
-73.6490739999999988
11
223.8443299999999851
21
-73.6353419999999943
0
LINE
8
BLACK
6
CONTINUOUS
10
223.8443299999999851
20
-73.6353419999999943
11
223.8441389999999842
21
-73.6326540000000023
0
LINE
8
BLACK
6
CONTINUOUS
10
223.8441389999999842
20
-73.6326540000000023
11
223.8431080000000009
21
-73.630164999999991
0
LINE
8
BLACK
6
CONTINUOUS
10
223.8431080000000009
20
-73.630164999999991
11
223.8416670000000011
21
-73.6155329999999992
0
LINE
8
BLACK
6
CONTINUOUS
10
223.8416670000000011
20
-73.6155329999999992
11
223.8416670000000011
21
-73.5202949999999902
0
LINE
8
BLACK
6
CONTINUOUS
10
223.8416670000000011
20
-73.5202949999999902
11
223.8431080000000009
21
-73.5056629999999984
0
LINE
8
BLACK
6
CONTINUOUS
10
223.8431080000000009
20
-73.5056629999999984
11
223.8441389999999842
21
-73.5031729999999897
0
LINE
8
BLACK
6
CONTINUOUS
10
223.8441389999999842
20
-73.5031729999999897
11
223.8443299999999851
21
-73.5004859999999951
0
LINE
8
BLACK
6
CONTINUOUS
10
223.8443299999999851
20
-73.5004859999999951
11
223.8495849999999905
21
-73.4867539999999906
0
LINE
8
BLACK
6
CONTINUOUS
10
223.8495849999999905
20
-73.4867539999999906
11
223.8972039999999879
21
-73.3915159999999958
0
LINE
8
BLACK
6
CONTINUOUS
10
223.8972039999999879
20
-73.3915159999999958
11
223.9011679999999842
21
-73.3852159999999998
0
LINE
8
BLACK
6
CONTINUOUS
10
223.9011679999999842
20
-73.3852159999999998
11
223.9019260000000031
21
-73.383388999999994
0
LINE
8
BLACK
6
CONTINUOUS
10
223.9019260000000031
20
-73.383388999999994
11
223.9036139999999762
21
-73.3813320000000004
0
LINE
8
BLACK
6
CONTINUOUS
10
223.9036139999999762
20
-73.3813320000000004
11
223.9050359999999955
21
-73.3790729999999911
0
LINE
8
BLACK
6
CONTINUOUS
10
223.9050359999999955
20
-73.3790729999999911
11
223.9065339999999935
21
-73.3777729999999906
0
LINE
8
BLACK
6
CONTINUOUS
10
223.9065339999999935
20
-73.3777729999999906
11
223.9112529999999879
21
-73.3720239999999961
0
LINE
8
BLACK
6
CONTINUOUS
10
223.9112529999999879
20
-73.3720239999999961
11
223.9588719999999853
21
-73.3244049999999987
0
LINE
8
BLACK
6
CONTINUOUS
10
223.9588719999999853
20
-73.3244049999999987
11
223.964620999999994
21
-73.3196859999999901
0
LINE
8
BLACK
6
CONTINUOUS
10
223.964620999999994
20
-73.3196859999999901
11
223.9659209999999803
21
-73.3181879999999921
0
LINE
8
BLACK
6
CONTINUOUS
10
223.9659209999999803
20
-73.3181879999999921
11
223.9681799999999896
21
-73.3167660000000012
0
LINE
8
BLACK
6
CONTINUOUS
10
223.9681799999999896
20
-73.3167660000000012
11
223.9702369999999974
21
-73.3150779999999997
0
LINE
8
BLACK
6
CONTINUOUS
10
223.9702369999999974
20
-73.3150779999999997
11
223.9720639999999889
21
-73.314319999999995
0
LINE
8
BLACK
6
CONTINUOUS
10
223.9720639999999889
20
-73.314319999999995
11
223.9783639999999991
21
-73.3103559999999987
0
LINE
8
BLACK
6
CONTINUOUS
10
223.9783639999999991
20
-73.3103559999999987
11
224.073601999999994
21
-73.2627370000000013
0
LINE
8
BLACK
6
CONTINUOUS
10
224.073601999999994
20
-73.2627370000000013
11
224.087333000000001
21
-73.257481999999996
0
LINE
8
BLACK
6
CONTINUOUS
10
224.087333000000001
20
-73.257481999999996
11
224.0900219999999763
21
-73.2572899999999976
0
LINE
8
BLACK
6
CONTINUOUS
10
224.0900219999999763
20
-73.2572899999999976
11
224.0925110000000018
21
-73.2562599999999975
0
LINE
8
BLACK
6
CONTINUOUS
10
224.0925110000000018
20
-73.2562599999999975
11
224.1071429999999793
21
-73.2548189999999977
0
LINE
8
BLACK
6
CONTINUOUS
10
224.1071429999999793
20
-73.2548189999999977
11
224.3452379999999948
21
-73.2548189999999977
0
LINE
8
BLACK
6
CONTINUOUS
10
224.3452379999999948
20
-73.2548189999999977
11
224.3526430000000005
21
-73.2555479999999903
0
LINE
8
BLACK
6
CONTINUOUS
10
226.5910709999999995
20
-73.2555809999999923
11
226.5930389999999761
21
-73.2554499999999962
0
LINE
8
BLACK
6
CONTINUOUS
10
226.5930389999999761
20
-73.2554499999999962
11
226.5943939999999941
21
-73.2559079999999909
0
LINE
8
BLACK
6
CONTINUOUS
10
226.5943939999999941
20
-73.2559079999999909
11
226.5979649999999879
21
-73.2562599999999975
0
LINE
8
BLACK
6
CONTINUOUS
10
226.5979649999999879
20
-73.2562599999999975
11
226.6092219999999884
21
-73.2609229999999911
0
LINE
8
BLACK
6
CONTINUOUS
10
226.6092219999999884
20
-73.2609229999999911
11
226.62075999999999
21
-73.2648250000000019
0
LINE
8
BLACK
6
CONTINUOUS
10
226.62075999999999
20
-73.2648250000000019
11
226.6226639999999861
21
-73.2664899999999903
0
LINE
8
BLACK
6
CONTINUOUS
10
226.6226639999999861
20
-73.2664899999999903
11
226.6250009999999975
21
-73.2674590000000023
0
LINE
8
BLACK
6
CONTINUOUS
10
226.6250009999999975
20
-73.2674590000000023
11
226.6336110000000019
21
-73.2760689999999926
0
LINE
8
BLACK
6
CONTINUOUS
10
226.6336110000000019
20
-73.2760689999999926
11
226.6427839999999776
21
-73.2840949999999935
0
LINE
8
BLACK
6
CONTINUOUS
10
226.6427839999999776
20
-73.2840949999999935
11
226.643905999999987
21
-73.2863639999999918
0
LINE
8
BLACK
6
CONTINUOUS
10
226.643905999999987
20
-73.2863639999999918
11
226.6456929999999943
21
-73.2881509999999992
0
LINE
8
BLACK
6
CONTINUOUS
10
226.6456929999999943
20
-73.2881509999999992
11
226.6503529999999955
21
-73.2994010000000031
0
LINE
8
BLACK
6
CONTINUOUS
10
226.6503529999999955
20
-73.2994010000000031
11
226.6557559999999967
21
-73.3103270000000009
0
LINE
8
BLACK
6
CONTINUOUS
10
226.6557559999999967
20
-73.3103270000000009
11
226.6559239999999988
21
-73.3128499999999974
0
LINE
8
BLACK
6
CONTINUOUS
10
226.6559239999999988
20
-73.3128499999999974
11
226.6568919999999991
21
-73.3151869999999946
0
LINE
8
BLACK
6
CONTINUOUS
10
226.6568919999999991
20
-73.3151869999999946
11
226.6568919999999991
21
-73.3273709999999994
0
LINE
8
BLACK
6
CONTINUOUS
10
226.6568919999999991
20
-73.3273709999999994
11
226.6577020000000005
21
-73.3395249999999947
0
LINE
8
BLACK
6
CONTINUOUS
10
226.6577020000000005
20
-73.3395249999999947
11
226.6568919999999991
21
-73.3419200000000018
0
LINE
8
BLACK
6
CONTINUOUS
10
226.6568919999999991
20
-73.3419200000000018
11
226.6568919999999991
21
-73.3444509999999923
0
LINE
8
BLACK
6
CONTINUOUS
10
226.6568919999999991
20
-73.3444509999999923
11
226.6522279999999796
21
-73.3557079999999928
0
LINE
8
BLACK
6
CONTINUOUS
10
226.6522279999999796
20
-73.3557079999999928
11
226.6483269999999948
21
-73.3672459999999944
0
LINE
8
BLACK
6
CONTINUOUS
10
226.6483269999999948
20
-73.3672459999999944
11
226.6462410000000034
21
-73.3701629999999909
0
LINE
8
BLACK
6
CONTINUOUS
10
226.6462410000000034
20
-73.3701629999999909
11
226.6456929999999943
21
-73.3714870000000019
0
LINE
8
BLACK
6
CONTINUOUS
10
226.6456929999999943
20
-73.3714870000000019
11
226.6442969999999946
21
-73.3728819999999899
0
LINE
8
BLACK
6
CONTINUOUS
10
226.6442969999999946
20
-73.3728819999999899
11
226.6397759999999835
21
-73.3792069999999939
0
LINE
8
BLACK
6
CONTINUOUS
10
226.6397759999999835
20
-73.3792069999999939
11
226.4128800000000012
21
-73.6385159999999956
0
LINE
8
BLACK
6
CONTINUOUS
10
226.4128800000000012
20
-73.6385159999999956
11
226.4263979999999776
21
-73.6436889999999948
0
LINE
8
BLACK
6
CONTINUOUS
10
226.4263979999999776
20
-73.6436889999999948
11
226.5216360000000009
21
-73.6913079999999923
0
LINE
8
BLACK
6
CONTINUOUS
10
226.5216360000000009
20
-73.6913079999999923
11
226.5279349999999852
21
-73.6952720000000028
0
LINE
8
BLACK
6
CONTINUOUS
10
226.5279349999999852
20
-73.6952720000000028
11
226.5297630000000026
21
-73.6960299999999933
0
LINE
8
BLACK
6
CONTINUOUS
10
226.5297630000000026
20
-73.6960299999999933
11
226.5318189999999845
21
-73.6977179999999947
0
LINE
8
BLACK
6
CONTINUOUS
10
226.5318189999999845
20
-73.6977179999999947
11
226.5340789999999913
21
-73.6991399999999999
0
LINE
8
BLACK
6
CONTINUOUS
10
226.5340789999999913
20
-73.6991399999999999
11
226.5353779999999801
21
-73.7006379999999979
0
LINE
8
BLACK
6
CONTINUOUS
10
226.5353779999999801
20
-73.7006379999999979
11
226.5411279999999863
21
-73.7053569999999922
0
LINE
8
BLACK
6
CONTINUOUS
10
226.5411279999999863
20
-73.7053569999999922
11
226.5887469999999837
21
-73.7529759999999897
0
LINE
8
BLACK
6
CONTINUOUS
10
226.5887469999999837
20
-73.7529759999999897
11
226.5934649999999806
21
-73.7587249999999983
0
LINE
8
BLACK
6
CONTINUOUS
10
226.5934649999999806
20
-73.7587249999999983
11
226.5949639999999761
21
-73.7600249999999988
0
LINE
8
BLACK
6
CONTINUOUS
10
226.5949639999999761
20
-73.7600249999999988
11
226.5963849999999979
21
-73.762283999999994
0
LINE
8
BLACK
6
CONTINUOUS
10
226.5963849999999979
20
-73.762283999999994
11
226.5980739999999969
21
-73.7643410000000017
0
LINE
8
BLACK
6
CONTINUOUS
10
226.5980739999999969
20
-73.7643410000000017
11
226.5988309999999899
21
-73.7661679999999933
0
LINE
8
BLACK
6
CONTINUOUS
10
226.5988309999999899
20
-73.7661679999999933
11
226.6027959999999837
21
-73.7724680000000035
0
LINE
8
BLACK
6
CONTINUOUS
10
226.6027959999999837
20
-73.7724680000000035
11
226.6504149999999811
21
-73.8677059999999983
0
LINE
8
BLACK
6
CONTINUOUS
10
226.6504149999999811
20
-73.8677059999999983
11
226.6556699999999864
21
-73.8814369999999911
0
LINE
8
BLACK
6
CONTINUOUS
10
226.6556699999999864
20
-73.8814369999999911
11
226.6558609999999874
21
-73.8841259999999949
0
LINE
8
BLACK
6
CONTINUOUS
10
226.6558609999999874
20
-73.8841259999999949
11
226.6568919999999991
21
-73.8866149999999919
0
LINE
8
BLACK
6
CONTINUOUS
10
226.6568919999999991
20
-73.8866149999999919
11
226.6583329999999989
21
-73.9012469999999979
0
LINE
8
BLACK
6
CONTINUOUS
10
226.6583329999999989
20
-73.9012469999999979
11
226.6583329999999989
21
-74.1393419999999992
0
LINE
8
BLACK
6
CONTINUOUS
10
226.6583329999999989
20
-74.1393419999999992
11
226.6568919999999991
21
-74.153973999999991
0
LINE
8
BLACK
6
CONTINUOUS
10
226.6568919999999991
20
-74.153973999999991
11
226.6558609999999874
21
-74.1564619999999906
0
LINE
8
BLACK
6
CONTINUOUS
10
226.6558609999999874
20
-74.1564619999999906
11
226.6556699999999864
21
-74.1591519999999917
0
LINE
8
BLACK
6
CONTINUOUS
10
226.6556699999999864
20
-74.1591519999999917
11
226.6504149999999811
21
-74.1728829999999988
0
LINE
8
BLACK
6
CONTINUOUS
10
226.6504149999999811
20
-74.1728829999999988
11
226.6027959999999837
21
-74.2681209999999936
0
LINE
8
BLACK
6
CONTINUOUS
10
226.6027959999999837
20
-74.2681209999999936
11
226.5988319999999874
21
-74.2744169999999997
0
LINE
8
BLACK
6
CONTINUOUS
10
226.5988319999999874
20
-74.2744169999999997
11
226.5980749999999944
21
-74.2762469999999979
0
LINE
8
BLACK
6
CONTINUOUS
10
226.5980749999999944
20
-74.2762469999999979
11
226.5963849999999979
21
-74.2783050000000031
0
LINE
8
BLACK
6
CONTINUOUS
10
226.5963849999999979
20
-74.2783050000000031
11
226.5949639999999761
21
-74.2805639999999983
0
LINE
8
BLACK
6
CONTINUOUS
10
226.5949639999999761
20
-74.2805639999999983
11
226.5934649999999806
21
-74.2818630000000013
0
LINE
8
BLACK
6
CONTINUOUS
10
226.5934649999999806
20
-74.2818630000000013
11
226.5887469999999837
21
-74.2876129999999932
0
LINE
8
BLACK
6
CONTINUOUS
10
226.5887469999999837
20
-74.2876129999999932
11
226.5411289999999838
21
-74.3352319999999906
0
LINE
8
BLACK
6
CONTINUOUS
10
226.5411289999999838
20
-74.3352319999999906
11
226.5353789999999776
21
-74.3399500000000018
0
LINE
8
BLACK
6
CONTINUOUS
10
226.5353789999999776
20
-74.3399500000000018
11
226.5340789999999913
21
-74.3414499999999947
0
LINE
8
BLACK
6
CONTINUOUS
10
226.5340789999999913
20
-74.3414499999999947
11
226.5318189999999845
21
-74.3428719999999998
0
LINE
8
BLACK
6
CONTINUOUS
10
226.5318189999999845
20
-74.3428719999999998
11
226.5297630000000026
21
-74.3445600000000013
0
LINE
8
BLACK
6
CONTINUOUS
10
226.5297630000000026
20
-74.3445600000000013
11
226.5279349999999852
21
-74.3453169999999943
0
LINE
8
BLACK
6
CONTINUOUS
10
226.5279349999999852
20
-74.3453169999999943
11
226.5216360000000009
21
-74.3492820000000023
0
LINE
8
BLACK
6
CONTINUOUS
10
226.5216360000000009
20
-74.3492820000000023
11
226.4263979999999776
21
-74.3969009999999997
0
LINE
8
BLACK
6
CONTINUOUS
10
226.4263979999999776
20
-74.3969009999999997
11
226.4126660000000015
21
-74.4021559999999909
0
LINE
8
BLACK
6
CONTINUOUS
10
226.4126660000000015
20
-74.4021559999999909
11
226.4099779999999953
21
-74.4023459999999943
0
LINE
8
BLACK
6
CONTINUOUS
10
226.4099779999999953
20
-74.4023459999999943
11
226.4074889999999982
21
-74.4033780000000036
0
LINE
8
BLACK
6
CONTINUOUS
10
226.4074889999999982
20
-74.4033780000000036
11
226.3928569999999922
21
-74.4048190000000034
0
LINE
8
BLACK
6
CONTINUOUS
10
226.3928569999999922
20
-74.4048190000000034
11
226.1071429999999793
21
-74.4048190000000034
0
LINE
8
BLACK
6
CONTINUOUS
10
226.1071429999999793
20
-74.4048190000000034
11
226.0925110000000018
21
-74.4033780000000036
0
LINE
8
BLACK
6
CONTINUOUS
10
226.0925110000000018
20
-74.4033780000000036
11
226.0900219999999763
21
-74.4023469999999918
0
LINE
8
BLACK
6
CONTINUOUS
10
226.0900219999999763
20
-74.4023469999999918
11
226.087333000000001
21
-74.4021559999999909
0
LINE
8
BLACK
6
CONTINUOUS
10
226.087333000000001
20
-74.4021559999999909
11
226.073601999999994
21
-74.3969009999999997
0
LINE
8
BLACK
6
CONTINUOUS
10
226.073601999999994
20
-74.3969009999999997
11
225.9783639999999991
21
-74.3492820000000023
0
LINE
8
BLACK
6
CONTINUOUS
10
225.9783639999999991
20
-74.3492820000000023
11
225.9720639999999889
21
-74.3453169999999943
0
LINE
8
BLACK
6
CONTINUOUS
10
225.9720639999999889
20
-74.3453169999999943
11
225.9702369999999974
21
-74.3445600000000013
0
LINE
8
BLACK
6
CONTINUOUS
10
225.9702369999999974
20
-74.3445600000000013
11
225.9681799999999896
21
-74.3428719999999998
0
LINE
8
BLACK
6
CONTINUOUS
10
225.9681799999999896
20
-74.3428719999999998
11
225.9659209999999803
21
-74.3414499999999947
0
LINE
8
BLACK
6
CONTINUOUS
10
225.9659209999999803
20
-74.3414499999999947
11
225.9646199999999965
21
-74.3399500000000018
0
LINE
8
BLACK
6
CONTINUOUS
10
225.9646199999999965
20
-74.3399500000000018
11
225.9588709999999878
21
-74.3352319999999906
0
LINE
8
BLACK
6
CONTINUOUS
10
225.9588709999999878
20
-74.3352319999999906
11
225.9112519999999904
21
-74.2876119999999958
0
LINE
8
BLACK
6
CONTINUOUS
10
225.9112519999999904
20
-74.2876119999999958
11
225.9019249999999772
21
-74.2762469999999979
0
LINE
8
BLACK
6
CONTINUOUS
10
225.9019249999999772
20
-74.2762469999999979
11
225.8907269999999983
21
-74.2492110000000025
0
LINE
8
BLACK
6
CONTINUOUS
10
225.8907269999999983
20
-74.2492110000000025
11
225.8907269999999983
21
-74.2199480000000023
0
LINE
8
BLACK
6
CONTINUOUS
10
225.8907269999999983
20
-74.2199480000000023
11
225.9019260000000031
21
-74.1929119999999926
0
LINE
8
BLACK
6
CONTINUOUS
10
225.9019260000000031
20
-74.1929119999999926
11
225.9226189999999974
21
-74.1722189999999983
0
LINE
8
BLACK
6
CONTINUOUS
10
225.9226189999999974
20
-74.1722189999999983
11
225.9496549999999786
21
-74.161020999999991
0
LINE
8
BLACK
6
CONTINUOUS
10
225.9496549999999786
20
-74.161020999999991
11
225.9789179999999931
21
-74.161020999999991
0
LINE
8
BLACK
6
CONTINUOUS
10
225.9789179999999931
20
-74.161020999999991
11
226.0059540000000027
21
-74.1722199999999958
0
LINE
8
BLACK
6
CONTINUOUS
10
226.0059540000000027
20
-74.1722199999999958
11
226.0173199999999838
21
-74.1815479999999923
0
LINE
8
BLACK
6
CONTINUOUS
10
226.0173199999999838
20
-74.1815479999999923
11
226.0563319999999976
21
-74.2205610000000036
0
LINE
8
BLACK
6
CONTINUOUS
10
226.0563319999999976
20
-74.2205610000000036
11
226.1248479999999859
21
-74.2548189999999977
0
LINE
8
BLACK
6
CONTINUOUS
10
226.1248479999999859
20
-74.2548189999999977
11
226.3751519999999857
21
-74.2548189999999977
0
LINE
8
BLACK
6
CONTINUOUS
10
226.3751519999999857
20
-74.2548189999999977
11
226.4436669999999765
21
-74.2205610000000036
0
LINE
8
BLACK
6
CONTINUOUS
10
226.4436669999999765
20
-74.2205610000000036
11
226.4740740000000017
21
-74.1901529999999951
0
LINE
8
BLACK
6
CONTINUOUS
10
226.4740740000000017
20
-74.1901529999999951
11
226.5083329999999933
21
-74.1216369999999927
0
LINE
8
BLACK
6
CONTINUOUS
10
226.5083329999999933
20
-74.1216369999999927
11
226.5083329999999933
21
-73.9189519999999902
0
LINE
8
BLACK
6
CONTINUOUS
10
226.5083329999999933
20
-73.9189519999999902
11
226.4740749999999991
21
-73.850436000000002
0
LINE
8
BLACK
6
CONTINUOUS
10
226.4740749999999991
20
-73.850436000000002
11
226.4436680000000024
21
-73.820028999999991
0
LINE
8
BLACK
6
CONTINUOUS
10
226.4436680000000024
20
-73.820028999999991
11
226.3751519999999857
21
-73.7857709999999969
0
LINE
8
BLACK
6
CONTINUOUS
10
226.3751519999999857
20
-73.7857709999999969
11
226.25
21
-73.7857709999999969
0
LINE
8
BLACK
6
CONTINUOUS
10
226.25
20
-73.7857709999999969
11
226.242260999999985
21
-73.7850079999999906
0
LINE
8
BLACK
6
CONTINUOUS
10
226.242260999999985
20
-73.7850079999999906
11
226.2402939999999774
21
-73.7851399999999984
0
LINE
8
BLACK
6
CONTINUOUS
10
226.2402939999999774
20
-73.7851399999999984
11
226.2389379999999903
21
-73.784680999999992
0
LINE
8
BLACK
6
CONTINUOUS
10
226.2389379999999903
20
-73.784680999999992
11
226.235367999999994
21
-73.7843299999999971
0
LINE
8
BLACK
6
CONTINUOUS
10
226.235367999999994
20
-73.7843299999999971
11
226.224109999999996
21
-73.7796659999999918
0
LINE
8
BLACK
6
CONTINUOUS
10
226.224109999999996
20
-73.7796659999999918
11
226.2125729999999919
21
-73.7757649999999927
0
LINE
8
BLACK
6
CONTINUOUS
10
226.2125729999999919
20
-73.7757649999999927
11
226.2106679999999983
21
-73.7740989999999925
0
LINE
8
BLACK
6
CONTINUOUS
10
226.2106679999999983
20
-73.7740989999999925
11
226.2083319999999844
21
-73.7731309999999922
0
LINE
8
BLACK
6
CONTINUOUS
10
226.2083319999999844
20
-73.7731309999999922
11
226.1997209999999825
21
-73.7645199999999903
0
LINE
8
BLACK
6
CONTINUOUS
10
226.1997209999999825
20
-73.7645199999999903
11
226.1905489999999759
21
-73.756495000000001
0
LINE
8
BLACK
6
CONTINUOUS
10
226.1905489999999759
20
-73.756495000000001
11
226.1894259999999974
21
-73.754224999999991
0
LINE
8
BLACK
6
CONTINUOUS
10
226.1894259999999974
20
-73.754224999999991
11
226.1876399999999876
21
-73.7524389999999954
0
LINE
8
BLACK
6
CONTINUOUS
10
226.1876399999999876
20
-73.7524389999999954
11
226.1829789999999889
21
-73.741187999999994
0
LINE
8
BLACK
6
CONTINUOUS
10
226.1829789999999889
20
-73.741187999999994
11
226.1775769999999852
21
-73.7302629999999937
0
LINE
8
BLACK
6
CONTINUOUS
10
226.1775769999999852
20
-73.7302629999999937
11
226.1774079999999856
21
-73.7277389999999997
0
LINE
8
BLACK
6
CONTINUOUS
10
226.1774079999999856
20
-73.7277389999999997
11
226.1764409999999828
21
-73.725403
0
LINE
8
BLACK
6
CONTINUOUS
10
226.1764409999999828
20
-73.725403
11
226.1764409999999828
21
-73.7132179999999977
0
LINE
8
BLACK
6
CONTINUOUS
10
226.1764409999999828
20
-73.7132179999999977
11
226.1756309999999814
21
-73.7010649999999998
0
LINE
8
BLACK
6
CONTINUOUS
10
226.1756309999999814
20
-73.7010649999999998
11
226.1764409999999828
21
-73.6986689999999953
0
LINE
8
BLACK
6
CONTINUOUS
10
226.1764409999999828
20
-73.6986689999999953
11
226.1764409999999828
21
-73.6961390000000023
0
LINE
8
BLACK
6
CONTINUOUS
10
226.1764409999999828
20
-73.6961390000000023
11
226.1811039999999764
21
-73.6848809999999901
0
LINE
8
BLACK
6
CONTINUOUS
10
226.1811039999999764
20
-73.6848809999999901
11
226.1850059999999871
21
-73.6733440000000002
0
LINE
8
BLACK
6
CONTINUOUS
10
226.1850059999999871
20
-73.6733440000000002
11
226.187090999999981
21
-73.670425999999992
0
LINE
8
BLACK
6
CONTINUOUS
10
226.187090999999981
20
-73.670425999999992
11
226.1876399999999876
21
-73.6691029999999927
0
LINE
8
BLACK
6
CONTINUOUS
10
226.1876399999999876
20
-73.6691029999999927
11
226.1890349999999899
21
-73.6677069999999929
0
LINE
8
BLACK
6
CONTINUOUS
10
226.1890349999999899
20
-73.6677069999999929
11
226.1935569999999984
21
-73.6613830000000007
0
LINE
8
BLACK
6
CONTINUOUS
10
226.1935569999999984
20
-73.6613830000000007
11
226.4180509999999913
21
-73.4048190000000034
0
LINE
8
BLACK
6
CONTINUOUS
10
226.4180509999999913
20
-73.4048190000000034
11
225.9642859999999871
21
-73.4048190000000034
0
LINE
8
BLACK
6
CONTINUOUS
10
225.9642859999999871
20
-73.4048190000000034
11
225.9496539999999811
21
-73.4033780000000036
0
LINE
8
BLACK
6
CONTINUOUS
10
225.9496539999999811
20
-73.4033780000000036
11
225.9226179999999999
21
-73.3921789999999987
0
LINE
8
BLACK
6
CONTINUOUS
10
225.9226179999999999
20
-73.3921789999999987
11
225.9019260000000031
21
-73.3714870000000019
0
LINE
8
BLACK
6
CONTINUOUS
10
225.9019260000000031
20
-73.3714870000000019
11
225.8907269999999983
21
-73.3444509999999923
0
LINE
8
BLACK
6
CONTINUOUS
10
225.8907269999999983
20
-73.3444509999999923
11
225.8907269999999983
21
-73.3151869999999946
0
LINE
8
BLACK
6
CONTINUOUS
10
225.8907269999999983
20
-73.3151869999999946
11
225.9019260000000031
21
-73.2881509999999992
0
LINE
8
BLACK
6
CONTINUOUS
10
225.9019260000000031
20
-73.2881509999999992
11
225.9226179999999999
21
-73.2674590000000023
0
LINE
8
BLACK
6
CONTINUOUS
10
225.9226179999999999
20
-73.2674590000000023
11
225.9496539999999811
21
-73.2562599999999975
0
LINE
8
BLACK
6
CONTINUOUS
10
225.9496539999999811
20
-73.2562599999999975
11
225.9642859999999871
21
-73.2548189999999977
0
LINE
8
BLACK
6
CONTINUOUS
10
225.9642859999999871
20
-73.2548189999999977
11
226.5833329999999819
21
-73.2548189999999977
0
LINE
8
BLACK
6
CONTINUOUS
10
226.5833329999999819
20
-73.2548189999999977
11
226.5910709999999995
21
-73.2555809999999923
0
LINE
8
BLACK
6
CONTINUOUS
10
225.7098440000000039
20
-73.261650000000003
11
225.7335509999999772
21
-73.278806000000003
0
LINE
8
BLACK
6
CONTINUOUS
10
225.7335509999999772
20
-73.278806000000003
11
225.7488869999999963
21
-73.3037279999999924
0
LINE
8
BLACK
6
CONTINUOUS
10
225.7488869999999963
20
-73.3037279999999924
11
225.7535199999999804
21
-73.3326229999999981
0
LINE
8
BLACK
6
CONTINUOUS
10
225.7535199999999804
20
-73.3326229999999981
11
225.7515319999999974
21
-73.3471909999999951
0
LINE
8
BLACK
6
CONTINUOUS
10
225.7515319999999974
20
-73.3471909999999951
11
225.5134359999999845
21
-74.3471909999999951
0
LINE
8
BLACK
6
CONTINUOUS
10
225.5134359999999845
20
-74.3471909999999951
11
225.5117060000000038
21
-74.352209000000002
0
LINE
8
BLACK
6
CONTINUOUS
10
225.5117060000000038
20
-74.352209000000002
11
225.5114669999999819
21
-74.3540129999999948
0
LINE
8
BLACK
6
CONTINUOUS
10
225.5114669999999819
20
-74.3540129999999948
11
225.5105229999999779
21
-74.3556420000000031
0
LINE
8
BLACK
6
CONTINUOUS
10
225.5105229999999779
20
-74.3556420000000031
11
225.5086459999999988
21
-74.3610910000000018
0
LINE
8
BLACK
6
CONTINUOUS
10
225.5086459999999988
20
-74.3610910000000018
11
225.5022599999999784
21
-74.3699139999999943
0
LINE
8
BLACK
6
CONTINUOUS
10
225.5022599999999784
20
-74.3699139999999943
11
225.4968049999999948
21
-74.3793369999999925
0
LINE
8
BLACK
6
CONTINUOUS
10
225.4968049999999948
20
-74.3793369999999925
11
225.4937469999999848
21
-74.3816769999999963
0
LINE
8
BLACK
6
CONTINUOUS
10
225.4937469999999848
20
-74.3816769999999963
11
225.4914890000000014
21
-74.3847980000000035
0
LINE
8
BLACK
6
CONTINUOUS
10
225.4914890000000014
20
-74.3847980000000035
11
225.4822169999999915
21
-74.3905029999999954
0
LINE
8
BLACK
6
CONTINUOUS
10
225.4822169999999915
20
-74.3905029999999954
11
225.4735670000000027
21
-74.3971250000000026
0
LINE
8
BLACK
6
CONTINUOUS
10
225.4735670000000027
20
-74.3971250000000026
11
225.4698429999999973
21
-74.3981179999999966
0
LINE
8
BLACK
6
CONTINUOUS
10
225.4698429999999973
20
-74.3981179999999966
11
225.4665669999999977
21
-74.4001339999999942
0
LINE
8
BLACK
6
CONTINUOUS
10
225.4665669999999977
20
-74.4001339999999942
11
225.455822999999981
21
-74.4018559999999951
0
LINE
8
BLACK
6
CONTINUOUS
10
225.455822999999981
20
-74.4018559999999951
11
225.4452919999999949
21
-74.4046649999999943
0
LINE
8
BLACK
6
CONTINUOUS
10
225.4452919999999949
20
-74.4046649999999943
11
225.441473000000002
21
-74.4041569999999979
0
LINE
8
BLACK
6
CONTINUOUS
10
225.441473000000002
20
-74.4041569999999979
11
225.4376719999999921
21
-74.4047669999999925
0
LINE
8
BLACK
6
CONTINUOUS
10
225.4376719999999921
20
-74.4047669999999925
11
225.4270759999999996
21
-74.402243999999996
0
LINE
8
BLACK
6
CONTINUOUS
10
225.4270759999999996
20
-74.402243999999996
11
225.4162829999999929
21
-74.4008099999999928
0
LINE
8
BLACK
6
CONTINUOUS
10
225.4162829999999929
20
-74.4008099999999928
11
225.4129509999999925
21
-74.3988810000000029
0
LINE
8
BLACK
6
CONTINUOUS
10
225.4129509999999925
20
-74.3988810000000029
11
225.4092039999999884
21
-74.3979889999999955
0
LINE
8
BLACK
6
CONTINUOUS
10
225.4092039999999884
20
-74.3979889999999955
11
225.4003789999999867
21
-74.3916019999999918
0
LINE
8
BLACK
6
CONTINUOUS
10
225.4003789999999867
20
-74.3916019999999918
11
225.3909579999999835
21
-74.3861479999999915
0
LINE
8
BLACK
6
CONTINUOUS
10
225.3909579999999835
20
-74.3861479999999915
11
225.3886169999999822
21
-74.3830899999999957
0
LINE
8
BLACK
6
CONTINUOUS
10
225.3886169999999822
20
-74.3830899999999957
11
225.3854969999999867
21
-74.3808319999999981
0
LINE
8
BLACK
6
CONTINUOUS
10
225.3854969999999867
20
-74.3808319999999981
11
225.3797909999999831
21
-74.3715589999999906
0
LINE
8
BLACK
6
CONTINUOUS
10
225.3797909999999831
20
-74.3715589999999906
11
225.373170999999985
21
-74.3629109999999969
0
LINE
8
BLACK
6
CONTINUOUS
10
225.373170999999985
20
-74.3629109999999969
11
225.3711449999999843
21
-74.3575089999999932
0
LINE
8
BLACK
6
CONTINUOUS
10
225.3711449999999843
20
-74.3575089999999932
11
225.370160999999996
21
-74.3559099999999944
0
LINE
8
BLACK
6
CONTINUOUS
10
225.370160999999996
20
-74.3559099999999944
11
225.3698729999999841
21
-74.3541189999999972
0
LINE
8
BLACK
6
CONTINUOUS
10
225.3698729999999841
20
-74.3541189999999972
11
225.3680080000000032
21
-74.3491439999999955
0
LINE
8
BLACK
6
CONTINUOUS
10
225.3680080000000032
20
-74.3491439999999955
11
225.2499990000000025
21
-73.906612999999993
0
LINE
8
BLACK
6
CONTINUOUS
10
225.2499990000000025
20
-73.906612999999993
11
225.1319919999999968
21
-74.3491439999999955
0
LINE
8
BLACK
6
CONTINUOUS
10
225.1319919999999968
20
-74.3491439999999955
11
225.13012599999999
21
-74.3541179999999997
0
LINE
8
BLACK
6
CONTINUOUS
10
225.13012599999999
20
-74.3541179999999997
11
225.1298389999999756
21
-74.3559099999999944
0
LINE
8
BLACK
6
CONTINUOUS
10
225.1298389999999756
20
-74.3559099999999944
11
225.1288539999999898
21
-74.3575099999999907
0
LINE
8
BLACK
6
CONTINUOUS
10
225.1288539999999898
20
-74.3575099999999907
11
225.1268289999999865
21
-74.3629099999999994
0
LINE
8
BLACK
6
CONTINUOUS
10
225.1268289999999865
20
-74.3629099999999994
11
225.1202099999999859
21
-74.3715559999999982
0
LINE
8
BLACK
6
CONTINUOUS
10
225.1202099999999859
20
-74.3715559999999982
11
225.1145029999999849
21
-74.3808319999999981
0
LINE
8
BLACK
6
CONTINUOUS
10
225.1145029999999849
20
-74.3808319999999981
11
225.1113819999999919
21
-74.3830899999999957
0
LINE
8
BLACK
6
CONTINUOUS
10
225.1113819999999919
20
-74.3830899999999957
11
225.1090419999999881
21
-74.3861479999999915
0
LINE
8
BLACK
6
CONTINUOUS
10
225.1090419999999881
20
-74.3861479999999915
11
225.0996199999999874
21
-74.3916019999999918
0
LINE
8
BLACK
6
CONTINUOUS
10
225.0996199999999874
20
-74.3916019999999918
11
225.0907959999999832
21
-74.3979889999999955
0
LINE
8
BLACK
6
CONTINUOUS
10
225.0907959999999832
20
-74.3979889999999955
11
225.0870479999999816
21
-74.3988810000000029
0
LINE
8
BLACK
6
CONTINUOUS
10
225.0870479999999816
20
-74.3988810000000029
11
225.0837169999999787
21
-74.4008099999999928
0
LINE
8
BLACK
6
CONTINUOUS
10
225.0837169999999787
20
-74.4008099999999928
11
225.0729259999999954
21
-74.4022429999999986
0
LINE
8
BLACK
6
CONTINUOUS
10
225.0729259999999954
20
-74.4022429999999986
11
225.0623279999999795
21
-74.4047669999999925
0
LINE
8
BLACK
6
CONTINUOUS
10
225.0623279999999795
20
-74.4047669999999925
11
225.0585239999999771
21
-74.4041569999999979
0
LINE
8
BLACK
6
CONTINUOUS
10
225.0585239999999771
20
-74.4041569999999979
11
225.0547090000000026
21
-74.4046639999999968
0
LINE
8
BLACK
6
CONTINUOUS
10
225.0547090000000026
20
-74.4046639999999968
11
225.0441869999999938
21
-74.4018579999999901
0
LINE
8
BLACK
6
CONTINUOUS
10
225.0441869999999938
20
-74.4018579999999901
11
225.0334330000000023
21
-74.4001339999999942
0
LINE
8
BLACK
6
CONTINUOUS
10
225.0334330000000023
20
-74.4001339999999942
11
225.0301529999999843
21
-74.3981160000000017
0
LINE
8
BLACK
6
CONTINUOUS
10
225.0301529999999843
20
-74.3981160000000017
11
225.0264329999999973
21
-74.3971239999999909
0
LINE
8
BLACK
6
CONTINUOUS
10
225.0264329999999973
20
-74.3971239999999909
11
225.017786000000001
21
-74.3905049999999903
0
LINE
8
BLACK
6
CONTINUOUS
10
225.017786000000001
20
-74.3905049999999903
11
225.0085109999999986
21
-74.3847980000000035
0
LINE
8
BLACK
6
CONTINUOUS
10
225.0085109999999986
20
-74.3847980000000035
11
225.0062519999999893
21
-74.3816769999999963
0
LINE
8
BLACK
6
CONTINUOUS
10
225.0062519999999893
20
-74.3816769999999963
11
225.0031949999999767
21
-74.3793369999999925
0
LINE
8
BLACK
6
CONTINUOUS
10
225.0031949999999767
20
-74.3793369999999925
11
224.9977399999999932
21
-74.3699149999999918
0
LINE
8
BLACK
6
CONTINUOUS
10
224.9977399999999932
20
-74.3699149999999918
11
224.9913540000000012
21
-74.3610910000000018
0
LINE
8
BLACK
6
CONTINUOUS
10
224.9913540000000012
20
-74.3610910000000018
11
224.9894749999999988
21
-74.355639999999994
0
LINE
8
BLACK
6
CONTINUOUS
10
224.9894749999999988
20
-74.355639999999994
11
224.9885329999999897
21
-74.3540119999999973
0
LINE
8
BLACK
6
CONTINUOUS
10
224.9885329999999897
20
-74.3540119999999973
11
224.9882929999999988
21
-74.3522099999999995
0
LINE
8
BLACK
6
CONTINUOUS
10
224.9882929999999988
20
-74.3522099999999995
11
224.9865639999999871
21
-74.3471909999999951
0
LINE
8
BLACK
6
CONTINUOUS
10
224.9865639999999871
20
-74.3471909999999951
11
224.7484690000000001
21
-73.3471909999999951
0
LINE
8
BLACK
6
CONTINUOUS
10
224.7484690000000001
20
-73.3471909999999951
11
224.7464809999999886
21
-73.3326229999999981
0
LINE
8
BLACK
6
CONTINUOUS
10
224.7464809999999886
20
-73.3326229999999981
11
224.7511140000000012
21
-73.3037279999999924
0
LINE
8
BLACK
6
CONTINUOUS
10
224.7511140000000012
20
-73.3037279999999924
11
224.7664499999999919
21
-73.278806000000003
0
LINE
8
BLACK
6
CONTINUOUS
10
224.7664499999999919
20
-73.278806000000003
11
224.7901569999999936
21
-73.2616489999999914
0
LINE
8
BLACK
6
CONTINUOUS
10
224.7901569999999936
20
-73.2616489999999914
11
224.8186249999999973
21
-73.2548709999999943
0
LINE
8
BLACK
6
CONTINUOUS
10
224.8186249999999973
20
-73.2548709999999943
11
224.8475200000000029
21
-73.2595039999999926
0
LINE
8
BLACK
6
CONTINUOUS
10
224.8475200000000029
20
-73.2595039999999926
11
224.8724419999999782
21
-73.2748399999999975
0
LINE
8
BLACK
6
CONTINUOUS
10
224.8724419999999782
20
-73.2748399999999975
11
224.889599000000004
21
-73.2985469999999992
0
LINE
8
BLACK
6
CONTINUOUS
10
224.889599000000004
20
-73.2985469999999992
11
224.8943889999999897
21
-73.3124469999999917
0
LINE
8
BLACK
6
CONTINUOUS
10
224.8943889999999897
20
-73.3124469999999917
11
225.0636399999999924
21
-74.0233029999999985
0
LINE
8
BLACK
6
CONTINUOUS
10
225.0636399999999924
20
-74.0233029999999985
11
225.1775319999999851
21
-73.5962079999999901
0
LINE
8
BLACK
6
CONTINUOUS
10
225.1775319999999851
20
-73.5962079999999901
11
225.1788169999999809
21
-73.5927789999999931
0
LINE
8
BLACK
6
CONTINUOUS
10
225.1788169999999809
20
-73.5927789999999931
11
225.1790089999999793
21
-73.5913400000000024
0
LINE
8
BLACK
6
CONTINUOUS
10
225.1790089999999793
20
-73.5913400000000024
11
225.1799979999999834
21
-73.5896299999999997
0
LINE
8
BLACK
6
CONTINUOUS
10
225.1799979999999834
20
-73.5896299999999997
11
225.1826949999999954
21
-73.5824410000000029
0
LINE
8
BLACK
6
CONTINUOUS
10
225.1826949999999954
20
-73.5824410000000029
11
225.1887119999999811
21
-73.5745799999999974
0
LINE
8
BLACK
6
CONTINUOUS
10
225.1887119999999811
20
-73.5745799999999974
11
225.1936709999999948
21
-73.5660149999999931
0
LINE
8
BLACK
6
CONTINUOUS
10
225.1936709999999948
20
-73.5660149999999931
11
225.1975279999999771
21
-73.5630620000000022
0
LINE
8
BLACK
6
CONTINUOUS
10
225.1975279999999771
20
-73.5630620000000022
11
225.2004819999999938
21
-73.559203999999994
0
LINE
8
BLACK
6
CONTINUOUS
10
225.2004819999999938
20
-73.559203999999994
11
225.2090489999999932
21
-73.5542429999999996
0
LINE
8
BLACK
6
CONTINUOUS
10
225.2090489999999932
20
-73.5542429999999996
11
225.2169089999999869
21
-73.5482279999999946
0
LINE
8
BLACK
6
CONTINUOUS
10
225.2169089999999869
20
-73.5482279999999946
11
225.2216009999999926
21
-73.5469760000000008
0
LINE
8
BLACK
6
CONTINUOUS
10
225.2216009999999926
20
-73.5469760000000008
11
225.2258070000000032
21
-73.5445419999999928
0
LINE
8
BLACK
6
CONTINUOUS
10
225.2258070000000032
20
-73.5445419999999928
11
225.2356240000000014
21
-73.5432369999999906
0
LINE
8
BLACK
6
CONTINUOUS
10
225.2356240000000014
20
-73.5432369999999906
11
225.2451849999999922
21
-73.5406880000000029
0
LINE
8
BLACK
6
CONTINUOUS
10
225.2451849999999922
20
-73.5406880000000029
11
225.2499969999999792
21
-73.5413269999999955
0
LINE
8
BLACK
6
CONTINUOUS
10
225.2499969999999792
20
-73.5413269999999955
11
225.2548159999999768
21
-73.5406869999999913
0
LINE
8
BLACK
6
CONTINUOUS
10
225.2548159999999768
20
-73.5406869999999913
11
225.2643860000000018
21
-73.5432389999999998
0
LINE
8
BLACK
6
CONTINUOUS
10
225.2643860000000018
20
-73.5432389999999998
11
225.2741929999999968
21
-73.5445419999999928
0
LINE
8
BLACK
6
CONTINUOUS
10
225.2741929999999968
20
-73.5445419999999928
11
225.2783939999999916
21
-73.5469739999999916
0
LINE
8
BLACK
6
CONTINUOUS
10
225.2783939999999916
20
-73.5469739999999916
11
225.2830909999999847
21
-73.5482269999999971
0
LINE
8
BLACK
6
CONTINUOUS
10
225.2830909999999847
20
-73.5482269999999971
11
225.2909530000000018
21
-73.5542449999999945
0
LINE
8
BLACK
6
CONTINUOUS
10
225.2909530000000018
20
-73.5542449999999945
11
225.2995179999999777
21
-73.559203999999994
0
LINE
8
BLACK
6
CONTINUOUS
10
225.2995179999999777
20
-73.559203999999994
11
225.3024699999999996
21
-73.5630609999999905
0
LINE
8
BLACK
6
CONTINUOUS
10
225.3024699999999996
20
-73.5630609999999905
11
225.3063289999999768
21
-73.5660149999999931
0
LINE
8
BLACK
6
CONTINUOUS
10
225.3063289999999768
20
-73.5660149999999931
11
225.3112899999999854
21
-73.5745829999999899
0
LINE
8
BLACK
6
CONTINUOUS
10
225.3112899999999854
20
-73.5745829999999899
11
225.3173049999999762
21
-73.5824420000000003
0
LINE
8
BLACK
6
CONTINUOUS
10
225.3173049999999762
20
-73.5824420000000003
11
225.3199989999999957
21
-73.5896259999999955
0
LINE
8
BLACK
6
CONTINUOUS
10
225.3199989999999957
20
-73.5896259999999955
11
225.3209909999999923
21
-73.5913389999999907
0
LINE
8
BLACK
6
CONTINUOUS
10
225.3209909999999923
20
-73.5913389999999907
11
225.3211819999999932
21
-73.5927799999999905
0
LINE
8
BLACK
6
CONTINUOUS
10
225.3211819999999932
20
-73.5927799999999905
11
225.3224679999999864
21
-73.5962079999999901
0
LINE
8
BLACK
6
CONTINUOUS
10
225.3224679999999864
20
-73.5962079999999901
11
225.4363589999999817
21
-74.0233029999999985
0
LINE
8
BLACK
6
CONTINUOUS
10
225.4363589999999817
20
-74.0233029999999985
11
225.6056119999999794
21
-73.3124480000000034
0
LINE
8
BLACK
6
CONTINUOUS
10
225.6056119999999794
20
-73.3124480000000034
11
225.6104019999999934
21
-73.2985469999999992
0
LINE
8
BLACK
6
CONTINUOUS
10
225.6104019999999934
20
-73.2985469999999992
11
225.6275589999999909
21
-73.2748399999999975
0
LINE
8
BLACK
6
CONTINUOUS
10
225.6275589999999909
20
-73.2748399999999975
11
225.6524809999999945
21
-73.2595039999999926
0
LINE
8
BLACK
6
CONTINUOUS
10
225.6524809999999945
20
-73.2595039999999926
11
225.6813760000000002
21
-73.2548709999999943
0
LINE
8
BLACK
6
CONTINUOUS
10
225.6813760000000002
20
-73.2548709999999943
11
225.7098440000000039
21
-73.261650000000003
0
LINE
8
BLACK
6
CONTINUOUS
10
177.8026429999999891
20
-73.1305479999999903
11
177.8046180000000049
21
-73.1304080000000027
0
LINE
8
BLACK
6
CONTINUOUS
10
177.8046180000000049
20
-73.1304080000000027
11
177.8072149999999851
21
-73.1309979999999911
0
LINE
8
BLACK
6
CONTINUOUS
10
177.8072149999999851
20
-73.1309979999999911
11
177.8098699999999894
21
-73.1312599999999975
0
LINE
8
BLACK
6
CONTINUOUS
10
177.8098699999999894
20
-73.1312599999999975
11
177.8117009999999993
21
-73.1320180000000022
0
LINE
8
BLACK
6
CONTINUOUS
10
177.8117009999999993
20
-73.1320180000000022
11
177.8189549999999883
21
-73.1336680000000001
0
LINE
8
BLACK
6
CONTINUOUS
10
177.8189549999999883
20
-73.1336680000000001
11
177.9618119999999806
21
-73.1812869999999975
0
LINE
8
BLACK
6
CONTINUOUS
10
177.9618119999999806
20
-73.1812869999999975
11
177.9752369999999928
21
-73.1872809999999987
0
LINE
8
BLACK
6
CONTINUOUS
10
177.9752369999999928
20
-73.1872809999999987
11
177.9973439999999982
21
-73.2064549999999912
0
LINE
8
BLACK
6
CONTINUOUS
10
177.9973439999999982
20
-73.2064549999999912
11
178.0104309999999828
21
-73.2326279999999912
0
LINE
8
BLACK
6
CONTINUOUS
10
178.0104309999999828
20
-73.2326279999999912
11
178.0125060000000019
21
-73.261817999999991
0
LINE
8
BLACK
6
CONTINUOUS
10
178.0125060000000019
20
-73.261817999999991
11
178.0032520000000034
21
-73.2895800000000008
0
LINE
8
BLACK
6
CONTINUOUS
10
178.0032520000000034
20
-73.2895800000000008
11
177.9840779999999825
21
-73.3116880000000037
0
LINE
8
BLACK
6
CONTINUOUS
10
177.9840779999999825
20
-73.3116880000000037
11
177.957903999999985
21
-73.3247739999999908
0
LINE
8
BLACK
6
CONTINUOUS
10
177.957903999999985
20
-73.3247739999999908
11
177.9287139999999852
21
-73.3268489999999957
0
LINE
8
BLACK
6
CONTINUOUS
10
177.9287139999999852
20
-73.3268489999999957
11
177.9143770000000018
21
-73.3235889999999984
0
LINE
8
BLACK
6
CONTINUOUS
10
177.9143770000000018
20
-73.3235889999999984
11
177.7830679999999859
21
-73.2798190000000034
0
LINE
8
BLACK
6
CONTINUOUS
10
177.7830679999999859
20
-73.2798190000000034
11
177.5748480000000029
21
-73.2798190000000034
0
LINE
8
BLACK
6
CONTINUOUS
10
177.5748480000000029
20
-73.2798190000000034
11
177.5063319999999862
21
-73.3140769999999975
0
LINE
8
BLACK
6
CONTINUOUS
10
177.5063319999999862
20
-73.3140769999999975
11
177.4759249999999895
21
-73.3444839999999942
0
LINE
8
BLACK
6
CONTINUOUS
10
177.4759249999999895
20
-73.3444839999999942
11
177.4416669999999954
21
-73.4129999999999967
0
LINE
8
BLACK
6
CONTINUOUS
10
177.4416669999999954
20
-73.4129999999999967
11
177.4416669999999954
21
-73.4728279999999927
0
LINE
8
BLACK
6
CONTINUOUS
10
177.4416669999999954
20
-73.4728279999999927
11
177.4759249999999895
21
-73.5413439999999952
0
LINE
8
BLACK
6
CONTINUOUS
10
177.4759249999999895
20
-73.5413439999999952
11
177.5063319999999862
21
-73.5717509999999919
0
LINE
8
BLACK
6
CONTINUOUS
10
177.5063319999999862
20
-73.5717509999999919
11
177.5833189999999888
21
-73.6102439999999945
0
LINE
8
BLACK
6
CONTINUOUS
10
177.5833189999999888
20
-73.6102439999999945
11
177.7658089999999902
21
-73.6558670000000006
0
LINE
8
BLACK
6
CONTINUOUS
10
177.7658089999999902
20
-73.6558670000000006
11
177.7668879999999945
21
-73.656251999999995
0
LINE
8
BLACK
6
CONTINUOUS
10
177.7668879999999945
20
-73.656251999999995
11
177.7674279999999953
21
-73.656290999999996
0
LINE
8
BLACK
6
CONTINUOUS
10
177.7674279999999953
20
-73.656290999999996
11
177.77350899999999
21
-73.6586179999999899
0
LINE
8
BLACK
6
CONTINUOUS
10
177.77350899999999
20
-73.6586179999999899
11
177.7796549999999911
21
-73.660814000000002
0
LINE
8
BLACK
6
CONTINUOUS
10
177.7796549999999911
20
-73.660814000000002
11
177.7800900000000013
21
-73.6611359999999991
0
LINE
8
BLACK
6
CONTINUOUS
10
177.7800900000000013
20
-73.6611359999999991
11
177.7811599999999999
21
-73.6615460000000013
0
LINE
8
BLACK
6
CONTINUOUS
10
177.7811599999999999
20
-73.6615460000000013
11
177.8763979999999947
21
-73.7091649999999987
0
LINE
8
BLACK
6
CONTINUOUS
10
177.8763979999999947
20
-73.7091649999999987
11
177.882696999999979
21
-73.713128999999995
0
LINE
8
BLACK
6
CONTINUOUS
10
177.882696999999979
20
-73.713128999999995
11
177.8845249999999965
21
-73.7138869999999997
0
LINE
8
BLACK
6
CONTINUOUS
10
177.8845249999999965
20
-73.7138869999999997
11
177.8865809999999783
21
-73.7155750000000012
0
LINE
8
BLACK
6
CONTINUOUS
10
177.8865809999999783
20
-73.7155750000000012
11
177.8888409999999851
21
-73.7169969999999921
0
LINE
8
BLACK
6
CONTINUOUS
10
177.8888409999999851
20
-73.7169969999999921
11
177.8901400000000024
21
-73.7184949999999901
0
LINE
8
BLACK
6
CONTINUOUS
10
177.8901400000000024
20
-73.7184949999999901
11
177.8958899999999801
21
-73.7232139999999987
0
LINE
8
BLACK
6
CONTINUOUS
10
177.8958899999999801
20
-73.7232139999999987
11
177.9435090000000059
21
-73.7708329999999961
0
LINE
8
BLACK
6
CONTINUOUS
10
177.9435090000000059
20
-73.7708329999999961
11
177.9482270000000028
21
-73.7765819999999906
0
LINE
8
BLACK
6
CONTINUOUS
10
177.9482270000000028
20
-73.7765819999999906
11
177.9497259999999983
21
-73.7778819999999911
0
LINE
8
BLACK
6
CONTINUOUS
10
177.9497259999999983
20
-73.7778819999999911
11
177.9511469999999917
21
-73.7801410000000004
0
LINE
8
BLACK
6
CONTINUOUS
10
177.9511469999999917
20
-73.7801410000000004
11
177.9528359999999907
21
-73.782197999999994
0
LINE
8
BLACK
6
CONTINUOUS
10
177.9528359999999907
20
-73.782197999999994
11
177.9535929999999837
21
-73.7840249999999997
0
LINE
8
BLACK
6
CONTINUOUS
10
177.9535929999999837
20
-73.7840249999999997
11
177.9575580000000059
21
-73.7903249999999957
0
LINE
8
BLACK
6
CONTINUOUS
10
177.9575580000000059
20
-73.7903249999999957
11
178.0051770000000033
21
-73.8855629999999906
0
LINE
8
BLACK
6
CONTINUOUS
10
178.0051770000000033
20
-73.8855629999999906
11
178.0104319999999802
21
-73.8992939999999976
0
LINE
8
BLACK
6
CONTINUOUS
10
178.0104319999999802
20
-73.8992939999999976
11
178.0106229999999812
21
-73.9019830000000013
0
LINE
8
BLACK
6
CONTINUOUS
10
178.0106229999999812
20
-73.9019830000000013
11
178.0116539999999929
21
-73.9044719999999984
0
LINE
8
BLACK
6
CONTINUOUS
10
178.0116539999999929
20
-73.9044719999999984
11
178.0130949999999928
21
-73.9191039999999902
0
LINE
8
BLACK
6
CONTINUOUS
10
178.0130949999999928
20
-73.9191039999999902
11
178.0130949999999928
21
-74.0143419999999992
0
LINE
8
BLACK
6
CONTINUOUS
10
178.0130949999999928
20
-74.0143419999999992
11
178.0116539999999929
21
-74.028973999999991
0
LINE
8
BLACK
6
CONTINUOUS
10
178.0116539999999929
20
-74.028973999999991
11
178.0106229999999812
21
-74.0314619999999906
0
LINE
8
BLACK
6
CONTINUOUS
10
178.0106229999999812
20
-74.0314619999999906
11
178.0104319999999802
21
-74.0341519999999917
0
LINE
8
BLACK
6
CONTINUOUS
10
178.0104319999999802
20
-74.0341519999999917
11
178.0051770000000033
21
-74.0478829999999988
0
LINE
8
BLACK
6
CONTINUOUS
10
178.0051770000000033
20
-74.0478829999999988
11
177.9575580000000059
21
-74.1431209999999936
0
LINE
8
BLACK
6
CONTINUOUS
10
177.9575580000000059
20
-74.1431209999999936
11
177.9535939999999812
21
-74.1494169999999997
0
LINE
8
BLACK
6
CONTINUOUS
10
177.9535939999999812
20
-74.1494169999999997
11
177.9528369999999882
21
-74.1512469999999979
0
LINE
8
BLACK
6
CONTINUOUS
10
177.9528369999999882
20
-74.1512469999999979
11
177.9511469999999917
21
-74.1533050000000031
0
LINE
8
BLACK
6
CONTINUOUS
10
177.9511469999999917
20
-74.1533050000000031
11
177.9497259999999983
21
-74.1555639999999983
0
LINE
8
BLACK
6
CONTINUOUS
10
177.9497259999999983
20
-74.1555639999999983
11
177.9482270000000028
21
-74.1568630000000013
0
LINE
8
BLACK
6
CONTINUOUS
10
177.9482270000000028
20
-74.1568630000000013
11
177.9435090000000059
21
-74.1626129999999932
0
LINE
8
BLACK
6
CONTINUOUS
10
177.9435090000000059
20
-74.1626129999999932
11
177.895891000000006
21
-74.2102319999999906
0
LINE
8
BLACK
6
CONTINUOUS
10
177.895891000000006
20
-74.2102319999999906
11
177.8901409999999998
21
-74.2149500000000018
0
LINE
8
BLACK
6
CONTINUOUS
10
177.8901409999999998
20
-74.2149500000000018
11
177.8888409999999851
21
-74.2164499999999947
0
LINE
8
BLACK
6
CONTINUOUS
10
177.8888409999999851
20
-74.2164499999999947
11
177.8865809999999783
21
-74.2178719999999998
0
LINE
8
BLACK
6
CONTINUOUS
10
177.8865809999999783
20
-74.2178719999999998
11
177.8845249999999965
21
-74.2195600000000013
0
LINE
8
BLACK
6
CONTINUOUS
10
177.8845249999999965
20
-74.2195600000000013
11
177.882696999999979
21
-74.2203169999999943
0
LINE
8
BLACK
6
CONTINUOUS
10
177.882696999999979
20
-74.2203169999999943
11
177.8763979999999947
21
-74.2242820000000023
0
LINE
8
BLACK
6
CONTINUOUS
10
177.8763979999999947
20
-74.2242820000000023
11
177.7811599999999999
21
-74.2719009999999997
0
LINE
8
BLACK
6
CONTINUOUS
10
177.7811599999999999
20
-74.2719009999999997
11
177.7674279999999953
21
-74.2771559999999909
0
LINE
8
BLACK
6
CONTINUOUS
10
177.7674279999999953
20
-74.2771559999999909
11
177.7647399999999891
21
-74.2773459999999943
0
LINE
8
BLACK
6
CONTINUOUS
10
177.7647399999999891
20
-74.2773459999999943
11
177.762250999999992
21
-74.2783780000000036
0
LINE
8
BLACK
6
CONTINUOUS
10
177.762250999999992
20
-74.2783780000000036
11
177.747618999999986
21
-74.2798190000000034
0
LINE
8
BLACK
6
CONTINUOUS
10
177.747618999999986
20
-74.2798190000000034
11
177.509523999999999
21
-74.2798190000000034
0
LINE
8
BLACK
6
CONTINUOUS
10
177.509523999999999
20
-74.2798190000000034
11
177.5021169999999984
21
-74.279088999999999
0
LINE
8
BLACK
6
CONTINUOUS
10
177.5021169999999984
20
-74.279088999999999
11
177.50014299999998
21
-74.2792299999999983
0
LINE
8
BLACK
6
CONTINUOUS
10
177.50014299999998
20
-74.2792299999999983
11
177.4975450000000023
21
-74.2786389999999983
0
LINE
8
BLACK
6
CONTINUOUS
10
177.4975450000000023
20
-74.2786389999999983
11
177.494891999999993
21
-74.2783780000000036
0
LINE
8
BLACK
6
CONTINUOUS
10
177.494891999999993
20
-74.2783780000000036
11
177.4930609999999831
21
-74.2776190000000014
0
LINE
8
BLACK
6
CONTINUOUS
10
177.4930609999999831
20
-74.2776190000000014
11
177.4858059999999966
21
-74.2759700000000009
0
LINE
8
BLACK
6
CONTINUOUS
10
177.4858059999999966
20
-74.2759700000000009
11
177.3429500000000019
21
-74.2283510000000035
0
LINE
8
BLACK
6
CONTINUOUS
10
177.3429500000000019
20
-74.2283510000000035
11
177.3295239999999922
21
-74.2223570000000024
0
LINE
8
BLACK
6
CONTINUOUS
10
177.3295239999999922
20
-74.2223570000000024
11
177.3074169999999867
21
-74.2031829999999957
0
LINE
8
BLACK
6
CONTINUOUS
10
177.3074169999999867
20
-74.2031829999999957
11
177.2943309999999997
21
-74.1770099999999957
0
LINE
8
BLACK
6
CONTINUOUS
10
177.2943309999999997
20
-74.1770099999999957
11
177.2922559999999805
21
-74.1478199999999958
0
LINE
8
BLACK
6
CONTINUOUS
10
177.2922559999999805
20
-74.1478199999999958
11
177.3015099999999791
21
-74.1200570000000027
0
LINE
8
BLACK
6
CONTINUOUS
10
177.3015099999999791
20
-74.1200570000000027
11
177.320684
21
-74.0979499999999973
0
LINE
8
BLACK
6
CONTINUOUS
10
177.320684
20
-74.0979499999999973
11
177.346857
21
-74.0848639999999961
0
LINE
8
BLACK
6
CONTINUOUS
10
177.346857
20
-74.0848639999999961
11
177.3760469999999998
21
-74.0827889999999911
0
LINE
8
BLACK
6
CONTINUOUS
10
177.3760469999999998
20
-74.0827889999999911
11
177.3903839999999832
21
-74.0860490000000027
0
LINE
8
BLACK
6
CONTINUOUS
10
177.3903839999999832
20
-74.0860490000000027
11
177.5216939999999965
21
-74.1298189999999977
0
LINE
8
BLACK
6
CONTINUOUS
10
177.5216939999999965
20
-74.1298189999999977
11
177.7299139999999795
21
-74.1298189999999977
0
LINE
8
BLACK
6
CONTINUOUS
10
177.7299139999999795
20
-74.1298189999999977
11
177.7984289999999987
21
-74.0955610000000036
0
LINE
8
BLACK
6
CONTINUOUS
10
177.7984289999999987
20
-74.0955610000000036
11
177.8288359999999955
21
-74.0651529999999951
0
LINE
8
BLACK
6
CONTINUOUS
10
177.8288359999999955
20
-74.0651529999999951
11
177.8630949999999871
21
-73.9966369999999927
0
LINE
8
BLACK
6
CONTINUOUS
10
177.8630949999999871
20
-73.9966369999999927
11
177.8630949999999871
21
-73.9368089999999967
0
LINE
8
BLACK
6
CONTINUOUS
10
177.8630949999999871
20
-73.9368089999999967
11
177.8288369999999929
21
-73.8682929999999942
0
LINE
8
BLACK
6
CONTINUOUS
10
177.8288369999999929
20
-73.8682929999999942
11
177.7984299999999962
21
-73.8378859999999975
0
LINE
8
BLACK
6
CONTINUOUS
10
177.7984299999999962
20
-73.8378859999999975
11
177.7214429999999936
21
-73.7993919999999974
0
LINE
8
BLACK
6
CONTINUOUS
10
177.7214429999999936
20
-73.7993919999999974
11
177.5389529999999922
21
-73.7537700000000029
0
LINE
8
BLACK
6
CONTINUOUS
10
177.5389529999999922
20
-73.7537700000000029
11
177.5378729999999905
21
-73.7533839999999969
0
LINE
8
BLACK
6
CONTINUOUS
10
177.5378729999999905
20
-73.7533839999999969
11
177.5373329999999896
21
-73.7533459999999934
0
LINE
8
BLACK
6
CONTINUOUS
10
177.5373329999999896
20
-73.7533459999999934
11
177.5312429999999893
21
-73.7510149999999953
0
LINE
8
BLACK
6
CONTINUOUS
10
177.5312429999999893
20
-73.7510149999999953
11
177.5251069999999913
21
-73.7488230000000016
0
LINE
8
BLACK
6
CONTINUOUS
10
177.5251069999999913
20
-73.7488230000000016
11
177.5246709999999837
21
-73.7484999999999928
0
LINE
8
BLACK
6
CONTINUOUS
10
177.5246709999999837
20
-73.7484999999999928
11
177.5236019999999826
21
-73.7480910000000023
0
LINE
8
BLACK
6
CONTINUOUS
10
177.5236019999999826
20
-73.7480910000000023
11
177.4283639999999878
21
-73.7004719999999907
0
LINE
8
BLACK
6
CONTINUOUS
10
177.4283639999999878
20
-73.7004719999999907
11
177.422064000000006
21
-73.6965069999999969
0
LINE
8
BLACK
6
CONTINUOUS
10
177.422064000000006
20
-73.6965069999999969
11
177.420236999999986
21
-73.6957499999999897
0
LINE
8
BLACK
6
CONTINUOUS
10
177.420236999999986
20
-73.6957499999999897
11
177.4181799999999782
21
-73.6940609999999907
0
LINE
8
BLACK
6
CONTINUOUS
10
177.4181799999999782
20
-73.6940609999999907
11
177.4159209999999973
21
-73.6926399999999973
0
LINE
8
BLACK
6
CONTINUOUS
10
177.4159209999999973
20
-73.6926399999999973
11
177.4146209999999826
21
-73.6911410000000018
0
LINE
8
BLACK
6
CONTINUOUS
10
177.4146209999999826
20
-73.6911410000000018
11
177.4088720000000023
21
-73.6864229999999907
0
LINE
8
BLACK
6
CONTINUOUS
10
177.4088720000000023
20
-73.6864229999999907
11
177.3612530000000049
21
-73.6388039999999933
0
LINE
8
BLACK
6
CONTINUOUS
10
177.3612530000000049
20
-73.6388039999999933
11
177.3565339999999821
21
-73.6330540000000013
0
LINE
8
BLACK
6
CONTINUOUS
10
177.3565339999999821
20
-73.6330540000000013
11
177.3550359999999841
21
-73.6317549999999983
0
LINE
8
BLACK
6
CONTINUOUS
10
177.3550359999999841
20
-73.6317549999999983
11
177.3536139999999932
21
-73.6294949999999915
0
LINE
8
BLACK
6
CONTINUOUS
10
177.3536139999999932
20
-73.6294949999999915
11
177.3519259999999917
21
-73.6274389999999954
0
LINE
8
BLACK
6
CONTINUOUS
10
177.3519259999999917
20
-73.6274389999999954
11
177.3511680000000013
21
-73.6256109999999921
0
LINE
8
BLACK
6
CONTINUOUS
10
177.3511680000000013
20
-73.6256109999999921
11
177.347204000000005
21
-73.6193119999999936
0
LINE
8
BLACK
6
CONTINUOUS
10
177.347204000000005
20
-73.6193119999999936
11
177.2995849999999791
21
-73.5240739999999988
0
LINE
8
BLACK
6
CONTINUOUS
10
177.2995849999999791
20
-73.5240739999999988
11
177.2943300000000022
21
-73.5103419999999943
0
LINE
8
BLACK
6
CONTINUOUS
10
177.2943300000000022
20
-73.5103419999999943
11
177.2941390000000013
21
-73.5076540000000023
0
LINE
8
BLACK
6
CONTINUOUS
10
177.2941390000000013
20
-73.5076540000000023
11
177.2931079999999895
21
-73.505164999999991
0
LINE
8
BLACK
6
CONTINUOUS
10
177.2931079999999895
20
-73.505164999999991
11
177.2916669999999897
21
-73.4905329999999992
0
LINE
8
BLACK
6
CONTINUOUS
10
177.2916669999999897
20
-73.4905329999999992
11
177.2916669999999897
21
-73.3952949999999902
0
LINE
8
BLACK
6
CONTINUOUS
10
177.2916669999999897
20
-73.3952949999999902
11
177.2931079999999895
21
-73.3806629999999984
0
LINE
8
BLACK
6
CONTINUOUS
10
177.2931079999999895
20
-73.3806629999999984
11
177.2941390000000013
21
-73.3781729999999897
0
LINE
8
BLACK
6
CONTINUOUS
10
177.2941390000000013
20
-73.3781729999999897
11
177.2943300000000022
21
-73.3754859999999951
0
LINE
8
BLACK
6
CONTINUOUS
10
177.2943300000000022
20
-73.3754859999999951
11
177.2995849999999791
21
-73.3617539999999906
0
LINE
8
BLACK
6
CONTINUOUS
10
177.2995849999999791
20
-73.3617539999999906
11
177.347204000000005
21
-73.2665159999999958
0
LINE
8
BLACK
6
CONTINUOUS
10
177.347204000000005
20
-73.2665159999999958
11
177.3511680000000013
21
-73.2602159999999998
0
LINE
8
BLACK
6
CONTINUOUS
10
177.3511680000000013
20
-73.2602159999999998
11
177.3519259999999917
21
-73.258388999999994
0
LINE
8
BLACK
6
CONTINUOUS
10
177.3519259999999917
20
-73.258388999999994
11
177.3536139999999932
21
-73.2563320000000004
0
LINE
8
BLACK
6
CONTINUOUS
10
177.3536139999999932
20
-73.2563320000000004
11
177.3550359999999841
21
-73.2540729999999911
0
LINE
8
BLACK
6
CONTINUOUS
10
177.3550359999999841
20
-73.2540729999999911
11
177.3565339999999821
21
-73.2527729999999906
0
LINE
8
BLACK
6
CONTINUOUS
10
177.3565339999999821
20
-73.2527729999999906
11
177.3612530000000049
21
-73.2470239999999961
0
LINE
8
BLACK
6
CONTINUOUS
10
177.3612530000000049
20
-73.2470239999999961
11
177.4088720000000023
21
-73.1994049999999987
0
LINE
8
BLACK
6
CONTINUOUS
10
177.4088720000000023
20
-73.1994049999999987
11
177.4146209999999826
21
-73.1946859999999901
0
LINE
8
BLACK
6
CONTINUOUS
10
177.4146209999999826
20
-73.1946859999999901
11
177.4159209999999973
21
-73.1931879999999921
0
LINE
8
BLACK
6
CONTINUOUS
10
177.4159209999999973
20
-73.1931879999999921
11
177.4181799999999782
21
-73.1917660000000012
0
LINE
8
BLACK
6
CONTINUOUS
10
177.4181799999999782
20
-73.1917660000000012
11
177.420236999999986
21
-73.1900779999999997
0
LINE
8
BLACK
6
CONTINUOUS
10
177.420236999999986
20
-73.1900779999999997
11
177.422064000000006
21
-73.189319999999995
0
LINE
8
BLACK
6
CONTINUOUS
10
177.422064000000006
20
-73.189319999999995
11
177.4283639999999878
21
-73.1853559999999987
0
LINE
8
BLACK
6
CONTINUOUS
10
177.4283639999999878
20
-73.1853559999999987
11
177.5236019999999826
21
-73.1377370000000013
0
LINE
8
BLACK
6
CONTINUOUS
10
177.5236019999999826
20
-73.1377370000000013
11
177.5373329999999896
21
-73.132481999999996
0
LINE
8
BLACK
6
CONTINUOUS
10
177.5373329999999896
20
-73.132481999999996
11
177.5400219999999933
21
-73.1322899999999976
0
LINE
8
BLACK
6
CONTINUOUS
10
177.5400219999999933
20
-73.1322899999999976
11
177.5425109999999904
21
-73.1312599999999975
0
LINE
8
BLACK
6
CONTINUOUS
10
177.5425109999999904
20
-73.1312599999999975
11
177.5571429999999964
21
-73.1298189999999977
0
LINE
8
BLACK
6
CONTINUOUS
10
177.5571429999999964
20
-73.1298189999999977
11
177.7952379999999835
21
-73.1298189999999977
0
LINE
8
BLACK
6
CONTINUOUS
10
177.7952379999999835
20
-73.1298189999999977
11
177.8026429999999891
21
-73.1305479999999903
0
LINE
8
BLACK
6
CONTINUOUS
10
179.8098699999999894
20
-73.1312599999999975
11
179.8123589999999865
21
-73.1322909999999951
0
LINE
8
BLACK
6
CONTINUOUS
10
179.8123589999999865
20
-73.1322909999999951
11
179.8150469999999927
21
-73.132481999999996
0
LINE
8
BLACK
6
CONTINUOUS
10
179.8150469999999927
20
-73.132481999999996
11
179.8287789999999973
21
-73.1377370000000013
0
LINE
8
BLACK
6
CONTINUOUS
10
179.8287789999999973
20
-73.1377370000000013
11
179.9240169999999921
21
-73.1853559999999987
0
LINE
8
BLACK
6
CONTINUOUS
10
179.9240169999999921
20
-73.1853559999999987
11
179.9303160000000048
21
-73.189319999999995
0
LINE
8
BLACK
6
CONTINUOUS
10
179.9303160000000048
20
-73.189319999999995
11
179.9321439999999939
21
-73.1900779999999997
0
LINE
8
BLACK
6
CONTINUOUS
10
179.9321439999999939
20
-73.1900779999999997
11
179.9342000000000041
21
-73.1917660000000012
0
LINE
8
BLACK
6
CONTINUOUS
10
179.9342000000000041
20
-73.1917660000000012
11
179.9364599999999825
21
-73.1931879999999921
0
LINE
8
BLACK
6
CONTINUOUS
10
179.9364599999999825
20
-73.1931879999999921
11
179.9377589999999998
21
-73.1946859999999901
0
LINE
8
BLACK
6
CONTINUOUS
10
179.9377589999999998
20
-73.1946859999999901
11
179.9435090000000059
21
-73.1994049999999987
0
LINE
8
BLACK
6
CONTINUOUS
10
179.9435090000000059
20
-73.1994049999999987
11
179.9911280000000033
21
-73.2470239999999961
0
LINE
8
BLACK
6
CONTINUOUS
10
179.9911280000000033
20
-73.2470239999999961
11
179.9958460000000002
21
-73.2527729999999906
0
LINE
8
BLACK
6
CONTINUOUS
10
179.9958460000000002
20
-73.2527729999999906
11
179.9973449999999957
21
-73.2540729999999911
0
LINE
8
BLACK
6
CONTINUOUS
10
179.9973449999999957
20
-73.2540729999999911
11
179.9987659999999892
21
-73.2563320000000004
0
LINE
8
BLACK
6
CONTINUOUS
10
179.9987659999999892
20
-73.2563320000000004
11
180.0004549999999881
21
-73.258388999999994
0
LINE
8
BLACK
6
CONTINUOUS
10
180.0004549999999881
20
-73.258388999999994
11
180.0012119999999811
21
-73.2602159999999998
0
LINE
8
BLACK
6
CONTINUOUS
10
180.0012119999999811
20
-73.2602159999999998
11
180.0051770000000033
21
-73.2665159999999958
0
LINE
8
BLACK
6
CONTINUOUS
10
180.0051770000000033
20
-73.2665159999999958
11
180.0527960000000007
21
-73.3617539999999906
0
LINE
8
BLACK
6
CONTINUOUS
10
180.0527960000000007
20
-73.3617539999999906
11
180.0532049999999913
21
-73.3628229999999917
0
LINE
8
BLACK
6
CONTINUOUS
10
180.0532049999999913
20
-73.3628229999999917
11
180.053528
21
-73.3632589999999993
0
LINE
8
BLACK
6
CONTINUOUS
10
180.053528
20
-73.3632589999999993
11
180.0557199999999796
21
-73.3693949999999973
0
LINE
8
BLACK
6
CONTINUOUS
10
180.0557199999999796
20
-73.3693949999999973
11
180.0580509999999776
21
-73.3754849999999976
0
LINE
8
BLACK
6
CONTINUOUS
10
180.0580509999999776
20
-73.3754849999999976
11
180.0580889999999954
21
-73.3760249999999985
0
LINE
8
BLACK
6
CONTINUOUS
10
180.0580889999999954
20
-73.3760249999999985
11
180.0584749999999872
21
-73.3771050000000002
0
LINE
8
BLACK
6
CONTINUOUS
10
180.0584749999999872
20
-73.3771050000000002
11
180.1060939999999846
21
-73.5675809999999899
0
LINE
8
BLACK
6
CONTINUOUS
10
180.1060939999999846
20
-73.5675809999999899
11
180.1064690000000041
21
-73.5701169999999962
0
LINE
8
BLACK
6
CONTINUOUS
10
180.1064690000000041
20
-73.5701169999999962
11
180.1068919999999878
21
-73.5711390000000023
0
LINE
8
BLACK
6
CONTINUOUS
10
180.1068919999999878
20
-73.5711390000000023
11
180.1074339999999836
21
-73.5766509999999982
0
LINE
8
BLACK
6
CONTINUOUS
10
180.1074339999999836
20
-73.5766509999999982
11
180.1082439999999849
21
-73.5821249999999907
0
LINE
8
BLACK
6
CONTINUOUS
10
180.1082439999999849
20
-73.5821249999999907
11
180.1080809999999985
21
-73.5832169999999905
0
LINE
8
BLACK
6
CONTINUOUS
10
180.1080809999999985
20
-73.5832169999999905
11
180.1083329999999876
21
-73.585770999999994
0
LINE
8
BLACK
6
CONTINUOUS
10
180.1083329999999876
20
-73.585770999999994
11
180.1083329999999876
21
-73.8238659999999953
0
LINE
8
BLACK
6
CONTINUOUS
10
180.1083329999999876
20
-73.8238659999999953
11
180.1080809999999985
21
-73.8264190000000013
0
LINE
8
BLACK
6
CONTINUOUS
10
180.1080809999999985
20
-73.8264190000000013
11
180.1082439999999849
21
-73.8275119999999987
0
LINE
8
BLACK
6
CONTINUOUS
10
180.1082439999999849
20
-73.8275119999999987
11
180.1074339999999836
21
-73.8329849999999936
0
LINE
8
BLACK
6
CONTINUOUS
10
180.1074339999999836
20
-73.8329849999999936
11
180.1068919999999878
21
-73.8384980000000013
0
LINE
8
BLACK
6
CONTINUOUS
10
180.1068919999999878
20
-73.8384980000000013
11
180.1064690000000041
21
-73.8395189999999957
0
LINE
8
BLACK
6
CONTINUOUS
10
180.1064690000000041
20
-73.8395189999999957
11
180.1060939999999846
21
-73.8420559999999995
0
LINE
8
BLACK
6
CONTINUOUS
10
180.1060939999999846
20
-73.8420559999999995
11
180.0584749999999872
21
-74.0325320000000033
0
LINE
8
BLACK
6
CONTINUOUS
10
180.0584749999999872
20
-74.0325320000000033
11
180.0580889999999954
21
-74.0336109999999934
0
LINE
8
BLACK
6
CONTINUOUS
10
180.0580889999999954
20
-74.0336109999999934
11
180.0580509999999776
21
-74.0341519999999917
0
LINE
8
BLACK
6
CONTINUOUS
10
180.0580509999999776
20
-74.0341519999999917
11
180.0557199999999796
21
-74.0402409999999946
0
LINE
8
BLACK
6
CONTINUOUS
10
180.0557199999999796
20
-74.0402409999999946
11
180.053528
21
-74.04637799999999
0
LINE
8
BLACK
6
CONTINUOUS
10
180.053528
20
-74.04637799999999
11
180.0532049999999913
21
-74.0468130000000002
0
LINE
8
BLACK
6
CONTINUOUS
10
180.0532049999999913
20
-74.0468130000000002
11
180.0527960000000007
21
-74.0478829999999988
0
LINE
8
BLACK
6
CONTINUOUS
10
180.0527960000000007
20
-74.0478829999999988
11
180.0051770000000033
21
-74.1431209999999936
0
LINE
8
BLACK
6
CONTINUOUS
10
180.0051770000000033
20
-74.1431209999999936
11
180.0012129999999786
21
-74.1494169999999997
0
LINE
8
BLACK
6
CONTINUOUS
10
180.0012129999999786
20
-74.1494169999999997
11
180.0004559999999856
21
-74.1512469999999979
0
LINE
8
BLACK
6
CONTINUOUS
10
180.0004559999999856
20
-74.1512469999999979
11
179.9987659999999892
21
-74.1533050000000031
0
LINE
8
BLACK
6
CONTINUOUS
10
179.9987659999999892
20
-74.1533050000000031
11
179.9973449999999957
21
-74.1555639999999983
0
LINE
8
BLACK
6
CONTINUOUS
10
179.9973449999999957
20
-74.1555639999999983
11
179.9958460000000002
21
-74.1568630000000013
0
LINE
8
BLACK
6
CONTINUOUS
10
179.9958460000000002
20
-74.1568630000000013
11
179.9911280000000033
21
-74.1626129999999932
0
LINE
8
BLACK
6
CONTINUOUS
10
179.9911280000000033
20
-74.1626129999999932
11
179.9435100000000034
21
-74.2102319999999906
0
LINE
8
BLACK
6
CONTINUOUS
10
179.9435100000000034
20
-74.2102319999999906
11
179.9377599999999973
21
-74.2149500000000018
0
LINE
8
BLACK
6
CONTINUOUS
10
179.9377599999999973
20
-74.2149500000000018
11
179.9364599999999825
21
-74.2164499999999947
0
LINE
8
BLACK
6
CONTINUOUS
10
179.9364599999999825
20
-74.2164499999999947
11
179.9342000000000041
21
-74.2178719999999998
0
LINE
8
BLACK
6
CONTINUOUS
10
179.9342000000000041
20
-74.2178719999999998
11
179.9321439999999939
21
-74.2195600000000013
0
LINE
8
BLACK
6
CONTINUOUS
10
179.9321439999999939
20
-74.2195600000000013
11
179.9303160000000048
21
-74.2203169999999943
0
LINE
8
BLACK
6
CONTINUOUS
10
179.9303160000000048
20
-74.2203169999999943
11
179.9240169999999921
21
-74.2242820000000023
0
LINE
8
BLACK
6
CONTINUOUS
10
179.9240169999999921
20
-74.2242820000000023
11
179.8287789999999973
21
-74.2719009999999997
0
LINE
8
BLACK
6
CONTINUOUS
10
179.8287789999999973
20
-74.2719009999999997
11
179.8150469999999927
21
-74.2771559999999909
0
LINE
8
BLACK
6
CONTINUOUS
10
179.8150469999999927
20
-74.2771559999999909
11
179.8123589999999865
21
-74.2773459999999943
0
LINE
8
BLACK
6
CONTINUOUS
10
179.8123589999999865
20
-74.2773459999999943
11
179.8098699999999894
21
-74.2783780000000036
0
LINE
8
BLACK
6
CONTINUOUS
10
179.8098699999999894
20
-74.2783780000000036
11
179.7952379999999835
21
-74.2798190000000034
0
LINE
8
BLACK
6
CONTINUOUS
10
179.7952379999999835
20
-74.2798190000000034
11
179.6999999999999886
21
-74.2798190000000034
0
LINE
8
BLACK
6
CONTINUOUS
10
179.6999999999999886
20
-74.2798190000000034
11
179.6853679999999827
21
-74.2783780000000036
0
LINE
8
BLACK
6
CONTINUOUS
10
179.6853679999999827
20
-74.2783780000000036
11
179.6828789999999856
21
-74.2773469999999918
0
LINE
8
BLACK
6
CONTINUOUS
10
179.6828789999999856
20
-74.2773469999999918
11
179.6801899999999819
21
-74.2771559999999909
0
LINE
8
BLACK
6
CONTINUOUS
10
179.6801899999999819
20
-74.2771559999999909
11
179.6664590000000032
21
-74.2719009999999997
0
LINE
8
BLACK
6
CONTINUOUS
10
179.6664590000000032
20
-74.2719009999999997
11
179.57122099999998
21
-74.2242820000000023
0
LINE
8
BLACK
6
CONTINUOUS
10
179.57122099999998
20
-74.2242820000000023
11
179.5649209999999982
21
-74.2203169999999943
0
LINE
8
BLACK
6
CONTINUOUS
10
179.5649209999999982
20
-74.2203169999999943
11
179.5630939999999782
21
-74.2195600000000013
0
LINE
8
BLACK
6
CONTINUOUS
10
179.5630939999999782
20
-74.2195600000000013
11
179.5610369999999989
21
-74.2178719999999998
0
LINE
8
BLACK
6
CONTINUOUS
10
179.5610369999999989
20
-74.2178719999999998
11
179.5587779999999896
21
-74.2164499999999947
0
LINE
8
BLACK
6
CONTINUOUS
10
179.5587779999999896
20
-74.2164499999999947
11
179.5574770000000058
21
-74.2149500000000018
0
LINE
8
BLACK
6
CONTINUOUS
10
179.5574770000000058
20
-74.2149500000000018
11
179.5517279999999971
21
-74.2102319999999906
0
LINE
8
BLACK
6
CONTINUOUS
10
179.5517279999999971
20
-74.2102319999999906
11
179.5041089999999997
21
-74.1626119999999958
0
LINE
8
BLACK
6
CONTINUOUS
10
179.5041089999999997
20
-74.1626119999999958
11
179.4993910000000028
21
-74.1568630000000013
0
LINE
8
BLACK
6
CONTINUOUS
10
179.4993910000000028
20
-74.1568630000000013
11
179.4978930000000048
21
-74.1555639999999983
0
LINE
8
BLACK
6
CONTINUOUS
10
179.4978930000000048
20
-74.1555639999999983
11
179.4964709999999855
21
-74.1533050000000031
0
LINE
8
BLACK
6
CONTINUOUS
10
179.4964709999999855
20
-74.1533050000000031
11
179.4947819999999865
21
-74.1512469999999979
0
LINE
8
BLACK
6
CONTINUOUS
10
179.4947819999999865
20
-74.1512469999999979
11
179.494023999999996
21
-74.1494169999999997
0
LINE
8
BLACK
6
CONTINUOUS
10
179.494023999999996
20
-74.1494169999999997
11
179.4900609999999972
21
-74.1431209999999936
0
LINE
8
BLACK
6
CONTINUOUS
10
179.4900609999999972
20
-74.1431209999999936
11
179.4424419999999998
21
-74.0478829999999988
0
LINE
8
BLACK
6
CONTINUOUS
10
179.4424419999999998
20
-74.0478829999999988
11
179.4420319999999833
21
-74.0468130000000002
0
LINE
8
BLACK
6
CONTINUOUS
10
179.4420319999999833
20
-74.0468130000000002
11
179.4417100000000005
21
-74.04637799999999
0
LINE
8
BLACK
6
CONTINUOUS
10
179.4417100000000005
20
-74.04637799999999
11
179.4395140000000026
21
-74.0402320000000032
0
LINE
8
BLACK
6
CONTINUOUS
10
179.4395140000000026
20
-74.0402320000000032
11
179.4371869999999944
21
-74.0341509999999943
0
LINE
8
BLACK
6
CONTINUOUS
10
179.4371869999999944
20
-74.0341509999999943
11
179.4371479999999792
21
-74.0336109999999934
0
LINE
8
BLACK
6
CONTINUOUS
10
179.4371479999999792
20
-74.0336109999999934
11
179.4367629999999849
21
-74.0325320000000033
0
LINE
8
BLACK
6
CONTINUOUS
10
179.4367629999999849
20
-74.0325320000000033
11
179.3891439999999875
21
-73.8420559999999995
0
LINE
8
BLACK
6
CONTINUOUS
10
179.3891439999999875
20
-73.8420559999999995
11
179.3887679999999989
21
-73.8395189999999957
0
LINE
8
BLACK
6
CONTINUOUS
10
179.3887679999999989
20
-73.8395189999999957
11
179.3883459999999843
21
-73.8384980000000013
0
LINE
8
BLACK
6
CONTINUOUS
10
179.3883459999999843
20
-73.8384980000000013
11
179.387802999999991
21
-73.8329849999999936
0
LINE
8
BLACK
6
CONTINUOUS
10
179.387802999999991
20
-73.8329849999999936
11
179.3869939999999872
21
-73.8275119999999987
0
LINE
8
BLACK
6
CONTINUOUS
10
179.3869939999999872
20
-73.8275119999999987
11
179.3871560000000045
21
-73.8264190000000013
0
LINE
8
BLACK
6
CONTINUOUS
10
179.3871560000000045
20
-73.8264190000000013
11
179.3869049999999845
21
-73.8238659999999953
0
LINE
8
BLACK
6
CONTINUOUS
10
179.3869049999999845
20
-73.8238659999999953
11
179.3869049999999845
21
-73.585770999999994
0
LINE
8
BLACK
6
CONTINUOUS
10
179.3869049999999845
20
-73.585770999999994
11
179.3871560000000045
21
-73.5832169999999905
0
LINE
8
BLACK
6
CONTINUOUS
10
179.3871560000000045
20
-73.5832169999999905
11
179.3869939999999872
21
-73.5821249999999907
0
LINE
8
BLACK
6
CONTINUOUS
10
179.3869939999999872
20
-73.5821249999999907
11
179.387802999999991
21
-73.5766509999999982
0
LINE
8
BLACK
6
CONTINUOUS
10
179.387802999999991
20
-73.5766509999999982
11
179.3883459999999843
21
-73.5711390000000023
0
LINE
8
BLACK
6
CONTINUOUS
10
179.3883459999999843
20
-73.5711390000000023
11
179.3887679999999989
21
-73.5701169999999962
0
LINE
8
BLACK
6
CONTINUOUS
10
179.3887679999999989
20
-73.5701169999999962
11
179.3891439999999875
21
-73.5675809999999899
0
LINE
8
BLACK
6
CONTINUOUS
10
179.3891439999999875
20
-73.5675809999999899
11
179.4367629999999849
21
-73.3771050000000002
0
LINE
8
BLACK
6
CONTINUOUS
10
179.4367629999999849
20
-73.3771050000000002
11
179.4371479999999792
21
-73.3760249999999985
0
LINE
8
BLACK
6
CONTINUOUS
10
179.4371479999999792
20
-73.3760249999999985
11
179.4371869999999944
21
-73.3754859999999951
0
LINE
8
BLACK
6
CONTINUOUS
10
179.4371869999999944
20
-73.3754859999999951
11
179.4395140000000026
21
-73.369404000000003
0
LINE
8
BLACK
6
CONTINUOUS
10
179.4395140000000026
20
-73.369404000000003
11
179.4417100000000005
21
-73.3632589999999993
0
LINE
8
BLACK
6
CONTINUOUS
10
179.4417100000000005
20
-73.3632589999999993
11
179.4420319999999833
21
-73.3628229999999917
0
LINE
8
BLACK
6
CONTINUOUS
10
179.4420319999999833
20
-73.3628229999999917
11
179.4424419999999998
21
-73.3617539999999906
0
LINE
8
BLACK
6
CONTINUOUS
10
179.4424419999999998
20
-73.3617539999999906
11
179.4900609999999972
21
-73.2665159999999958
0
LINE
8
BLACK
6
CONTINUOUS
10
179.4900609999999972
20
-73.2665159999999958
11
179.4940249999999935
21
-73.2602159999999998
0
LINE
8
BLACK
6
CONTINUOUS
10
179.4940249999999935
20
-73.2602159999999998
11
179.494782999999984
21
-73.258388999999994
0
LINE
8
BLACK
6
CONTINUOUS
10
179.494782999999984
20
-73.258388999999994
11
179.4964709999999855
21
-73.2563320000000004
0
LINE
8
BLACK
6
CONTINUOUS
10
179.4964709999999855
20
-73.2563320000000004
11
179.4978930000000048
21
-73.2540729999999911
0
LINE
8
BLACK
6
CONTINUOUS
10
179.4978930000000048
20
-73.2540729999999911
11
179.4993910000000028
21
-73.2527729999999906
0
LINE
8
BLACK
6
CONTINUOUS
10
179.4993910000000028
20
-73.2527729999999906
11
179.5041099999999972
21
-73.2470239999999961
0
LINE
8
BLACK
6
CONTINUOUS
10
179.5041099999999972
20
-73.2470239999999961
11
179.5517289999999946
21
-73.1994049999999987
0
LINE
8
BLACK
6
CONTINUOUS
10
179.5517289999999946
20
-73.1994049999999987
11
179.5574780000000032
21
-73.1946859999999901
0
LINE
8
BLACK
6
CONTINUOUS
10
179.5574780000000032
20
-73.1946859999999901
11
179.5587779999999896
21
-73.1931879999999921
0
LINE
8
BLACK
6
CONTINUOUS
10
179.5587779999999896
20
-73.1931879999999921
11
179.5610369999999989
21
-73.1917660000000012
0
LINE
8
BLACK
6
CONTINUOUS
10
179.5610369999999989
20
-73.1917660000000012
11
179.5630939999999782
21
-73.1900779999999997
0
LINE
8
BLACK
6
CONTINUOUS
10
179.5630939999999782
20
-73.1900779999999997
11
179.5649209999999982
21
-73.189319999999995
0
LINE
8
BLACK
6
CONTINUOUS
10
179.5649209999999982
20
-73.189319999999995
11
179.57122099999998
21
-73.1853559999999987
0
LINE
8
BLACK
6
CONTINUOUS
10
179.57122099999998
20
-73.1853559999999987
11
179.6664590000000032
21
-73.1377370000000013
0
LINE
8
BLACK
6
CONTINUOUS
10
179.6664590000000032
20
-73.1377370000000013
11
179.6801899999999819
21
-73.132481999999996
0
LINE
8
BLACK
6
CONTINUOUS
10
179.6801899999999819
20
-73.132481999999996
11
179.6828789999999856
21
-73.1322899999999976
0
LINE
8
BLACK
6
CONTINUOUS
10
179.6828789999999856
20
-73.1322899999999976
11
179.6853679999999827
21
-73.1312599999999975
0
LINE
8
BLACK
6
CONTINUOUS
10
179.6853679999999827
20
-73.1312599999999975
11
179.6999999999999886
21
-73.1298189999999977
0
LINE
8
BLACK
6
CONTINUOUS
10
179.6999999999999886
20
-73.1298189999999977
11
179.7952379999999835
21
-73.1298189999999977
0
LINE
8
BLACK
6
CONTINUOUS
10
179.7952379999999835
20
-73.1298189999999977
11
179.8098699999999894
21
-73.1312599999999975
0
LINE
8
BLACK
6
CONTINUOUS
10
179.6491889999999785
20
-73.3140769999999975
11
179.6187819999999817
21
-73.3444839999999942
0
LINE
8
BLACK
6
CONTINUOUS
10
179.6187819999999817
20
-73.3444839999999942
11
179.5802879999999959
21
-73.4214709999999968
0
LINE
8
BLACK
6
CONTINUOUS
10
179.5802879999999959
20
-73.4214709999999968
11
179.5369049999999902
21
-73.5950050000000005
0
LINE
8
BLACK
6
CONTINUOUS
10
179.5369049999999902
20
-73.5950050000000005
11
179.5369049999999902
21
-73.8146320000000031
0
LINE
8
BLACK
6
CONTINUOUS
10
179.5369049999999902
20
-73.8146320000000031
11
179.5802879999999959
21
-73.9881659999999926
0
LINE
8
BLACK
6
CONTINUOUS
10
179.5802879999999959
20
-73.9881659999999926
11
179.6187819999999817
21
-74.0651529999999951
0
LINE
8
BLACK
6
CONTINUOUS
10
179.6187819999999817
20
-74.0651529999999951
11
179.6491889999999785
21
-74.0955610000000036
0
LINE
8
BLACK
6
CONTINUOUS
10
179.6491889999999785
20
-74.0955610000000036
11
179.7177049999999952
21
-74.1298189999999977
0
LINE
8
BLACK
6
CONTINUOUS
10
179.7177049999999952
20
-74.1298189999999977
11
179.7775330000000054
21
-74.1298189999999977
0
LINE
8
BLACK
6
CONTINUOUS
10
179.7775330000000054
20
-74.1298189999999977
11
179.8460479999999961
21
-74.0955610000000036
0
LINE
8
BLACK
6
CONTINUOUS
10
179.8460479999999961
20
-74.0955610000000036
11
179.8764549999999929
21
-74.0651529999999951
0
LINE
8
BLACK
6
CONTINUOUS
10
179.8764549999999929
20
-74.0651529999999951
11
179.9149489999999787
21
-73.9881659999999926
0
LINE
8
BLACK
6
CONTINUOUS
10
179.9149489999999787
20
-73.9881659999999926
11
179.9583329999999819
21
-73.8146320000000031
0
LINE
8
BLACK
6
CONTINUOUS
10
179.9583329999999819
20
-73.8146320000000031
11
179.9583329999999819
21
-73.5950050000000005
0
LINE
8
BLACK
6
CONTINUOUS
10
179.9583329999999819
20
-73.5950050000000005
11
179.9149489999999787
21
-73.4214709999999968
0
LINE
8
BLACK
6
CONTINUOUS
10
179.9149489999999787
20
-73.4214709999999968
11
179.8764559999999904
21
-73.3444839999999942
0
LINE
8
BLACK
6
CONTINUOUS
10
179.8764559999999904
20
-73.3444839999999942
11
179.8460489999999936
21
-73.3140769999999975
0
LINE
8
BLACK
6
CONTINUOUS
10
179.8460489999999936
20
-73.3140769999999975
11
179.7775330000000054
21
-73.2798190000000034
0
LINE
8
BLACK
6
CONTINUOUS
10
179.7775330000000054
20
-73.2798190000000034
11
179.7177049999999952
21
-73.2798190000000034
0
LINE
8
BLACK
6
CONTINUOUS
10
179.7177049999999952
20
-73.2798190000000034
11
179.6491889999999785
21
-73.3140769999999975
0
LINE
8
BLACK
6
CONTINUOUS
10
179.1598439999999925
20
-73.136650000000003
11
179.1835509999999942
21
-73.153806000000003
0
LINE
8
BLACK
6
CONTINUOUS
10
179.1835509999999942
20
-73.153806000000003
11
179.1988869999999849
21
-73.1787279999999924
0
LINE
8
BLACK
6
CONTINUOUS
10
179.1988869999999849
20
-73.1787279999999924
11
179.2035199999999975
21
-73.2076229999999981
0
LINE
8
BLACK
6
CONTINUOUS
10
179.2035199999999975
20
-73.2076229999999981
11
179.2015319999999861
21
-73.2221909999999951
0
LINE
8
BLACK
6
CONTINUOUS
10
179.2015319999999861
20
-73.2221909999999951
11
178.9634360000000015
21
-74.2221909999999951
0
LINE
8
BLACK
6
CONTINUOUS
10
178.9634360000000015
20
-74.2221909999999951
11
178.9617059999999924
21
-74.227209000000002
0
LINE
8
BLACK
6
CONTINUOUS
10
178.9617059999999924
20
-74.227209000000002
11
178.961466999999999
21
-74.2290129999999948
0
LINE
8
BLACK
6
CONTINUOUS
10
178.961466999999999
20
-74.2290129999999948
11
178.9605229999999949
21
-74.2306420000000031
0
LINE
8
BLACK
6
CONTINUOUS
10
178.9605229999999949
20
-74.2306420000000031
11
178.9586459999999875
21
-74.2360910000000018
0
LINE
8
BLACK
6
CONTINUOUS
10
178.9586459999999875
20
-74.2360910000000018
11
178.9522599999999954
21
-74.2449139999999943
0
LINE
8
BLACK
6
CONTINUOUS
10
178.9522599999999954
20
-74.2449139999999943
11
178.9468049999999835
21
-74.2543369999999925
0
LINE
8
BLACK
6
CONTINUOUS
10
178.9468049999999835
20
-74.2543369999999925
11
178.9437470000000019
21
-74.2566769999999963
0
LINE
8
BLACK
6
CONTINUOUS
10
178.9437470000000019
20
-74.2566769999999963
11
178.94148899999999
21
-74.2597980000000035
0
LINE
8
BLACK
6
CONTINUOUS
10
178.94148899999999
20
-74.2597980000000035
11
178.9322169999999801
21
-74.2655029999999954
0
LINE
8
BLACK
6
CONTINUOUS
10
178.9322169999999801
20
-74.2655029999999954
11
178.9235669999999914
21
-74.2721250000000026
0
LINE
8
BLACK
6
CONTINUOUS
10
178.9235669999999914
20
-74.2721250000000026
11
178.919842999999986
21
-74.2731179999999966
0
LINE
8
BLACK
6
CONTINUOUS
10
178.919842999999986
20
-74.2731179999999966
11
178.9165669999999864
21
-74.2751339999999942
0
LINE
8
BLACK
6
CONTINUOUS
10
178.9165669999999864
20
-74.2751339999999942
11
178.905822999999998
21
-74.2768559999999951
0
LINE
8
BLACK
6
CONTINUOUS
10
178.905822999999998
20
-74.2768559999999951
11
178.8952919999999835
21
-74.2796649999999943
0
LINE
8
BLACK
6
CONTINUOUS
10
178.8952919999999835
20
-74.2796649999999943
11
178.8914729999999906
21
-74.2791569999999979
0
LINE
8
BLACK
6
CONTINUOUS
10
178.8914729999999906
20
-74.2791569999999979
11
178.8876719999999807
21
-74.2797669999999925
0
LINE
8
BLACK
6
CONTINUOUS
10
178.8876719999999807
20
-74.2797669999999925
11
178.8770759999999882
21
-74.277243999999996
0
LINE
8
BLACK
6
CONTINUOUS
10
178.8770759999999882
20
-74.277243999999996
11
178.8662829999999815
21
-74.2758099999999928
0
LINE
8
BLACK
6
CONTINUOUS
10
178.8662829999999815
20
-74.2758099999999928
11
178.8629509999999811
21
-74.2738810000000029
0
LINE
8
BLACK
6
CONTINUOUS
10
178.8629509999999811
20
-74.2738810000000029
11
178.8592040000000054
21
-74.2729889999999955
0
LINE
8
BLACK
6
CONTINUOUS
10
178.8592040000000054
20
-74.2729889999999955
11
178.8503790000000038
21
-74.2666019999999918
0
LINE
8
BLACK
6
CONTINUOUS
10
178.8503790000000038
20
-74.2666019999999918
11
178.8409580000000005
21
-74.2611479999999915
0
LINE
8
BLACK
6
CONTINUOUS
10
178.8409580000000005
20
-74.2611479999999915
11
178.8386169999999993
21
-74.2580899999999957
0
LINE
8
BLACK
6
CONTINUOUS
10
178.8386169999999993
20
-74.2580899999999957
11
178.8354970000000037
21
-74.2558319999999981
0
LINE
8
BLACK
6
CONTINUOUS
10
178.8354970000000037
20
-74.2558319999999981
11
178.8297910000000002
21
-74.2465589999999906
0
LINE
8
BLACK
6
CONTINUOUS
10
178.8297910000000002
20
-74.2465589999999906
11
178.8231710000000021
21
-74.2379109999999969
0
LINE
8
BLACK
6
CONTINUOUS
10
178.8231710000000021
20
-74.2379109999999969
11
178.8211450000000013
21
-74.2325089999999932
0
LINE
8
BLACK
6
CONTINUOUS
10
178.8211450000000013
20
-74.2325089999999932
11
178.8201609999999846
21
-74.2309099999999944
0
LINE
8
BLACK
6
CONTINUOUS
10
178.8201609999999846
20
-74.2309099999999944
11
178.8198730000000012
21
-74.2291189999999972
0
LINE
8
BLACK
6
CONTINUOUS
10
178.8198730000000012
20
-74.2291189999999972
11
178.8180079999999919
21
-74.2241439999999955
0
LINE
8
BLACK
6
CONTINUOUS
10
178.8180079999999919
20
-74.2241439999999955
11
178.6999989999999912
21
-73.781612999999993
0
LINE
8
BLACK
6
CONTINUOUS
10
178.6999989999999912
20
-73.781612999999993
11
178.5819919999999854
21
-74.2241439999999955
0
LINE
8
BLACK
6
CONTINUOUS
10
178.5819919999999854
20
-74.2241439999999955
11
178.5801259999999786
21
-74.2291179999999997
0
LINE
8
BLACK
6
CONTINUOUS
10
178.5801259999999786
20
-74.2291179999999997
11
178.5798389999999927
21
-74.2309099999999944
0
LINE
8
BLACK
6
CONTINUOUS
10
178.5798389999999927
20
-74.2309099999999944
11
178.5788539999999784
21
-74.2325099999999907
0
LINE
8
BLACK
6
CONTINUOUS
10
178.5788539999999784
20
-74.2325099999999907
11
178.5768290000000036
21
-74.2379099999999994
0
LINE
8
BLACK
6
CONTINUOUS
10
178.5768290000000036
20
-74.2379099999999994
11
178.570210000000003
21
-74.2465559999999982
0
LINE
8
BLACK
6
CONTINUOUS
10
178.570210000000003
20
-74.2465559999999982
11
178.564503000000002
21
-74.2558319999999981
0
LINE
8
BLACK
6
CONTINUOUS
10
178.564503000000002
20
-74.2558319999999981
11
178.5613819999999805
21
-74.2580899999999957
0
LINE
8
BLACK
6
CONTINUOUS
10
178.5613819999999805
20
-74.2580899999999957
11
178.5590420000000051
21
-74.2611479999999915
0
LINE
8
BLACK
6
CONTINUOUS
10
178.5590420000000051
20
-74.2611479999999915
11
178.5496200000000044
21
-74.2666019999999918
0
LINE
8
BLACK
6
CONTINUOUS
10
178.5496200000000044
20
-74.2666019999999918
11
178.5407960000000003
21
-74.2729889999999955
0
LINE
8
BLACK
6
CONTINUOUS
10
178.5407960000000003
20
-74.2729889999999955
11
178.5370479999999986
21
-74.2738810000000029
0
LINE
8
BLACK
6
CONTINUOUS
10
178.5370479999999986
20
-74.2738810000000029
11
178.5337169999999958
21
-74.2758099999999928
0
LINE
8
BLACK
6
CONTINUOUS
10
178.5337169999999958
20
-74.2758099999999928
11
178.522925999999984
21
-74.2772429999999986
0
LINE
8
BLACK
6
CONTINUOUS
10
178.522925999999984
20
-74.2772429999999986
11
178.5123279999999966
21
-74.2797669999999925
0
LINE
8
BLACK
6
CONTINUOUS
10
178.5123279999999966
20
-74.2797669999999925
11
178.5085239999999942
21
-74.2791569999999979
0
LINE
8
BLACK
6
CONTINUOUS
10
178.5085239999999942
20
-74.2791569999999979
11
178.5047089999999912
21
-74.2796639999999968
0
LINE
8
BLACK
6
CONTINUOUS
10
178.5047089999999912
20
-74.2796639999999968
11
178.4941869999999824
21
-74.2768579999999901
0
LINE
8
BLACK
6
CONTINUOUS
10
178.4941869999999824
20
-74.2768579999999901
11
178.4834329999999909
21
-74.2751339999999942
0
LINE
8
BLACK
6
CONTINUOUS
10
178.4834329999999909
20
-74.2751339999999942
11
178.4801530000000014
21
-74.2731160000000017
0
LINE
8
BLACK
6
CONTINUOUS
10
178.4801530000000014
20
-74.2731160000000017
11
178.4764329999999859
21
-74.2721239999999909
0
LINE
8
BLACK
6
CONTINUOUS
10
178.4764329999999859
20
-74.2721239999999909
11
178.4677859999999896
21
-74.2655049999999903
0
LINE
8
BLACK
6
CONTINUOUS
10
178.4677859999999896
20
-74.2655049999999903
11
178.4585109999999872
21
-74.2597980000000035
0
LINE
8
BLACK
6
CONTINUOUS
10
178.4585109999999872
20
-74.2597980000000035
11
178.4562519999999779
21
-74.2566769999999963
0
LINE
8
BLACK
6
CONTINUOUS
10
178.4562519999999779
20
-74.2566769999999963
11
178.4531949999999938
21
-74.2543369999999925
0
LINE
8
BLACK
6
CONTINUOUS
10
178.4531949999999938
20
-74.2543369999999925
11
178.4477399999999818
21
-74.2449149999999918
0
LINE
8
BLACK
6
CONTINUOUS
10
178.4477399999999818
20
-74.2449149999999918
11
178.4413539999999898
21
-74.2360910000000018
0
LINE
8
BLACK
6
CONTINUOUS
10
178.4413539999999898
20
-74.2360910000000018
11
178.4394749999999874
21
-74.230639999999994
0
LINE
8
BLACK
6
CONTINUOUS
10
178.4394749999999874
20
-74.230639999999994
11
178.4385329999999783
21
-74.2290119999999973
0
LINE
8
BLACK
6
CONTINUOUS
10
178.4385329999999783
20
-74.2290119999999973
11
178.4382929999999874
21
-74.2272099999999995
0
LINE
8
BLACK
6
CONTINUOUS
10
178.4382929999999874
20
-74.2272099999999995
11
178.4365640000000042
21
-74.2221909999999951
0
LINE
8
BLACK
6
CONTINUOUS
10
178.4365640000000042
20
-74.2221909999999951
11
178.1984689999999887
21
-73.2221909999999951
0
LINE
8
BLACK
6
CONTINUOUS
10
178.1984689999999887
20
-73.2221909999999951
11
178.1964810000000057
21
-73.2076229999999981
0
LINE
8
BLACK
6
CONTINUOUS
10
178.1964810000000057
20
-73.2076229999999981
11
178.2011139999999898
21
-73.1787279999999924
0
LINE
8
BLACK
6
CONTINUOUS
10
178.2011139999999898
20
-73.1787279999999924
11
178.2164499999999805
21
-73.153806000000003
0
LINE
8
BLACK
6
CONTINUOUS
10
178.2164499999999805
20
-73.153806000000003
11
178.2401569999999822
21
-73.1366489999999914
0
LINE
8
BLACK
6
CONTINUOUS
10
178.2401569999999822
20
-73.1366489999999914
11
178.2686249999999859
21
-73.1298709999999943
0
LINE
8
BLACK
6
CONTINUOUS
10
178.2686249999999859
20
-73.1298709999999943
11
178.2975199999999916
21
-73.1345039999999926
0
LINE
8
BLACK
6
CONTINUOUS
10
178.2975199999999916
20
-73.1345039999999926
11
178.3224419999999952
21
-73.1498399999999975
0
LINE
8
BLACK
6
CONTINUOUS
10
178.3224419999999952
20
-73.1498399999999975
11
178.3395989999999927
21
-73.1735469999999992
0
LINE
8
BLACK
6
CONTINUOUS
10
178.3395989999999927
20
-73.1735469999999992
11
178.3443889999999783
21
-73.1874469999999917
0
LINE
8
BLACK
6
CONTINUOUS
10
178.3443889999999783
20
-73.1874469999999917
11
178.513639999999981
21
-73.8983029999999985
0
LINE
8
BLACK
6
CONTINUOUS
10
178.513639999999981
20
-73.8983029999999985
11
178.6275320000000022
21
-73.4712079999999901
0
LINE
8
BLACK
6
CONTINUOUS
10
178.6275320000000022
20
-73.4712079999999901
11
178.628816999999998
21
-73.4677789999999931
0
LINE
8
BLACK
6
CONTINUOUS
10
178.628816999999998
20
-73.4677789999999931
11
178.6290089999999964
21
-73.4663400000000024
0
LINE
8
BLACK
6
CONTINUOUS
10
178.6290089999999964
20
-73.4663400000000024
11
178.6299980000000005
21
-73.4646299999999997
0
LINE
8
BLACK
6
CONTINUOUS
10
178.6299980000000005
20
-73.4646299999999997
11
178.632694999999984
21
-73.4574410000000029
0
LINE
8
BLACK
6
CONTINUOUS
10
178.632694999999984
20
-73.4574410000000029
11
178.6387119999999982
21
-73.4495799999999974
0
LINE
8
BLACK
6
CONTINUOUS
10
178.6387119999999982
20
-73.4495799999999974
11
178.6436709999999835
21
-73.4410149999999931
0
LINE
8
BLACK
6
CONTINUOUS
10
178.6436709999999835
20
-73.4410149999999931
11
178.6475279999999941
21
-73.4380620000000022
0
LINE
8
BLACK
6
CONTINUOUS
10
178.6475279999999941
20
-73.4380620000000022
11
178.6504819999999825
21
-73.434203999999994
0
LINE
8
BLACK
6
CONTINUOUS
10
178.6504819999999825
20
-73.434203999999994
11
178.6590489999999818
21
-73.4292429999999996
0
LINE
8
BLACK
6
CONTINUOUS
10
178.6590489999999818
20
-73.4292429999999996
11
178.666909000000004
21
-73.4232279999999946
0
LINE
8
BLACK
6
CONTINUOUS
10
178.666909000000004
20
-73.4232279999999946
11
178.6716009999999812
21
-73.4219760000000008
0
LINE
8
BLACK
6
CONTINUOUS
10
178.6716009999999812
20
-73.4219760000000008
11
178.6758069999999918
21
-73.4195419999999928
0
LINE
8
BLACK
6
CONTINUOUS
10
178.6758069999999918
20
-73.4195419999999928
11
178.68562399999999
21
-73.4182369999999906
0
LINE
8
BLACK
6
CONTINUOUS
10
178.68562399999999
20
-73.4182369999999906
11
178.6951849999999808
21
-73.4156880000000029
0
LINE
8
BLACK
6
CONTINUOUS
10
178.6951849999999808
20
-73.4156880000000029
11
178.6999969999999962
21
-73.4163269999999955
0
LINE
8
BLACK
6
CONTINUOUS
10
178.6999969999999962
20
-73.4163269999999955
11
178.7048159999999939
21
-73.4156869999999913
0
LINE
8
BLACK
6
CONTINUOUS
10
178.7048159999999939
20
-73.4156869999999913
11
178.7143859999999904
21
-73.4182389999999998
0
LINE
8
BLACK
6
CONTINUOUS
10
178.7143859999999904
20
-73.4182389999999998
11
178.7241929999999854
21
-73.4195419999999928
0
LINE
8
BLACK
6
CONTINUOUS
10
178.7241929999999854
20
-73.4195419999999928
11
178.7283939999999802
21
-73.4219739999999916
0
LINE
8
BLACK
6
CONTINUOUS
10
178.7283939999999802
20
-73.4219739999999916
11
178.7330910000000017
21
-73.4232269999999971
0
LINE
8
BLACK
6
CONTINUOUS
10
178.7330910000000017
20
-73.4232269999999971
11
178.7409529999999904
21
-73.4292449999999945
0
LINE
8
BLACK
6
CONTINUOUS
10
178.7409529999999904
20
-73.4292449999999945
11
178.7495179999999948
21
-73.434203999999994
0
LINE
8
BLACK
6
CONTINUOUS
10
178.7495179999999948
20
-73.434203999999994
11
178.7524699999999882
21
-73.4380609999999905
0
LINE
8
BLACK
6
CONTINUOUS
10
178.7524699999999882
20
-73.4380609999999905
11
178.7563289999999938
21
-73.4410149999999931
0
LINE
8
BLACK
6
CONTINUOUS
10
178.7563289999999938
20
-73.4410149999999931
11
178.7612900000000025
21
-73.4495829999999899
0
LINE
8
BLACK
6
CONTINUOUS
10
178.7612900000000025
20
-73.4495829999999899
11
178.7673049999999932
21
-73.4574420000000003
0
LINE
8
BLACK
6
CONTINUOUS
10
178.7673049999999932
20
-73.4574420000000003
11
178.7699989999999843
21
-73.4646259999999955
0
LINE
8
BLACK
6
CONTINUOUS
10
178.7699989999999843
20
-73.4646259999999955
11
178.7709909999999809
21
-73.4663389999999907
0
LINE
8
BLACK
6
CONTINUOUS
10
178.7709909999999809
20
-73.4663389999999907
11
178.7711819999999818
21
-73.4677799999999905
0
LINE
8
BLACK
6
CONTINUOUS
10
178.7711819999999818
20
-73.4677799999999905
11
178.7724680000000035
21
-73.4712079999999901
0
LINE
8
BLACK
6
CONTINUOUS
10
178.7724680000000035
20
-73.4712079999999901
11
178.8863589999999988
21
-73.8983029999999985
0
LINE
8
BLACK
6
CONTINUOUS
10
178.8863589999999988
20
-73.8983029999999985
11
179.0556119999999964
21
-73.1874480000000034
0
LINE
8
BLACK
6
CONTINUOUS
10
179.0556119999999964
20
-73.1874480000000034
11
179.0604019999999821
21
-73.1735469999999992
0
LINE
8
BLACK
6
CONTINUOUS
10
179.0604019999999821
20
-73.1735469999999992
11
179.0775589999999795
21
-73.1498399999999975
0
LINE
8
BLACK
6
CONTINUOUS
10
179.0775589999999795
20
-73.1498399999999975
11
179.1024809999999832
21
-73.1345039999999926
0
LINE
8
BLACK
6
CONTINUOUS
10
179.1024809999999832
20
-73.1345039999999926
11
179.1313759999999888
21
-73.1298709999999943
0
LINE
8
BLACK
6
CONTINUOUS
10
179.1313759999999888
20
-73.1298709999999943
11
179.1598439999999925
21
-73.136650000000003
0
LINE
8
BLACK
6
CONTINUOUS
10
181.0729609999999923
20
-72.5945669999999978
11
181.105433000000005
21
-72.6270389999999963
0
LINE
8
BLACK
6
CONTINUOUS
10
181.105433000000005
20
-72.6270389999999963
11
181.105433000000005
21
-72.6729610000000008
0
LINE
8
BLACK
6
CONTINUOUS
10
181.105433000000005
20
-72.6729610000000008
11
181.0729609999999923
21
-72.7054329999999993
0
LINE
8
BLACK
6
CONTINUOUS
10
181.0729609999999923
20
-72.7054329999999993
11
181.0499999999999829
21
-72.7099999999999937
0
LINE
8
BLACK
6
CONTINUOUS
10
181.0499999999999829
20
-72.7099999999999937
11
176.3499999999999943
21
-72.7099999999999937
0
LINE
8
BLACK
6
CONTINUOUS
10
176.3499999999999943
20
-72.7099999999999937
11
176.327038999999985
21
-72.7054329999999993
0
LINE
8
BLACK
6
CONTINUOUS
10
176.327038999999985
20
-72.7054329999999993
11
176.2945670000000007
21
-72.6729610000000008
0
LINE
8
BLACK
6
CONTINUOUS
10
176.2945670000000007
20
-72.6729610000000008
11
176.2945670000000007
21
-72.6270389999999963
0
LINE
8
BLACK
6
CONTINUOUS
10
176.2945670000000007
20
-72.6270389999999963
11
176.327038999999985
21
-72.5945669999999978
0
LINE
8
BLACK
6
CONTINUOUS
10
176.327038999999985
20
-72.5945669999999978
11
176.3499999999999943
21
-72.5900000000000034
0
LINE
8
BLACK
6
CONTINUOUS
10
176.3499999999999943
20
-72.5900000000000034
11
181.0499999999999829
21
-72.5900000000000034
0
LINE
8
BLACK
6
CONTINUOUS
10
181.0499999999999829
20
-72.5900000000000034
11
181.0729609999999923
21
-72.5945669999999978
0
LINE
8
BLACK
6
CONTINUOUS
10
227.6729609999999866
20
-72.5945669999999978
11
227.7054329999999993
21
-72.6270389999999963
0
LINE
8
BLACK
6
CONTINUOUS
10
227.7054329999999993
20
-72.6270389999999963
11
227.7054329999999993
21
-72.6729610000000008
0
LINE
8
BLACK
6
CONTINUOUS
10
227.7054329999999993
20
-72.6729610000000008
11
227.6729609999999866
21
-72.7054329999999993
0
LINE
8
BLACK
6
CONTINUOUS
10
227.6729609999999866
20
-72.7054329999999993
11
227.6499999999999773
21
-72.7099999999999937
0
LINE
8
BLACK
6
CONTINUOUS
10
227.6499999999999773
20
-72.7099999999999937
11
222.9499999999999886
21
-72.7099999999999937
0
LINE
8
BLACK
6
CONTINUOUS
10
222.9499999999999886
20
-72.7099999999999937
11
222.9270389999999793
21
-72.7054329999999993
0
LINE
8
BLACK
6
CONTINUOUS
10
222.9270389999999793
20
-72.7054329999999993
11
222.894566999999995
21
-72.6729610000000008
0
LINE
8
BLACK
6
CONTINUOUS
10
222.894566999999995
20
-72.6729610000000008
11
222.894566999999995
21
-72.6270389999999963
0
LINE
8
BLACK
6
CONTINUOUS
10
222.894566999999995
20
-72.6270389999999963
11
222.9270389999999793
21
-72.5945669999999978
0
LINE
8
BLACK
6
CONTINUOUS
10
222.9270389999999793
20
-72.5945669999999978
11
222.9499999999999886
21
-72.5900000000000034
0
LINE
8
BLACK
6
CONTINUOUS
10
222.9499999999999886
20
-72.5900000000000034
11
227.6499999999999773
21
-72.5900000000000034
0
LINE
8
BLACK
6
CONTINUOUS
10
227.6499999999999773
20
-72.5900000000000034
11
227.6729609999999866
21
-72.5945669999999978
0
LINE
8
BLACK
6
CONTINUOUS
10
176.3054329999999936
20
-70.5020389999999963
11
176.3100000000000023
21
-70.5249999999999915
0
LINE
8
BLACK
6
CONTINUOUS
10
176.3100000000000023
20
-70.5249999999999915
11
176.3100000000000023
21
-71.0750000000000028
0
LINE
8
BLACK
6
CONTINUOUS
10
176.3100000000000023
20
-71.0750000000000028
11
176.3054329999999936
21
-71.097960999999998
0
LINE
8
BLACK
6
CONTINUOUS
10
176.3054329999999936
20
-71.097960999999998
11
176.2729609999999809
21
-71.1304329999999965
0
LINE
8
BLACK
6
CONTINUOUS
10
176.2729609999999809
20
-71.1304329999999965
11
176.2270389999999907
21
-71.1304329999999965
0
LINE
8
BLACK
6
CONTINUOUS
10
176.2270389999999907
20
-71.1304329999999965
11
176.194566999999978
21
-71.097960999999998
0
LINE
8
BLACK
6
CONTINUOUS
10
176.194566999999978
20
-71.097960999999998
11
176.1899999999999977
21
-71.0750000000000028
0
LINE
8
BLACK
6
CONTINUOUS
10
176.1899999999999977
20
-71.0750000000000028
11
176.1899999999999977
21
-70.5249999999999915
0
LINE
8
BLACK
6
CONTINUOUS
10
176.1899999999999977
20
-70.5249999999999915
11
176.194566999999978
21
-70.5020389999999963
0
LINE
8
BLACK
6
CONTINUOUS
10
176.194566999999978
20
-70.5020389999999963
11
176.2270389999999907
21
-70.4695669999999978
0
LINE
8
BLACK
6
CONTINUOUS
10
176.2270389999999907
20
-70.4695669999999978
11
176.2729609999999809
21
-70.4695669999999978
0
LINE
8
BLACK
6
CONTINUOUS
10
176.2729609999999809
20
-70.4695669999999978
11
176.3054329999999936
21
-70.5020389999999963
0
LINE
8
BLACK
6
CONTINUOUS
10
181.2054329999999993
20
-70.5020389999999963
11
181.2099999999999795
21
-70.5249999999999915
0
LINE
8
BLACK
6
CONTINUOUS
10
181.2099999999999795
20
-70.5249999999999915
11
181.2099999999999795
21
-71.0750000000000028
0
LINE
8
BLACK
6
CONTINUOUS
10
181.2099999999999795
20
-71.0750000000000028
11
181.2054329999999993
21
-71.097960999999998
0
LINE
8
BLACK
6
CONTINUOUS
10
181.2054329999999993
20
-71.097960999999998
11
181.1729609999999866
21
-71.1304329999999965
0
LINE
8
BLACK
6
CONTINUOUS
10
181.1729609999999866
20
-71.1304329999999965
11
181.1270389999999963
21
-71.1304329999999965
0
LINE
8
BLACK
6
CONTINUOUS
10
181.1270389999999963
20
-71.1304329999999965
11
181.0945669999999836
21
-71.097960999999998
0
LINE
8
BLACK
6
CONTINUOUS
10
181.0945669999999836
20
-71.097960999999998
11
181.0900000000000034
21
-71.0750000000000028
0
LINE
8
BLACK
6
CONTINUOUS
10
181.0900000000000034
20
-71.0750000000000028
11
181.0900000000000034
21
-70.5249999999999915
0
LINE
8
BLACK
6
CONTINUOUS
10
181.0900000000000034
20
-70.5249999999999915
11
181.0945669999999836
21
-70.5020389999999963
0
LINE
8
BLACK
6
CONTINUOUS
10
181.0945669999999836
20
-70.5020389999999963
11
181.1270389999999963
21
-70.4695669999999978
0
LINE
8
BLACK
6
CONTINUOUS
10
181.1270389999999963
20
-70.4695669999999978
11
181.1729609999999866
21
-70.4695669999999978
0
LINE
8
BLACK
6
CONTINUOUS
10
181.1729609999999866
20
-70.4695669999999978
11
181.2054329999999993
21
-70.5020389999999963
0
LINE
8
BLACK
6
CONTINUOUS
10
222.9054329999999879
20
-70.5020389999999963
11
222.9099999999999966
21
-70.5249999999999915
0
LINE
8
BLACK
6
CONTINUOUS
10
222.9099999999999966
20
-70.5249999999999915
11
222.9099999999999966
21
-71.0750000000000028
0
LINE
8
BLACK
6
CONTINUOUS
10
222.9099999999999966
20
-71.0750000000000028
11
222.9054329999999879
21
-71.097960999999998
0
LINE
8
BLACK
6
CONTINUOUS
10
222.9054329999999879
20
-71.097960999999998
11
222.8729610000000037
21
-71.1304329999999965
0
LINE
8
BLACK
6
CONTINUOUS
10
222.8729610000000037
20
-71.1304329999999965
11
222.827038999999985
21
-71.1304329999999965
0
LINE
8
BLACK
6
CONTINUOUS
10
222.827038999999985
20
-71.1304329999999965
11
222.7945670000000007
21
-71.097960999999998
0
LINE
8
BLACK
6
CONTINUOUS
10
222.7945670000000007
20
-71.097960999999998
11
222.789999999999992
21
-71.0750000000000028
0
LINE
8
BLACK
6
CONTINUOUS
10
222.789999999999992
20
-71.0750000000000028
11
222.789999999999992
21
-70.5249999999999915
0
LINE
8
BLACK
6
CONTINUOUS
10
222.789999999999992
20
-70.5249999999999915
11
222.7945670000000007
21
-70.5020389999999963
0
LINE
8
BLACK
6
CONTINUOUS
10
222.7945670000000007
20
-70.5020389999999963
11
222.827038999999985
21
-70.4695669999999978
0
LINE
8
BLACK
6
CONTINUOUS
10
222.827038999999985
20
-70.4695669999999978
11
222.8729610000000037
21
-70.4695669999999978
0
LINE
8
BLACK
6
CONTINUOUS
10
222.8729610000000037
20
-70.4695669999999978
11
222.9054329999999879
21
-70.5020389999999963
0
LINE
8
BLACK
6
CONTINUOUS
10
227.8054329999999936
20
-70.5020389999999963
11
227.8100000000000023
21
-70.5249999999999915
0
LINE
8
BLACK
6
CONTINUOUS
10
227.8100000000000023
20
-70.5249999999999915
11
227.8100000000000023
21
-71.0750000000000028
0
LINE
8
BLACK
6
CONTINUOUS
10
227.8100000000000023
20
-71.0750000000000028
11
227.8054329999999936
21
-71.097960999999998
0
LINE
8
BLACK
6
CONTINUOUS
10
227.8054329999999936
20
-71.097960999999998
11
227.7729609999999809
21
-71.1304329999999965
0
LINE
8
BLACK
6
CONTINUOUS
10
227.7729609999999809
20
-71.1304329999999965
11
227.7270389999999907
21
-71.1304329999999965
0
LINE
8
BLACK
6
CONTINUOUS
10
227.7270389999999907
20
-71.1304329999999965
11
227.694566999999978
21
-71.097960999999998
0
LINE
8
BLACK
6
CONTINUOUS
10
227.694566999999978
20
-71.097960999999998
11
227.6899999999999977
21
-71.0750000000000028
0
LINE
8
BLACK
6
CONTINUOUS
10
227.6899999999999977
20
-71.0750000000000028
11
227.6899999999999977
21
-70.5249999999999915
0
LINE
8
BLACK
6
CONTINUOUS
10
227.6899999999999977
20
-70.5249999999999915
11
227.694566999999978
21
-70.5020389999999963
0
LINE
8
BLACK
6
CONTINUOUS
10
227.694566999999978
20
-70.5020389999999963
11
227.7270389999999907
21
-70.4695669999999978
0
LINE
8
BLACK
6
CONTINUOUS
10
227.7270389999999907
20
-70.4695669999999978
11
227.7729609999999809
21
-70.4695669999999978
0
LINE
8
BLACK
6
CONTINUOUS
10
227.7729609999999809
20
-70.4695669999999978
11
227.8054329999999936
21
-70.5020389999999963
0
LINE
8
BLACK
6
CONTINUOUS
10
177.2979609999999866
20
-68.894566999999995
11
177.3304329999999993
21
-68.9270389999999935
0
LINE
8
BLACK
6
CONTINUOUS
10
177.3304329999999993
20
-68.9270389999999935
11
177.3304329999999993
21
-68.972960999999998
0
LINE
8
BLACK
6
CONTINUOUS
10
177.3304329999999993
20
-68.972960999999998
11
177.2979609999999866
21
-69.0054329999999965
0
LINE
8
BLACK
6
CONTINUOUS
10
177.2979609999999866
20
-69.0054329999999965
11
177.2750000000000057
21
-69.0099999999999909
0
LINE
8
BLACK
6
CONTINUOUS
10
177.2750000000000057
20
-69.0099999999999909
11
176.3499999999999943
21
-69.0099999999999909
0
LINE
8
BLACK
6
CONTINUOUS
10
176.3499999999999943
20
-69.0099999999999909
11
176.327038999999985
21
-69.0054329999999965
0
LINE
8
BLACK
6
CONTINUOUS
10
176.327038999999985
20
-69.0054329999999965
11
176.2945670000000007
21
-68.972960999999998
0
LINE
8
BLACK
6
CONTINUOUS
10
176.2945670000000007
20
-68.972960999999998
11
176.2945670000000007
21
-68.9270389999999935
0
LINE
8
BLACK
6
CONTINUOUS
10
176.2945670000000007
20
-68.9270389999999935
11
176.327038999999985
21
-68.894566999999995
0
LINE
8
BLACK
6
CONTINUOUS
10
176.327038999999985
20
-68.894566999999995
11
176.3499999999999943
21
-68.8900000000000006
0
LINE
8
BLACK
6
CONTINUOUS
10
176.3499999999999943
20
-68.8900000000000006
11
177.2750000000000057
21
-68.8900000000000006
0
LINE
8
BLACK
6
CONTINUOUS
10
177.2750000000000057
20
-68.8900000000000006
11
177.2979609999999866
21
-68.894566999999995
0
LINE
8
BLACK
6
CONTINUOUS
10
181.0729609999999923
20
-68.894566999999995
11
181.105433000000005
21
-68.9270389999999935
0
LINE
8
BLACK
6
CONTINUOUS
10
181.105433000000005
20
-68.9270389999999935
11
181.105433000000005
21
-68.972960999999998
0
LINE
8
BLACK
6
CONTINUOUS
10
181.105433000000005
20
-68.972960999999998
11
181.0729609999999923
21
-69.0054329999999965
0
LINE
8
BLACK
6
CONTINUOUS
10
181.0729609999999923
20
-69.0054329999999965
11
181.0499999999999829
21
-69.0099999999999909
0
LINE
8
BLACK
6
CONTINUOUS
10
181.0499999999999829
20
-69.0099999999999909
11
180.125
21
-69.0099999999999909
0
LINE
8
BLACK
6
CONTINUOUS
10
180.125
20
-69.0099999999999909
11
180.1020389999999907
21
-69.0054329999999965
0
LINE
8
BLACK
6
CONTINUOUS
10
180.1020389999999907
20
-69.0054329999999965
11
180.069566999999978
21
-68.972960999999998
0
LINE
8
BLACK
6
CONTINUOUS
10
180.069566999999978
20
-68.972960999999998
11
180.069566999999978
21
-68.9270389999999935
0
LINE
8
BLACK
6
CONTINUOUS
10
180.069566999999978
20
-68.9270389999999935
11
180.1020389999999907
21
-68.894566999999995
0
LINE
8
BLACK
6
CONTINUOUS
10
180.1020389999999907
20
-68.894566999999995
11
180.125
21
-68.8900000000000006
0
LINE
8
BLACK
6
CONTINUOUS
10
180.125
20
-68.8900000000000006
11
181.0499999999999829
21
-68.8900000000000006
0
LINE
8
BLACK
6
CONTINUOUS
10
181.0499999999999829
20
-68.8900000000000006
11
181.0729609999999923
21
-68.894566999999995
0
LINE
8
BLACK
6
CONTINUOUS
10
192.2979609999999866
20
-68.894566999999995
11
192.3304329999999993
21
-68.9270389999999935
0
LINE
8
BLACK
6
CONTINUOUS
10
192.3304329999999993
20
-68.9270389999999935
11
192.3304329999999993
21
-68.972960999999998
0
LINE
8
BLACK
6
CONTINUOUS
10
192.3304329999999993
20
-68.972960999999998
11
192.2979609999999866
21
-69.0054329999999965
0
LINE
8
BLACK
6
CONTINUOUS
10
192.2979609999999866
20
-69.0054329999999965
11
192.2749999999999773
21
-69.0099999999999909
0
LINE
8
BLACK
6
CONTINUOUS
10
192.2749999999999773
20
-69.0099999999999909
11
191.3499999999999943
21
-69.0099999999999909
0
LINE
8
BLACK
6
CONTINUOUS
10
191.3499999999999943
20
-69.0099999999999909
11
191.327038999999985
21
-69.0054329999999965
0
LINE
8
BLACK
6
CONTINUOUS
10
191.327038999999985
20
-69.0054329999999965
11
191.2945670000000007
21
-68.972960999999998
0
LINE
8
BLACK
6
CONTINUOUS
10
191.2945670000000007
20
-68.972960999999998
11
191.2945670000000007
21
-68.9270389999999935
0
LINE
8
BLACK
6
CONTINUOUS
10
191.2945670000000007
20
-68.9270389999999935
11
191.327038999999985
21
-68.894566999999995
0
LINE
8
BLACK
6
CONTINUOUS
10
191.327038999999985
20
-68.894566999999995
11
191.3499999999999943
21
-68.8900000000000006
0
LINE
8
BLACK
6
CONTINUOUS
10
191.3499999999999943
20
-68.8900000000000006
11
192.2749999999999773
21
-68.8900000000000006
0
LINE
8
BLACK
6
CONTINUOUS
10
192.2749999999999773
20
-68.8900000000000006
11
192.2979609999999866
21
-68.894566999999995
0
LINE
8
BLACK
6
CONTINUOUS
10
196.0729609999999923
20
-68.894566999999995
11
196.105433000000005
21
-68.9270389999999935
0
LINE
8
BLACK
6
CONTINUOUS
10
196.105433000000005
20
-68.9270389999999935
11
196.105433000000005
21
-68.972960999999998
0
LINE
8
BLACK
6
CONTINUOUS
10
196.105433000000005
20
-68.972960999999998
11
196.0729609999999923
21
-69.0054329999999965
0
LINE
8
BLACK
6
CONTINUOUS
10
196.0729609999999923
20
-69.0054329999999965
11
196.0499999999999829
21
-69.0099999999999909
0
LINE
8
BLACK
6
CONTINUOUS
10
196.0499999999999829
20
-69.0099999999999909
11
195.125
21
-69.0099999999999909
0
LINE
8
BLACK
6
CONTINUOUS
10
195.125
20
-69.0099999999999909
11
195.1020389999999907
21
-69.0054329999999965
0
LINE
8
BLACK
6
CONTINUOUS
10
195.1020389999999907
20
-69.0054329999999965
11
195.069566999999978
21
-68.972960999999998
0
LINE
8
BLACK
6
CONTINUOUS
10
195.069566999999978
20
-68.972960999999998
11
195.069566999999978
21
-68.9270389999999935
0
LINE
8
BLACK
6
CONTINUOUS
10
195.069566999999978
20
-68.9270389999999935
11
195.1020389999999907
21
-68.894566999999995
0
LINE
8
BLACK
6
CONTINUOUS
10
195.1020389999999907
20
-68.894566999999995
11
195.125
21
-68.8900000000000006
0
LINE
8
BLACK
6
CONTINUOUS
10
195.125
20
-68.8900000000000006
11
196.0499999999999829
21
-68.8900000000000006
0
LINE
8
BLACK
6
CONTINUOUS
10
196.0499999999999829
20
-68.8900000000000006
11
196.0729609999999923
21
-68.894566999999995
0
LINE
8
BLACK
6
CONTINUOUS
10
208.847960999999998
20
-68.894566999999995
11
208.8804329999999823
21
-68.9270389999999935
0
LINE
8
BLACK
6
CONTINUOUS
10
208.8804329999999823
20
-68.9270389999999935
11
208.8804329999999823
21
-68.972960999999998
0
LINE
8
BLACK
6
CONTINUOUS
10
208.8804329999999823
20
-68.972960999999998
11
208.847960999999998
21
-69.0054329999999965
0
LINE
8
BLACK
6
CONTINUOUS
10
208.847960999999998
20
-69.0054329999999965
11
208.8249999999999886
21
-69.0099999999999909
0
LINE
8
BLACK
6
CONTINUOUS
10
208.8249999999999886
20
-69.0099999999999909
11
207.8999999999999773
21
-69.0099999999999909
0
LINE
8
BLACK
6
CONTINUOUS
10
207.8999999999999773
20
-69.0099999999999909
11
207.8770389999999963
21
-69.0054329999999965
0
LINE
8
BLACK
6
CONTINUOUS
10
207.8770389999999963
20
-69.0054329999999965
11
207.8445669999999836
21
-68.972960999999998
0
LINE
8
BLACK
6
CONTINUOUS
10
207.8445669999999836
20
-68.972960999999998
11
207.8445669999999836
21
-68.9270389999999935
0
LINE
8
BLACK
6
CONTINUOUS
10
207.8445669999999836
20
-68.9270389999999935
11
207.8770389999999963
21
-68.894566999999995
0
LINE
8
BLACK
6
CONTINUOUS
10
207.8770389999999963
20
-68.894566999999995
11
207.8999999999999773
21
-68.8900000000000006
0
LINE
8
BLACK
6
CONTINUOUS
10
207.8999999999999773
20
-68.8900000000000006
11
208.8249999999999886
21
-68.8900000000000006
0
LINE
8
BLACK
6
CONTINUOUS
10
208.8249999999999886
20
-68.8900000000000006
11
208.847960999999998
21
-68.894566999999995
0
LINE
8
BLACK
6
CONTINUOUS
10
212.6229610000000037
20
-68.894566999999995
11
212.6554329999999879
21
-68.9270389999999935
0
LINE
8
BLACK
6
CONTINUOUS
10
212.6554329999999879
20
-68.9270389999999935
11
212.6554329999999879
21
-68.972960999999998
0
LINE
8
BLACK
6
CONTINUOUS
10
212.6554329999999879
20
-68.972960999999998
11
212.6229610000000037
21
-69.0054329999999965
0
LINE
8
BLACK
6
CONTINUOUS
10
212.6229610000000037
20
-69.0054329999999965
11
212.5999999999999943
21
-69.0099999999999909
0
LINE
8
BLACK
6
CONTINUOUS
10
212.5999999999999943
20
-69.0099999999999909
11
211.6749999999999829
21
-69.0099999999999909
0
LINE
8
BLACK
6
CONTINUOUS
10
211.6749999999999829
20
-69.0099999999999909
11
211.652039000000002
21
-69.0054329999999965
0
LINE
8
BLACK
6
CONTINUOUS
10
211.652039000000002
20
-69.0054329999999965
11
211.6195669999999893
21
-68.972960999999998
0
LINE
8
BLACK
6
CONTINUOUS
10
211.6195669999999893
20
-68.972960999999998
11
211.6195669999999893
21
-68.9270389999999935
0
LINE
8
BLACK
6
CONTINUOUS
10
211.6195669999999893
20
-68.9270389999999935
11
211.652039000000002
21
-68.894566999999995
0
LINE
8
BLACK
6
CONTINUOUS
10
211.652039000000002
20
-68.894566999999995
11
211.6749999999999829
21
-68.8900000000000006
0
LINE
8
BLACK
6
CONTINUOUS
10
211.6749999999999829
20
-68.8900000000000006
11
212.5999999999999943
21
-68.8900000000000006
0
LINE
8
BLACK
6
CONTINUOUS
10
212.5999999999999943
20
-68.8900000000000006
11
212.6229610000000037
21
-68.894566999999995
0
LINE
8
BLACK
6
CONTINUOUS
10
223.8979609999999809
20
-68.894566999999995
11
223.9304329999999936
21
-68.9270389999999935
0
LINE
8
BLACK
6
CONTINUOUS
10
223.9304329999999936
20
-68.9270389999999935
11
223.9304329999999936
21
-68.972960999999998
0
LINE
8
BLACK
6
CONTINUOUS
10
223.9304329999999936
20
-68.972960999999998
11
223.8979609999999809
21
-69.0054329999999965
0
LINE
8
BLACK
6
CONTINUOUS
10
223.8979609999999809
20
-69.0054329999999965
11
223.875
21
-69.0099999999999909
0
LINE
8
BLACK
6
CONTINUOUS
10
223.875
20
-69.0099999999999909
11
222.9499999999999886
21
-69.0099999999999909
0
LINE
8
BLACK
6
CONTINUOUS
10
222.9499999999999886
20
-69.0099999999999909
11
222.9270389999999793
21
-69.0054329999999965
0
LINE
8
BLACK
6
CONTINUOUS
10
222.9270389999999793
20
-69.0054329999999965
11
222.894566999999995
21
-68.972960999999998
0
LINE
8
BLACK
6
CONTINUOUS
10
222.894566999999995
20
-68.972960999999998
11
222.894566999999995
21
-68.9270389999999935
0
LINE
8
BLACK
6
CONTINUOUS
10
222.894566999999995
20
-68.9270389999999935
11
222.9270389999999793
21
-68.894566999999995
0
LINE
8
BLACK
6
CONTINUOUS
10
222.9270389999999793
20
-68.894566999999995
11
222.9499999999999886
21
-68.8900000000000006
0
LINE
8
BLACK
6
CONTINUOUS
10
222.9499999999999886
20
-68.8900000000000006
11
223.875
21
-68.8900000000000006
0
LINE
8
BLACK
6
CONTINUOUS
10
223.875
20
-68.8900000000000006
11
223.8979609999999809
21
-68.894566999999995
0
LINE
8
BLACK
6
CONTINUOUS
10
227.6729609999999866
20
-68.894566999999995
11
227.7054329999999993
21
-68.9270389999999935
0
LINE
8
BLACK
6
CONTINUOUS
10
227.7054329999999993
20
-68.9270389999999935
11
227.7054329999999993
21
-68.972960999999998
0
LINE
8
BLACK
6
CONTINUOUS
10
227.7054329999999993
20
-68.972960999999998
11
227.6729609999999866
21
-69.0054329999999965
0
LINE
8
BLACK
6
CONTINUOUS
10
227.6729609999999866
20
-69.0054329999999965
11
227.6499999999999773
21
-69.0099999999999909
0
LINE
8
BLACK
6
CONTINUOUS
10
227.6499999999999773
20
-69.0099999999999909
11
226.7249999999999943
21
-69.0099999999999909
0
LINE
8
BLACK
6
CONTINUOUS
10
226.7249999999999943
20
-69.0099999999999909
11
226.702038999999985
21
-69.0054329999999965
0
LINE
8
BLACK
6
CONTINUOUS
10
226.702038999999985
20
-69.0054329999999965
11
226.6695670000000007
21
-68.972960999999998
0
LINE
8
BLACK
6
CONTINUOUS
10
226.6695670000000007
20
-68.972960999999998
11
226.6695670000000007
21
-68.9270389999999935
0
LINE
8
BLACK
6
CONTINUOUS
10
226.6695670000000007
20
-68.9270389999999935
11
226.702038999999985
21
-68.894566999999995
0
LINE
8
BLACK
6
CONTINUOUS
10
226.702038999999985
20
-68.894566999999995
11
226.7249999999999943
21
-68.8900000000000006
0
LINE
8
BLACK
6
CONTINUOUS
10
226.7249999999999943
20
-68.8900000000000006
11
227.6499999999999773
21
-68.8900000000000006
0
LINE
8
BLACK
6
CONTINUOUS
10
227.6499999999999773
20
-68.8900000000000006
11
227.6729609999999866
21
-68.894566999999995
  0
ENDSEC
  0
EOF
